,4298.05,4413.08,4446.01,4446.05,4614.04,4659.02,4692.01,4846.01,4953.04,4993.13,4993.15,5001.08,5024.10,5073.08,5105.01,5114.06,5134.09,5137.10,5137.11,5175.08,5184.08,5207.01,5216.04,5238.05,5247.10,5256.06,5262.09,5288.12,5297.02,5303.08,5348.10,5359.11,5359.13,5368.03,5382.06,5391.06,5430.08,5430.10,5445.07,5450.04,5453.01,5470.10,5470.12,5492.05,5509.02,5539.06,5539.08,5561.04,5561.06,5569.06,5578.02,5610.09,5616.01,5653.12,5679.05,5679.08,5687.04,5696.03,5730.08,5788.12,5847.01,5922.04,6022.04,6030.04,6039.06,6072.11,6072.16,6115.06,6115.09,6157.04,6190.03,6206.08,6215.04,6233.04,6306.01,6306.06,6364.07,6364.10,6389.09,6432.08,6432.09,6450.05,6459.04,6459.07,6492.08,6498.10,6526.01,6535.04,6541.03,6551.02,6578.01,6593.15,6611.02,6611.07,6617.09,6626.01,6650.07,6659.09,6691.11,6726.01,6740.01,6740.10,6756.05,6765.01,6779.05,6786.02,6816.07,6830.04,6854.05,6948.10,6955.05,7023.04,7175.05,7188.13,8057.02,8358.03,HB101,HB103,HB105,HB106,HB201,HB202,HB203,HB301,HB302,HB303,HB304,HB305,HB401,HB402,HB407,HB408,HB409,HB410,HB501,HB502,HB503,HB505,HB506,HB601,HB602,HB603,HB608,HB609,HB610,HB611,HB612,JC002,JC003,JC006,JC008,JC009,JC013,JC014,JC018,JC019,JC020,JC022,JC023,JC024,JC027,JC032,JC034,JC035,JC038,JC051,JC052,JC053,JC055,JC057,JC059,JC063,JC065,JC066,JC072,JC074,JC075,JC076,JC077,JC078,JC080,JC081,JC082,JC084,JC093,JC094,JC095,JC097,JC098,JC099,JC102,JC103,JC105,JC107,JC108,JC109,JC110,JC115,JC116,JC117,JC118,JC119,JC120,JC121,JC122,JC123,JC124,JC127,JC130,JC131,JC132,JC133,JC134,JC135,JC137,JC138,JC139,JC140,JC142,JC143,JC144,JC145,JC148,JC149
4298.05,0.0,0.3882,0.477,0.6134,1.1279,1.7828,2.3317,2.5987,2.5624,2.5893,2.7265,3.2205,2.8145,3.3063,3.2503,3.4749,3.7503,3.3406,3.1742,3.4174,3.6605,3.4526,3.6311,3.3841,3.6659,3.8994,3.4321,3.8632,4.1097,3.498,4.3871,3.9921,3.9407,4.3052,3.9995,4.131,4.1827,4.2243,4.2468,5.3092,4.2474,4.5012,4.3894,4.371,4.62,4.4998,4.6555,4.4793,4.6355,4.728,4.7808,4.7047,4.8813,4.9264,4.9176,4.8109,4.9822,5.2102,5.2699,5.4957,5.6825,5.9049,6.0435,6.1312,6.3974,6.4967,6.3595,6.4351,6.7619,6.6906,6.7983,6.8955,6.7888,7.2236,7.0522,7.1808,7.3604,7.4321,7.5239,7.743,7.7779,7.5257,7.568,7.7975,7.7509,8.0526,7.7667,8.0583,8.1708,8.0907,8.155,8.2803,8.2034,8.2301,8.5919,8.3629,8.654,8.5555,8.7679,8.6181,8.7917,8.7114,8.8006,8.7064,8.9976,8.7456,9.0091,9.2244,8.9786,9.3946,9.4982,9.7501,10.5363,10.9357,17.3942,19.1398,6.6747,6.682,6.8407,6.7019,7.9628,8.2198,8.446,7.4854,7.6724,7.7298,8.0066,8.1705,7.3217,7.3288,7.3218,7.6632,7.0423,7.8034,7.9744,7.9884,8.2759,8.2832,8.551,7.4139,7.277,7.6086,7.1003,6.7456,8.3815,7.0547,6.7839,4.8623,5.7645,5.6883,6.061,6.5736,5.4689,5.5129,8.0462,7.6321,7.5072,7.8714,6.6726,8.28,6.4578,6.2037,7.5208,6.0654,4.9347,8.5763,6.1401,8.5499,7.8504,8.0596,8.3307,7.8781,8.7037,5.9978,5.0374,6.3234,6.6776,6.4379,7.725,6.7854,8.8455,6.7984,6.0088,7.1094,8.1705,8.2298,7.9073,5.5916,5.8211,6.3423,5.1907,8.1234,7.373,7.9472,8.3117,8.042,5.9779,5.8454,5.0868,6.4376,6.6405,7.1756,7.3488,7.7774,8.0939,7.4542,8.7741,7.4799,8.7957,9.0247,7.8977,7.4674,8.3866,9.1621,8.5292,8.1935,8.0527,7.4138,8.3677,8.0634,8.7844,8.949,5.5294,5.4842
4413.08,0.3882,0.0,0.2731,0.5264,0.7831,1.6105,2.1666,2.2719,2.1972,2.2297,2.3634,2.8909,2.4391,2.953,2.8847,3.1353,3.472,2.9591,2.7967,3.0451,3.3032,3.0688,3.2579,2.9959,3.2825,3.5351,3.07,3.4897,3.7487,3.1204,4.1058,3.6071,3.5571,3.9385,3.6128,3.7433,3.7983,3.8383,3.8752,5.0453,3.8651,4.1199,4.0091,3.9837,4.2388,4.1154,4.2691,4.0937,4.2493,4.3398,4.3976,4.3175,4.5284,4.5407,4.5309,4.4252,4.5942,4.827,4.8841,5.1165,5.2952,5.5173,5.6601,5.7435,6.0098,6.1087,5.9714,6.047,6.374,6.3029,6.4101,6.5218,6.4061,6.8356,6.664,6.7927,6.98,7.0521,7.1566,7.3742,7.4092,7.1407,7.1802,7.4097,7.3649,7.6939,7.3829,7.671,7.8092,7.7182,7.7673,7.9047,7.817,7.8431,8.2303,7.9922,8.2993,8.188,8.4102,8.2315,8.4183,8.3375,8.4147,8.3187,8.6211,8.3634,8.6304,8.8681,8.5969,9.0185,9.1144,9.3689,10.1612,10.5785,17.0539,18.7805,6.3109,6.3133,6.4764,6.3353,7.582,7.8384,8.0658,7.1219,7.3062,7.3612,7.643,7.8061,6.9742,6.9756,6.9636,7.3124,6.6852,7.447,7.6027,7.6105,7.9068,7.9073,8.175,7.0462,6.9026,7.2338,6.7371,6.3783,8.0084,6.6824,6.42,4.5551,5.4713,5.369,5.7104,6.2507,5.1859,5.2048,7.735,7.3266,7.2366,7.5423,6.3729,7.941,6.1439,5.9029,7.1937,5.7788,4.642,8.3574,5.9035,8.3004,7.5805,7.7064,7.968,7.6816,8.3987,5.6534,4.7523,6.016,6.3695,6.1451,7.4829,6.5525,8.5098,6.4927,5.6996,6.8793,7.9069,7.9589,7.6551,5.299,5.487,6.0596,4.8913,7.8205,7.0388,7.762,8.1452,7.7494,5.7084,5.5441,4.7735,6.1969,6.4167,6.9689,7.1306,7.5511,7.8778,7.2608,8.574,7.3126,8.6318,8.8472,7.7611,7.3303,8.2453,9.0159,8.4038,8.0753,7.9546,7.3151,8.1848,7.8908,8.6524,8.7196,5.2092,5.1673
4446.01,0.477,0.2731,0.0,0.2585,0.9586,1.3565,1.9122,2.4375,2.3085,2.3512,2.4774,3.0492,2.5247,3.0801,2.9903,3.2806,3.2776,3.0218,2.8741,3.1353,3.4221,3.1207,3.3449,3.0027,3.3356,3.6405,2.9738,3.5751,3.8594,3.0619,3.9139,3.6512,3.6087,4.0374,3.595,3.765,3.8449,3.8752,3.7987,4.8413,3.8218,4.179,4.0724,3.9712,4.298,4.1612,4.3024,4.0666,4.2263,4.3484,4.4481,4.3429,4.4145,4.5779,4.5116,4.3986,4.6066,4.8773,4.9202,5.0602,5.3187,5.5375,5.6193,5.7328,6.0294,6.1028,5.9799,6.0552,6.3877,6.3204,6.4097,6.4484,6.3618,6.8481,6.6671,6.7928,6.9263,6.9971,7.0679,7.2888,7.3235,7.107,7.1692,7.3995,7.3375,7.5885,7.3431,7.6545,7.7091,7.6413,7.755,7.8357,7.7921,7.8235,8.13,7.9107,8.1871,8.0994,8.3029,8.2083,8.3434,8.2639,8.3861,8.3063,8.5545,8.316,8.5703,8.7585,8.5474,8.9506,9.0737,9.3172,10.0902,10.4702,16.9204,18.675,6.4112,6.4039,6.5754,6.43,7.6381,7.8923,8.1235,7.222,7.4006,7.4507,7.7423,7.9037,7.1005,7.0935,7.0734,7.4336,6.7971,7.5592,7.6852,7.676,7.9948,7.9785,8.2461,7.138,6.9788,7.3086,6.8383,6.4715,8.0869,6.7642,6.5201,4.7302,5.6564,5.531,5.8339,6.4077,5.3792,5.3778,7.9021,7.4993,7.4364,7.6913,6.5517,8.0777,6.31,6.0812,7.3452,5.9686,4.8291,8.5857,6.1246,8.5127,7.7804,7.8237,8.069,7.9199,8.5711,5.7858,4.9449,6.1885,6.5408,6.3297,7.6999,6.775,8.6502,6.6661,5.8708,7.103,8.1107,8.1579,7.8661,5.485,5.6327,6.2521,5.0723,7.9951,7.1823,8.0044,8.3939,7.9327,5.9105,5.7226,4.9424,6.4156,6.6438,7.2033,7.3599,7.7762,8.1076,7.5004,8.8103,7.5615,8.8812,9.092,8.0184,7.5877,8.5013,9.2704,8.6637,8.3368,8.22,7.5806,8.4279,8.1377,8.9107,8.9424,5.3704,5.3319
4446.05,0.6134,0.5264,0.2585,0.0,1.1942,1.1695,1.7188,2.656,2.4931,2.5423,2.6626,3.2612,2.6895,3.2714,3.1671,3.4835,3.1662,3.1663,3.0307,3.3001,3.6065,3.2562,3.5065,3.1015,3.4709,3.8146,2.9759,3.7345,4.0368,3.1007,3.8031,3.7777,3.7415,4.2057,3.6687,3.8725,3.9729,3.9949,3.8159,4.7129,3.8709,4.3159,4.213,4.0479,4.4347,4.2873,4.4177,4.1297,4.2925,4.4425,4.5772,4.4514,4.391,4.6957,4.5804,4.4609,4.7032,5.0051,5.0362,5.0926,5.4231,5.6387,5.6651,5.8063,6.1291,6.18,6.0702,6.145,6.4817,6.4178,6.4912,6.4613,6.4031,6.9403,6.7514,6.8742,6.9577,7.0272,7.0648,7.2887,7.3229,7.1572,7.2402,7.471,7.3932,7.5676,7.3873,7.7199,7.6935,7.6491,7.8241,7.8511,7.8496,7.8858,8.1138,7.9136,8.1585,8.0951,8.2795,8.267,8.3526,8.2745,8.4396,8.3747,8.5716,8.3518,8.5937,8.7321,8.5809,8.966,9.1153,9.3481,10.1018,10.444,16.8654,18.6489,6.5764,6.5616,6.7395,6.591,7.7668,8.0189,8.2531,7.3863,7.5603,7.6065,7.9055,8.0656,7.2846,7.2714,7.2452,7.6137,6.9707,7.7325,7.8352,7.8125,8.149,8.1194,8.3865,7.2959,7.1246,7.4528,7.0037,6.6313,8.2335,6.9145,6.685,4.9497,5.8815,5.7413,6.017,6.614,5.6094,5.5954,8.1144,7.7154,7.6694,7.8912,6.7723,8.2688,6.5225,6.3017,7.5472,6.1963,5.0559,8.8336,6.3696,8.7525,8.0134,8.0006,8.2333,8.1723,8.7866,5.9754,5.1749,6.4051,6.7566,6.554,7.9423,7.0205,8.8437,6.8831,6.0869,7.349,8.3459,8.3902,8.1054,5.7107,5.8318,6.4813,5.2953,8.2123,7.3787,8.2586,8.6501,8.1554,6.1454,5.9434,5.1578,6.6592,6.8916,7.4543,7.6085,8.0228,8.3563,7.7535,9.0619,7.8177,9.1376,9.3469,8.2766,7.8459,8.7593,9.5281,8.9221,8.5954,8.4782,7.8388,8.6822,8.3933,9.169,9.1878,5.5805,5.5441
4614.04,1.1279,0.7831,0.9586,1.1942,0.0,1.9424,2.4604,1.4895,1.4397,1.4626,1.6016,2.1078,1.7081,2.1785,2.1265,2.3533,3.4196,2.252,2.0713,2.3016,2.5327,2.3763,2.5162,2.3858,2.5853,2.7739,2.7073,2.7483,2.9826,2.6552,4.0262,2.9201,2.8592,3.1813,3.0401,3.0917,3.1054,3.1601,3.4353,4.9976,3.3442,3.4066,3.291,3.3939,3.5246,3.4211,3.5927,3.5328,3.6774,3.7049,3.6944,3.6534,4.1782,3.8562,3.9478,3.8587,3.95,4.1218,4.199,4.608,4.6276,4.8538,5.1118,5.1331,5.345,5.4873,5.325,5.4009,5.7173,5.6404,5.7774,6.042,5.86,6.1793,6.0241,6.1574,6.4514,6.5259,6.7104,6.9185,6.9544,6.5683,6.5636,6.7905,6.779,7.289,6.822,7.0628,7.3893,7.2399,7.151,7.4066,7.2244,7.2403,7.809,7.524,7.91,7.7364,8.0065,7.634,7.9319,7.8483,7.8275,7.7009,8.1145,7.8149,8.1089,8.4691,8.0524,8.5137,8.5494,8.8265,9.66,10.1698,16.7048,18.3517,5.5482,5.5585,5.7144,5.5769,6.8612,7.12,7.3423,6.3586,6.5471,6.6061,6.8799,7.0441,6.1961,6.2013,6.194,6.5364,5.9144,6.6756,6.8537,6.8787,7.1525,7.169,7.4366,6.2896,6.1604,6.4927,5.9734,5.6211,7.2627,5.9352,5.6574,3.777,4.6993,4.5868,4.9342,5.4678,4.4207,4.4259,6.9542,6.5478,6.478,6.7592,5.597,7.1595,5.3627,5.1266,6.4106,5.0105,3.8713,7.6456,5.1779,7.5583,6.8221,6.9322,7.2036,6.9967,7.6199,4.8736,3.9864,5.237,5.5901,5.3728,6.7487,5.8292,7.7275,5.7142,4.92,6.1583,7.1531,7.1994,6.9112,4.5276,4.7043,5.2937,4.1165,7.0426,6.2562,7.0906,7.4968,6.9763,4.9527,4.7679,3.993,5.4663,5.7035,6.2736,6.4219,6.8327,7.1698,6.5806,7.8827,6.6658,7.9856,8.1829,7.155,6.7254,7.631,8.3926,7.8117,7.4951,7.4053,6.768,7.5152,7.2352,8.0501,7.9961,4.4268,4.3856
4659.02,1.7828,1.6105,1.3565,1.1695,1.9424,0.0,0.5562,3.1048,2.7498,2.8311,2.9055,3.6236,2.8162,3.5008,3.3176,3.773,2.0921,3.1399,3.0801,3.3733,3.7738,3.1756,3.5476,2.851,3.3738,3.9091,2.3038,3.75,4.1392,2.575,2.7195,3.6162,3.6143,4.2471,3.2583,3.6101,3.8074,3.787,3.1529,3.5873,3.3393,4.1806,4.1018,3.6306,4.293,4.0975,4.1675,3.6472,3.8168,4.0881,4.3907,4.1666,3.5523,4.4469,4.1042,3.961,4.3509,4.7965,4.7667,4.4463,5.0852,5.2796,5.0599,5.3162,5.7519,5.6981,5.6498,5.7209,6.0708,6.0238,6.023,5.7132,5.7652,6.5135,6.2912,6.3993,6.2729,6.3364,6.2523,6.4843,6.5166,6.5444,6.7135,6.9435,6.7999,6.6913,6.7473,7.1633,6.8335,6.8693,7.2821,7.0966,7.2585,7.3143,7.2486,7.1143,7.2542,7.2695,7.3901,7.6766,7.5715,7.4988,7.8258,7.8239,7.8171,7.6692,7.8621,7.8311,7.8875,8.2026,8.4486,8.6389,9.3182,9.5361,15.8663,17.7253,6.5317,6.4741,6.6855,6.5214,7.5046,7.7428,7.9894,7.3229,7.4681,7.4916,7.829,7.9788,7.3424,7.2907,7.2278,7.6414,6.9687,7.7171,7.6852,7.5898,8.018,7.9157,8.1778,7.1971,6.9615,7.2765,6.9526,6.5542,8.0597,6.78,6.6367,5.2993,6.2539,6.0034,6.0913,6.8307,6.0301,5.9147,8.3545,7.9897,8.0862,8.0453,7.0933,8.3588,6.7856,6.6302,7.7192,6.5854,5.4604,9.404,6.9257,9.2273,8.4269,8.0037,8.1586,8.8133,9.0446,6.0918,5.6035,6.7019,7.0405,6.9089,8.4526,7.5748,8.9432,7.1749,6.3846,7.9063,8.777,8.794,8.58,6.0914,6.014,6.8784,5.6628,8.489,7.5153,8.928,9.3622,8.4778,6.5998,6.2807,5.4708,7.1966,7.4752,8.0771,8.1967,8.5812,8.9404,8.4077,9.6833,8.5365,9.8518,10.0255,9.0603,8.6327,9.5288,10.2808,9.7246,9.4153,9.3384,8.7025,9.353,9.0931,9.9558,9.7221,5.8438,5.8245
4692.01,2.3317,2.1666,1.9122,1.7188,2.4604,0.5562,0.0,3.5136,3.1088,3.1977,3.2534,3.9907,3.1258,3.8237,3.6165,4.1107,1.7035,3.374,3.348,3.6399,4.0656,3.3848,3.7953,2.9971,3.5681,4.1683,2.2459,3.9807,4.3959,2.5903,2.3018,3.7725,3.7865,4.4759,3.3034,3.7183,3.9558,3.9159,3.0544,3.1129,3.3135,4.3327,4.267,3.6583,4.4393,4.2261,4.2652,3.6384,3.8065,4.1353,4.5137,4.2471,3.3219,4.5384,4.0856,3.9331,4.3925,4.9001,4.8412,4.3212,5.1192,5.2994,4.9481,5.2655,5.7552,5.6464,5.6318,5.7,6.0524,6.0149,5.9746,5.5065,5.6244,6.4816,6.2439,6.3429,6.0988,6.1581,5.9997,6.2349,6.2657,6.4097,6.6258,6.8531,6.6742,6.3939,6.5952,7.0549,6.5459,6.6324,7.1809,6.8737,7.13,7.1964,6.9551,6.8635,6.9349,7.0012,7.0801,7.5454,7.3292,7.2602,7.6805,7.7138,7.5895,7.4853,7.6481,7.5113,7.6958,7.9675,8.2693,8.4338,9.0659,9.2056,15.4665,17.3725,6.6871,6.6105,6.835,6.6655,7.5476,7.777,8.0278,7.4623,7.593,7.6056,7.9582,8.1022,7.5361,7.4678,7.389,7.8195,7.1391,7.8753,7.7812,7.6515,8.1205,7.9842,8.2419,7.3212,7.0574,7.3632,7.101,6.6945,8.1415,6.8912,6.7894,5.633,6.5863,6.2953,6.3043,7.0964,6.3827,6.23,8.6193,8.2706,8.4234,8.2757,7.3991,8.5594,7.0706,6.9424,7.9595,6.9215,5.8126,9.7939,7.321,9.5818,8.761,8.1681,8.2863,9.2307,9.3133,6.3228,5.963,7.001,7.3318,7.2294,8.8237,7.966,9.1447,7.4684,6.6869,8.2971,9.1165,9.1227,8.937,6.4285,6.2733,7.2153,5.9991,8.7682,7.7419,9.355,9.8029,8.7756,6.9603,6.5994,5.7885,7.5837,7.8774,8.4906,8.5974,8.9696,9.3369,8.831,10.091,8.9816,10.2921,10.4529,9.5257,9.1,9.9886,10.7334,10.1949,9.8917,9.8277,9.194,9.7793,9.5301,10.4205,10.0975,6.1378,6.1256
4846.01,2.5987,2.2719,2.4375,2.656,1.4895,3.1048,3.5136,0.0,0.5416,0.4463,0.5303,0.622,0.8101,0.7987,0.8859,0.8894,3.8626,1.2757,1.0519,1.1216,1.1562,1.4365,1.3124,1.76,1.5817,1.4388,2.6692,1.5185,1.6099,2.3844,4.3575,1.906,1.81,1.8454,2.3952,2.1851,2.0464,2.1504,3.089,5.3125,2.8014,2.243,2.1168,2.6477,2.3496,2.3271,2.5487,2.8544,2.9519,2.7876,2.5491,2.6463,3.9558,2.7659,3.1643,3.1303,2.9843,2.9472,3.088,3.9742,3.5517,3.781,4.346,4.201,4.2516,4.5113,4.285,4.3592,4.6364,4.545,4.7613,5.4041,5.0674,5.0881,4.9814,5.124,5.6818,5.76,6.1271,6.3068,6.3435,5.6871,5.5695,5.7851,5.8584,6.781,5.9629,6.0796,6.8452,6.5669,6.1453,6.6835,6.2773,6.2671,7.2506,6.8668,7.4195,7.1121,7.4824,6.6671,7.2237,7.1356,6.8822,6.682,7.356,6.9637,7.3159,7.9448,7.206,7.7518,7.6461,7.9724,8.8886,9.5954,16.1983,17.6727,4.1465,4.1839,4.3142,4.1899,5.5786,5.8415,6.0479,4.9501,5.1514,5.223,5.4697,5.6369,4.7356,4.7553,4.7644,5.0832,4.4821,5.2384,5.4877,5.564,5.7689,5.8331,6.0986,4.9031,4.821,5.1536,4.5656,4.2377,5.9041,4.5819,4.2551,2.2938,3.2282,3.0973,3.4845,3.9789,2.9675,2.9404,5.4656,5.0617,5.0324,5.2733,4.1163,5.6833,3.8738,3.6457,4.9235,3.5471,2.4066,6.2995,3.8209,6.1453,5.3759,5.4844,5.7878,5.7175,6.1335,3.4085,2.534,3.7509,4.1033,3.8997,5.3569,4.4704,6.2472,4.2287,3.4333,4.8019,5.716,5.7501,5.4969,3.0584,3.2228,3.8349,2.6402,5.5577,4.7745,5.8419,6.2963,5.4998,3.5205,3.2874,2.505,4.0935,4.3711,4.9783,5.0925,5.4771,5.8357,5.3175,6.5815,5.4803,6.7848,6.9396,6.0562,5.637,6.5062,7.2384,6.7342,6.4491,6.4305,5.8118,6.266,6.0212,6.9465,6.6223,2.9373,2.8962
4953.04,2.5624,2.1972,2.3085,2.4931,1.4397,2.7498,3.1088,0.5416,0.0,0.1004,0.1696,0.8819,0.3311,0.7824,0.688,1.0283,3.3358,0.8851,0.6725,0.8668,1.114,1.0358,1.0816,1.2643,1.221,1.3379,2.1278,1.3128,1.5526,1.8512,3.8203,1.5617,1.4825,1.7428,1.9241,1.7969,1.7304,1.8099,2.5729,4.7728,2.3148,1.9956,1.8751,2.2112,2.1113,2.0367,2.2338,2.4018,2.5147,2.4165,2.2933,2.314,3.4323,2.4794,2.7488,2.6967,2.6373,2.7143,2.8169,3.5243,3.2651,3.4945,3.9375,3.852,3.9791,4.1832,3.9852,4.0608,4.3593,4.2751,4.4529,4.9655,4.6726,4.8184,4.6867,4.8256,5.2828,5.3602,5.6782,5.8657,5.9023,5.3268,5.2549,5.4764,5.5141,6.3174,5.5956,5.7621,6.3898,6.143,5.8381,6.2744,5.9453,5.946,6.7998,6.4397,6.9541,6.6771,7.0245,6.3447,6.812,6.725,6.5514,6.3824,6.9599,6.5973,6.9307,7.4881,6.8386,7.3579,7.3008,7.6098,8.5003,9.1538,15.748,17.2663,4.1138,4.1197,4.2794,4.1395,5.4315,5.6916,5.9106,4.9248,5.1102,5.1675,5.4459,5.6092,4.7929,4.7852,4.7681,5.1251,4.4906,5.2527,5.414,5.4429,5.7137,5.7307,5.9982,4.8515,4.7214,5.0538,4.54,4.1831,5.823,4.4955,4.2229,2.5512,3.5052,3.2861,3.5258,4.1425,3.2819,3.175,5.6566,5.2736,5.3365,5.4053,4.3569,5.7759,4.071,3.8903,5.0646,3.8359,2.7117,6.6865,4.2177,6.4809,5.6773,5.5155,5.7709,6.1437,6.3388,3.4824,2.8578,3.9725,4.3173,4.1639,5.7156,4.86,6.3515,4.449,3.6537,5.1906,6.0273,6.045,5.8344,3.342,3.347,4.1288,2.9137,5.773,4.889,6.2809,6.7518,5.7442,3.8552,3.5377,2.7309,4.4764,4.7781,5.4009,5.496,5.862,6.2322,5.753,6.993,5.9444,7.2383,7.3765,6.5427,6.1276,6.9844,7.7058,7.2236,6.9464,6.9411,6.3271,6.703,6.473,7.4289,6.989,3.125,3.098
4993.13,2.5893,2.2297,2.3512,2.5423,1.4626,2.8311,3.1977,0.4463,0.1004,0.0,0.1485,0.7943,0.3888,0.7294,0.6686,0.9575,3.4361,0.9217,0.702,0.8664,1.0736,1.0771,1.0795,1.3372,1.2528,1.3118,2.2235,1.308,1.5204,1.9403,3.9196,1.5915,1.5076,1.7206,1.9902,1.8391,1.7541,1.8399,2.6547,4.8711,2.3862,2.0048,1.8824,2.2676,2.1189,2.0557,2.2592,2.4631,2.5717,2.456,2.3054,2.3437,3.5173,2.499,2.8003,2.753,2.6714,2.7227,2.8338,3.5858,3.2863,3.516,3.9883,3.8882,3.9982,4.2149,4.0103,4.0856,4.3798,4.2939,4.4803,5.0247,4.7204,4.8376,4.7113,4.8511,5.3319,5.4096,5.7403,5.9258,5.9625,5.3667,5.2842,5.5046,5.5503,6.3836,5.6373,5.7924,6.4539,6.1987,5.8661,6.3264,5.9789,5.9772,6.8627,6.4963,7.021,6.7357,7.0893,6.3763,6.8648,6.7775,6.585,6.409,7.0089,6.6391,6.977,7.5527,6.8807,7.4064,7.3379,7.651,8.5477,9.2146,15.8114,17.3188,4.0856,4.0973,4.2518,4.1146,5.426,5.6868,5.9035,4.8961,5.0846,5.1445,5.4174,5.5815,4.7498,4.7467,4.7341,5.0848,4.4555,5.2173,5.3946,5.4324,5.6911,5.7168,5.9842,4.8276,4.7062,5.039,4.511,4.159,5.8052,4.4777,4.1948,2.4745,3.4274,3.2203,3.4838,4.0816,3.199,3.1025,5.5927,5.2063,5.2563,5.3504,4.2849,5.7276,4.005,3.8173,5.008,3.7569,2.6293,6.5964,4.126,6.397,5.5976,5.4774,5.7413,6.0493,6.2731,3.4349,2.7733,3.9028,4.2491,4.0884,5.6287,4.7692,6.3016,4.3799,3.5838,5.1,5.9465,5.9664,5.7501,3.2631,3.2912,4.0493,2.8356,5.7055,4.8365,6.1853,6.6547,5.6725,3.7703,3.4635,2.6588,4.3862,4.6854,5.3067,5.4038,5.772,6.141,5.6576,6.9003,5.8466,7.1415,7.2812,6.4433,6.028,6.8856,7.6078,7.1241,6.8465,6.8408,6.2267,6.6076,6.3762,7.3298,6.9014,3.0592,3.03
4993.15,2.7265,2.3634,2.4774,2.6626,1.6016,2.9055,3.2534,0.5303,0.1696,0.1485,0.0,0.7452,0.2802,0.6139,0.5253,0.8679,3.4169,0.7816,0.5595,0.7182,0.9448,0.9391,0.9316,1.23,1.1093,1.1728,2.1678,1.1607,1.3854,1.863,3.8834,1.4468,1.3615,1.5797,1.8715,1.7,1.6074,1.6952,2.5591,4.8272,2.2739,1.8562,1.7339,2.1384,1.9704,1.908,2.1128,2.3384,2.4429,2.3149,2.157,2.1986,3.4273,2.3512,2.6666,2.6233,2.5277,2.5741,2.6857,3.4606,3.1388,3.3685,3.8536,3.7451,3.8503,4.07,3.8635,3.9388,4.232,4.146,4.3341,4.8966,4.5835,4.6897,4.5643,4.7043,5.1958,5.2736,5.615,5.7985,5.8352,5.2251,5.1385,5.3585,5.4071,6.2627,5.4965,5.6469,6.3304,6.0674,5.72,6.1922,5.8346,5.832,6.738,6.3657,6.9007,6.607,6.9667,6.2312,6.7311,6.6436,6.4406,6.2624,6.8724,6.4984,6.8388,7.4297,6.7402,7.2697,7.1949,7.5099,8.4101,9.0875,15.6868,17.1844,3.9484,3.9569,4.1143,3.9756,5.2794,5.5401,5.7574,4.7593,4.946,5.0045,5.2805,5.4441,4.6237,4.6167,4.6008,4.9563,4.3229,5.085,5.2528,5.2872,5.5509,5.5728,5.8402,4.688,4.5626,4.8953,4.3743,4.0195,5.6628,4.3352,4.0576,2.3938,3.3484,3.1204,3.3566,3.9747,3.1312,3.0135,5.4899,5.1084,5.1817,5.2362,4.1948,5.6064,3.9054,3.7291,4.8957,3.6803,2.5608,6.5473,4.0833,6.3307,5.5219,5.3472,5.6051,6.016,6.1728,3.3129,2.7098,3.8088,4.1528,4.0046,5.5705,4.7228,6.182,4.2849,3.4902,5.0529,5.8733,5.8885,5.685,3.1863,3.1781,3.9735,2.7575,5.6079,4.7196,6.1576,6.6344,5.5818,3.7071,3.3774,2.5693,4.338,4.6458,5.2726,5.362,5.7228,6.0958,5.6287,6.8603,5.8312,7.1199,7.2517,6.44,6.0275,6.8771,7.593,7.1222,6.8499,6.854,6.2441,6.5786,6.3542,7.3235,6.8448,2.9595,2.9335
5001.08,3.2205,2.8909,3.0492,3.2612,2.1078,3.6236,3.9907,0.622,0.8819,0.7943,0.7452,0.0,0.9457,0.405,0.6525,0.2967,4.1243,1.1452,0.9653,0.8595,0.6599,1.2903,0.9755,1.7449,1.3576,0.9515,2.8156,1.1209,1.0726,2.4582,4.5599,1.6249,1.5163,1.3261,2.2825,1.9427,1.7187,1.8456,3.0679,5.4833,2.706,1.8274,1.7025,2.4574,1.9197,1.9525,2.1915,2.6855,2.7516,2.4914,2.1282,2.3058,3.9453,2.3686,2.9211,2.918,2.6498,2.4919,2.6654,3.7721,3.1347,3.3599,4.0677,3.8432,3.81,4.1246,3.8702,3.9422,4.1949,4.0977,4.3502,5.163,4.7599,4.6355,4.5539,4.6992,5.3747,5.4534,5.8989,6.0632,6.0998,5.3277,5.158,5.3658,5.4783,6.5775,5.6102,5.6677,6.6249,6.2922,5.7224,6.3847,5.8802,5.8581,7.0193,6.5958,7.2164,6.853,7.2639,6.2574,6.9261,6.8368,6.4806,6.2484,7.0346,6.6041,6.9793,7.7217,6.8465,7.4256,7.2577,7.6035,8.5503,9.3383,15.9464,17.3468,3.5511,3.6007,3.7189,3.601,5.0311,5.2946,5.4929,4.3496,4.5556,4.6322,4.8676,5.0357,4.1168,4.1409,4.156,4.4663,3.873,4.6265,4.9036,5.0021,5.1767,5.2608,5.5246,4.3119,4.2512,4.5824,3.9662,3.6502,5.322,4.0067,3.6591,1.6978,2.6453,2.4818,2.8705,3.3604,2.4073,2.3375,4.8536,4.4549,4.468,4.6522,3.5182,5.0614,3.2616,3.0484,4.303,2.9714,1.8384,5.8049,3.3385,5.6038,4.8101,4.8689,5.183,5.2712,5.5257,2.7893,1.9799,3.1454,3.496,3.3115,4.8345,3.9791,5.6252,3.6235,2.8268,4.3095,5.1568,5.1806,4.9566,2.4786,2.6007,3.2627,2.0537,4.9524,4.1525,5.4142,5.8949,4.9049,2.9765,2.6917,1.8976,3.595,3.9006,4.5277,4.6171,4.9804,5.3518,4.8851,6.1152,5.0959,6.3795,6.5077,5.7175,5.3093,6.148,6.8575,6.4011,6.1365,6.1574,5.5567,5.8348,5.6138,6.5968,6.1074,2.3213,2.2832
5024.10,2.8145,2.4391,2.5247,2.6895,1.7081,2.8162,3.1258,0.8101,0.3311,0.3888,0.2802,0.9457,0.0,0.6996,0.5027,0.996,3.1805,0.5619,0.3637,0.6109,0.9597,0.7079,0.8205,0.9521,0.9,1.1307,1.902,1.0516,1.3575,1.5859,3.63,1.241,1.1672,1.5162,1.6014,1.4673,1.4156,1.4883,2.279,4.5668,1.999,1.6999,1.5832,1.8815,1.8175,1.7265,1.9157,2.0748,2.1853,2.0877,1.9917,1.9916,3.1471,2.1674,2.4179,2.3671,2.3114,2.417,2.5074,3.1976,2.95,3.1789,3.6065,3.5243,3.6658,3.8582,3.6657,3.7414,4.0443,3.9619,4.1311,4.6374,4.3416,4.5045,4.3674,4.5053,4.9518,5.0292,5.352,5.5381,5.5748,4.9973,4.9313,5.1537,5.1861,5.9948,5.2656,5.4378,6.0652,5.8133,5.5154,5.9437,5.6187,5.621,6.4742,6.1103,6.6322,6.3487,6.7006,6.0193,6.4815,6.3943,6.2248,6.0608,6.6289,6.2671,6.5997,7.164,6.5084,7.0268,6.9723,7.2798,8.1692,8.8267,15.4229,16.9357,3.8878,3.8795,4.0516,3.9054,5.1535,5.412,5.6352,4.6983,4.8759,4.9267,5.2182,5.3793,4.6074,4.5858,4.5559,4.9301,4.2821,5.0436,5.1646,5.1744,5.4714,5.4689,5.7366,4.6135,4.4635,4.7948,4.3151,3.9469,5.5695,4.244,3.9966,2.5083,3.4608,3.1872,3.3406,4.0199,3.2661,3.1064,5.5422,5.1737,5.298,5.2573,4.2807,5.6048,3.9695,3.8204,4.9233,3.7964,2.698,6.7074,4.2573,6.4613,5.6353,5.3137,5.5453,6.2009,6.2306,3.315,2.8547,3.8869,4.2244,4.1048,5.7166,4.8897,6.1848,4.359,3.5704,5.2181,5.9912,5.9971,5.8185,3.3039,3.2091,4.0902,2.8748,5.6731,4.7336,6.3501,6.8364,5.6631,3.8484,3.4749,2.6638,4.5027,4.8232,5.4572,5.5349,5.8837,6.2626,5.8203,7.0345,6.0402,7.32,7.441,6.6629,6.2538,7.0937,7.8016,7.3463,7.0798,7.0938,6.4881,6.769,6.5544,7.5425,6.9923,3.0277,3.0096
5073.08,3.3063,2.953,3.0801,3.2714,2.1785,3.5008,3.8237,0.7987,0.7824,0.7294,0.6139,0.405,0.6996,0.0,0.2695,0.3069,3.8172,0.7556,0.6014,0.4555,0.3624,0.8935,0.5781,1.3678,0.9527,0.6401,2.4724,0.7477,0.8194,2.0948,4.2246,1.2245,1.1171,1.0478,1.8813,1.5395,1.3281,1.4506,2.6763,5.1329,2.3052,1.4706,1.3442,2.0525,1.5712,1.5784,1.8125,2.2805,2.3472,2.0977,1.7759,1.9221,3.5527,2.006,2.5202,2.5144,2.2658,2.161,2.3161,3.3686,2.7839,3.0116,3.6739,3.4694,3.4736,3.7621,3.5198,3.5929,3.8589,3.7649,3.9987,4.7644,4.373,4.3064,4.2107,4.3548,4.9884,5.067,5.499,5.6654,5.702,4.9565,4.8076,5.0193,5.1148,6.1754,5.2369,5.3179,6.2244,5.8996,5.378,5.9972,5.5239,5.5071,6.6203,6.2027,6.8145,6.458,6.8634,5.907,6.5386,6.4495,6.1267,5.9098,6.6531,6.2339,6.602,7.3219,6.4764,7.0456,6.8987,7.2372,8.1743,8.9438,15.5519,16.9688,3.3789,3.4037,3.546,3.4149,4.7813,5.0441,5.2519,4.1873,4.3818,4.4476,4.7084,4.8739,4.0222,4.0231,4.0164,4.3594,3.7364,4.4972,4.7062,4.7704,4.9943,5.0436,5.3099,4.1289,4.0313,4.3642,3.8021,3.4611,5.1206,3.7953,3.488,1.8093,2.7627,2.5102,2.7575,3.3612,2.5669,2.4142,4.8774,4.4987,4.5997,4.6232,3.5926,4.9983,3.2949,3.1294,4.2822,3.0977,1.9994,6.013,3.5722,5.7617,4.9376,4.754,5.0302,5.5217,5.5615,2.7057,2.1579,3.203,3.5447,3.4104,5.0184,4.1995,5.5724,3.6777,2.885,4.5267,5.2927,5.3007,5.1189,2.6049,2.5647,3.3916,2.1756,4.9983,4.1079,5.6777,6.1739,4.978,3.1498,2.7812,1.9705,3.8117,4.1397,4.7785,4.8476,5.1899,5.5714,5.1475,6.3471,5.3879,6.6547,6.7646,6.0318,5.63,6.4512,7.1464,6.7164,6.4619,6.4993,5.9066,6.0942,5.89,6.9033,6.2942,2.3495,2.3262
5105.01,3.2503,2.8847,2.9903,3.1671,2.1265,3.3176,3.6165,0.8859,0.688,0.6686,0.5253,0.6525,0.5027,0.2695,0.0,0.5703,3.5548,0.4929,0.3328,0.2385,0.457,0.639,0.4292,1.0999,0.7288,0.6508,2.2038,0.6478,0.8698,1.8254,3.9565,1.0324,0.9315,1.055,1.6332,1.3309,1.1627,1.272,2.4158,4.8635,2.056,1.3639,1.2386,1.8275,1.4738,1.4413,1.6633,2.05,2.127,1.9155,1.6691,1.7629,3.2931,1.8809,2.3161,2.2989,2.1029,2.0759,2.206,3.152,2.6677,2.8973,3.4855,3.3177,3.3712,3.6255,3.4,3.4745,3.7553,3.6655,3.8758,4.5628,4.1973,4.2091,4.0974,4.2396,4.8126,4.891,5.2936,5.4653,5.502,4.8047,4.6838,4.8998,4.9735,5.9623,5.0818,5.1938,6.0168,5.711,5.2603,5.8181,5.3915,5.3813,6.4165,6.0128,6.6017,6.2637,6.6555,5.7812,6.3592,6.2706,5.9963,5.798,6.4836,6.0819,6.4392,7.1157,6.3243,6.8782,6.7609,7.0894,8.0121,8.7495,15.3567,16.8013,3.4262,3.4321,3.5917,3.4516,4.7596,5.0208,5.2363,4.2372,4.4223,4.4798,4.7583,4.9214,4.1189,4.1047,4.0832,4.4466,3.8067,4.5689,4.7276,4.7641,5.0261,5.0483,5.3156,4.1636,4.0378,4.3705,3.8526,3.4952,5.1375,3.8099,3.5353,2.029,2.9767,2.6867,2.8512,3.5172,2.7978,2.6137,5.0396,4.6721,4.8131,4.7571,3.784,5.1108,3.4681,3.326,4.422,3.3135,2.2344,6.2534,3.8232,5.9839,5.1487,4.8343,5.0835,5.7755,5.7282,2.8187,2.3971,3.3883,3.7241,3.6134,5.2513,4.4458,5.6895,3.8592,3.0727,4.7715,5.5066,5.5078,5.3436,2.8233,2.707,3.6072,2.3955,5.1714,4.2348,5.9347,6.4345,5.1644,3.383,2.9834,2.173,4.0575,4.3914,5.0328,5.0961,5.4315,5.816,5.4046,6.5949,5.6514,6.9142,7.0196,6.2989,5.898,6.7165,7.4088,6.9835,6.7303,6.7687,6.1761,6.3501,6.15,7.1691,6.5268,2.5276,2.5114
5114.06,3.4749,3.1353,3.2806,3.4835,2.3533,3.773,4.1107,0.8894,1.0283,0.9575,0.8679,0.2967,0.996,0.3069,0.5703,0.0,4.1234,1.0382,0.9029,0.715,0.3947,1.1631,0.774,1.6555,1.1872,0.6752,2.7731,0.8783,0.7787,2.3882,4.5261,1.4162,1.3056,1.0342,2.1311,1.7423,1.4873,1.6209,2.9439,5.4292,2.5545,1.5606,1.4379,2.2691,1.6474,1.6987,1.941,2.5027,2.555,2.2601,1.8568,2.06,3.8171,2.1029,2.7056,2.7147,2.403,2.209,2.3904,3.566,2.8594,3.0829,3.8322,3.5826,3.5272,3.8549,3.5937,3.6649,3.9115,3.8131,4.0737,4.9368,4.5123,4.3493,4.2731,4.4189,5.1259,5.2047,5.6754,5.834,5.8705,5.0633,4.8803,5.086,5.2081,6.3613,5.3473,5.3894,6.4026,6.0521,5.4415,6.1368,5.6053,5.5803,6.7927,6.3564,6.9993,6.6172,7.0412,5.9791,6.6778,6.5883,6.204,5.9648,6.7791,6.3382,6.7194,7.4969,6.5803,7.1683,6.9838,7.3343,8.2887,9.1006,15.7074,17.0858,3.2625,3.3081,3.4303,3.31,4.7345,4.998,5.1966,4.0636,4.2674,4.3421,4.5826,4.7502,3.8495,3.8663,3.8753,4.1953,3.5928,4.349,4.6115,4.7062,4.8872,4.9662,5.2304,4.0219,3.9561,4.2876,3.6796,3.3588,5.0295,3.7125,3.3708,1.5266,2.4814,2.2641,2.5956,3.1309,2.2731,2.1467,4.6375,4.2491,4.3162,4.4107,3.3287,4.8062,3.0484,2.8621,4.0648,2.8143,1.7037,5.7116,3.2666,5.4713,4.6557,4.5957,4.8997,5.2153,5.3164,2.5236,1.859,2.9454,3.2916,3.1368,4.7213,3.8957,5.3745,3.4224,2.6264,4.2234,5.0084,5.0215,4.827,2.3204,2.3528,3.1078,1.8912,4.7482,3.9039,5.3708,5.8671,4.7161,2.8537,2.5098,1.7027,3.5082,3.8338,4.472,4.5427,4.888,5.2681,4.8406,6.0424,5.0819,6.3478,6.458,5.7288,5.3285,6.1463,6.84,6.4134,6.1613,6.2038,5.6147,5.7875,5.5831,6.5988,5.9969,2.1029,2.0727
5134.09,3.7503,3.472,3.2776,3.1662,3.4196,2.0921,1.7035,3.8626,3.3358,3.4361,3.4169,4.1243,3.1805,3.8172,3.5548,4.1234,0.0,3.1357,3.2248,3.4658,3.9213,3.0646,3.5365,2.5556,3.1693,3.9018,1.414,3.6421,4.0971,1.8567,0.6371,3.2238,3.2857,4.0766,2.4903,3.029,3.3582,3.2634,1.8679,1.5829,2.2901,3.7038,3.6857,2.7379,3.7822,3.5365,3.4785,2.6163,2.7594,3.2146,3.7785,3.4116,1.7775,3.7078,2.9867,2.8237,3.4314,4.0759,3.9371,2.9391,4.0844,4.2167,3.5653,4.008,4.6087,4.3712,4.4376,4.4959,4.8411,4.8278,4.6956,3.9322,4.161,5.2252,4.9592,5.0351,4.5668,4.6183,4.3592,4.5963,4.6253,4.9413,5.2441,5.4616,5.2173,4.7113,5.0925,5.6245,4.8699,5.0053,5.7621,5.2618,5.6612,5.746,5.2736,5.2195,5.2392,5.3395,5.3885,6.0662,5.6918,5.6273,6.1756,6.2705,5.9674,5.9216,6.042,5.8148,6.1194,6.335,6.7062,6.8348,7.4123,7.5047,13.7784,15.6691,5.9191,5.7896,6.044,5.865,6.4439,6.646,6.9021,6.6209,6.7064,6.6885,7.0744,7.1985,6.8543,6.7375,6.6135,7.0818,6.3994,7.0767,6.8098,6.5928,7.1585,6.9353,7.1762,6.4404,6.1065,6.3781,6.2971,5.8817,7.1238,5.988,6.0093,5.5092,6.41,5.9854,5.7301,6.6624,6.2916,6.0068,8.1363,7.8518,8.2033,7.6884,7.094,7.8712,6.7039,6.6774,7.4126,6.745,5.7485,9.7527,7.3644,9.4016,8.5211,7.3803,7.3904,9.3197,8.8275,5.8057,5.919,6.6868,6.9779,6.9834,8.7254,7.9726,8.4461,7.1173,6.3965,8.2926,8.8882,8.8539,8.7805,6.2764,5.8526,7.0311,5.8649,8.3305,7.1572,9.4854,9.989,8.4028,6.8758,6.3718,5.5972,7.5843,7.933,8.5791,8.6277,8.9388,9.3325,8.9555,10.121,9.2051,10.468,10.5654,9.841,9.4336,10.2665,10.9634,10.5249,10.2603,10.2707,9.6604,9.8984,9.7042,10.7173,9.991,5.8434,5.8564
5137.10,3.3406,2.9591,3.0218,3.1663,2.252,3.1399,3.374,1.2757,0.8851,0.9217,0.7816,1.1452,0.5619,0.7556,0.4929,1.0382,3.1357,0.0,0.2245,0.3336,0.7858,0.1609,0.4259,0.6177,0.3382,0.8045,1.7528,0.6104,1.0269,1.3535,3.5046,0.6791,0.6085,1.1078,1.1486,0.9184,0.8563,0.9264,1.923,4.3954,1.569,1.1608,1.0511,1.3734,1.2797,1.17,1.3541,1.5856,1.6772,1.5342,1.4429,1.43,2.8002,1.6086,1.89,1.8549,1.7522,1.8713,1.95,2.7012,2.3891,2.6177,3.0748,2.9676,3.1055,3.2982,3.1038,3.1795,3.4832,3.4016,3.5694,4.1285,3.8025,3.9437,3.8055,3.9434,4.4153,4.4931,4.8524,5.0312,5.068,4.445,4.3703,4.5924,4.6298,5.5105,4.7156,4.8773,5.5718,5.2926,4.9541,5.4133,5.0603,5.061,5.976,5.592,6.1496,5.8365,6.2096,5.4596,5.9528,5.865,5.6664,5.4992,6.0916,5.7174,6.0573,6.6714,5.9591,6.4886,6.417,6.7292,7.6287,8.3197,14.923,16.405,3.4303,3.4014,3.5902,3.4357,4.6229,4.8794,5.1068,4.2357,4.4015,4.4432,4.7519,4.9093,4.2059,4.1634,4.1146,4.5124,3.848,4.6045,4.669,4.6549,4.9843,4.9568,5.2243,4.135,3.9588,4.2877,3.8565,3.4739,5.0676,3.7485,3.5378,2.381,3.3041,2.9443,2.9516,3.7239,3.1623,2.9167,5.2458,4.9032,5.1272,4.9097,4.0578,5.2197,3.7087,3.6145,4.5885,3.6417,2.6137,6.6263,4.2293,6.3137,5.4562,4.884,5.0809,6.1847,5.9403,2.9552,2.7836,3.6539,3.9745,3.9126,5.6082,4.8375,5.8038,4.1126,3.3462,5.1587,5.8192,5.8056,5.6812,3.1613,2.9,3.9327,2.7418,5.3992,4.3779,6.3534,6.8639,5.4197,3.7481,3.2871,2.4894,4.4491,4.7977,5.4449,5.4922,5.809,6.2002,5.824,6.9867,6.0918,7.3398,7.4306,6.7535,6.3574,7.163,7.844,7.438,7.1919,7.2405,6.6528,6.7647,6.5778,7.6174,6.8801,2.7909,2.7887
5137.11,3.1742,2.7967,2.8741,3.0307,2.0713,3.0801,3.348,1.0519,0.6725,0.702,0.5595,0.9653,0.3637,0.6014,0.3328,0.9029,3.2248,0.2245,0.0,0.2935,0.7287,0.3848,0.4799,0.7802,0.5508,0.8291,1.8711,0.7042,1.0592,1.4966,3.6237,0.8902,0.81,1.1871,1.3595,1.1417,1.058,1.1387,2.1111,4.5321,1.7761,1.3362,1.2197,1.5961,1.4538,1.366,1.5612,1.8057,1.9002,1.7555,1.6285,1.6428,2.9885,1.8081,2.1144,2.0784,1.9693,2.0534,2.1469,2.9233,2.5929,2.8222,3.2992,3.1863,3.3076,3.5134,3.3128,3.3883,3.6873,3.6036,3.7809,4.3522,4.0263,4.1467,4.0142,4.1532,4.6393,4.7172,5.0755,5.2549,5.2917,4.6657,4.5837,4.8048,4.8484,5.7318,4.9371,5.0915,5.7942,5.517,5.1664,5.6377,5.277,5.2759,6.199,5.8164,6.3707,6.0606,6.4318,5.6749,6.1772,6.0894,5.8831,5.7103,6.3155,5.9389,6.2805,6.8939,6.1807,6.7124,6.636,6.9504,7.8521,8.5436,15.1464,16.6293,3.5473,3.5314,3.7097,3.5603,4.7911,5.0493,5.2732,4.3564,4.5297,4.5773,4.8752,5.035,4.2913,4.2604,4.2224,4.607,3.9514,4.7114,4.8113,4.8143,5.121,5.1107,5.3784,4.2657,4.1071,4.4379,3.9745,3.6006,5.2142,3.8903,3.6557,2.3312,3.2707,2.9479,3.0283,3.7546,3.1065,2.8962,5.2787,4.9235,5.1035,4.9674,4.0551,5.2971,3.7226,3.6033,4.6395,3.6084,2.5477,6.5674,4.1468,6.2815,5.4364,4.9856,5.2032,6.1005,5.9709,3.0162,2.7132,3.6549,3.9839,3.896,5.5592,4.7653,5.8794,4.1207,3.3425,5.0898,5.7968,5.7915,5.6441,3.1215,2.9351,3.9013,2.6963,5.4216,4.4392,6.2621,6.7642,5.4282,3.6927,3.267,2.4603,4.3768,4.7153,5.3584,5.4173,5.7468,6.1336,5.732,6.9152,5.9829,7.2433,7.3453,6.6316,6.2308,7.0487,7.7397,7.3163,7.0631,7.1003,6.5065,6.6766,6.4794,7.5015,6.8339,2.7911,2.7816
5175.08,3.4174,3.0451,3.1353,3.3001,2.3016,3.3733,3.6399,1.1216,0.8668,0.8664,0.7182,0.8595,0.6109,0.4555,0.2385,0.715,3.4658,0.3336,0.2935,0.0,0.4571,0.448,0.2149,0.9485,0.4998,0.5363,2.0863,0.4468,0.7664,1.6857,3.8381,0.7944,0.6931,0.9064,1.4268,1.0967,0.9252,1.0335,2.2301,4.7272,1.8509,1.1413,1.0177,1.601,1.254,1.2084,1.4272,1.8271,1.8982,1.6772,1.4445,1.5254,3.1047,1.6497,2.0815,2.0681,1.8648,1.8577,1.9784,2.922,2.4375,2.6673,3.2482,3.0802,3.144,3.39,3.1681,3.2428,3.5274,3.439,3.6429,4.3281,3.959,3.9828,3.8666,4.0083,4.5743,4.6528,5.06,5.2304,5.2671,4.567,4.4504,4.6673,4.7369,5.7314,4.8438,4.9602,5.784,5.474,5.028,5.5801,5.1562,5.1472,6.1826,5.776,6.3707,6.0277,6.4229,5.5471,6.1212,6.0325,5.7612,5.567,6.2452,5.8441,6.2008,6.8825,6.0865,6.6397,6.5246,6.8519,7.7737,8.5136,15.121,16.5629,3.2769,3.2698,3.4406,3.2948,4.5647,4.8248,5.044,4.0874,4.2654,4.3173,4.6073,4.7685,4.0055,3.979,3.9461,4.3244,3.6732,4.4342,4.5576,4.5775,4.8624,4.8676,5.1353,4.0035,3.8599,4.1919,3.7041,3.3365,4.9641,3.6376,3.3857,2.0603,2.9924,2.6575,2.7407,3.4612,2.8397,2.6125,4.9854,4.631,4.8218,4.6752,3.7666,5.0086,3.4308,3.3169,4.3466,3.3302,2.2869,6.3034,3.8987,6.0036,5.1534,4.7058,4.9344,5.854,5.6777,2.7251,2.4555,3.3654,3.6928,3.6115,5.2893,4.5097,5.5903,3.8298,3.054,4.8319,5.5148,5.5066,5.3682,2.8461,2.6416,3.6224,2.4234,5.129,4.1476,6.0214,6.5308,5.1375,3.4259,2.9834,2.1796,4.1212,4.4672,5.1136,5.1637,5.4847,5.8744,5.4918,6.6593,5.7582,7.0071,7.0998,6.4206,6.0251,6.8294,7.5106,7.105,6.8599,6.9112,6.3258,6.4332,6.2448,7.2839,6.5627,2.5014,2.4937
5184.08,3.6605,3.3032,3.4221,3.6065,2.5327,3.7738,4.0656,1.1562,1.114,1.0736,0.9448,0.6599,0.9597,0.3624,0.457,0.3947,3.9213,0.7858,0.7287,0.4571,0.0,0.8749,0.4242,1.3888,0.8483,0.2933,2.5357,0.4867,0.4571,2.1261,4.2846,1.0384,0.9278,0.6899,1.7908,1.3671,1.0968,1.2327,2.6209,5.1627,2.2102,1.1697,1.0458,1.8986,1.2601,1.3042,1.5464,2.1348,2.1781,1.8681,1.4689,1.6654,3.4859,1.7117,2.3186,2.3335,2.0083,1.8337,2.0056,3.182,2.4749,2.7,3.4385,3.1899,3.1514,3.4663,3.2104,3.2823,3.5365,3.4399,3.6903,4.5447,4.1177,3.9789,3.8944,4.0396,4.7314,4.8101,5.2839,5.4411,5.4775,4.6721,4.4981,4.7061,4.8199,5.9718,4.9556,5.0078,6.0114,5.6577,5.0628,5.7422,5.2206,5.1982,6.4002,5.962,6.6094,6.2232,6.6498,5.5975,6.2833,6.1937,5.8207,5.5898,6.3854,5.9477,6.3268,7.1048,6.19,6.7749,6.5983,6.9457,7.8967,8.7063,15.3129,16.6936,3.019,3.0417,3.186,3.0536,4.4225,4.6854,4.8919,3.8283,4.0212,4.0861,4.3495,4.5146,3.6789,3.6732,3.6614,4.0119,3.3823,4.1439,4.3439,4.4092,4.6328,4.6815,4.9477,3.7675,3.6692,4.0021,3.443,3.0996,4.7583,3.433,3.1282,1.6049,2.5421,2.2323,2.4118,3.0602,2.3832,2.1691,4.5826,4.2161,4.3751,4.3032,3.3335,4.6639,3.0125,2.8785,3.9668,2.8797,1.8298,5.8466,3.4435,5.5529,4.7085,4.4038,4.6721,5.3989,5.2714,2.3704,1.9987,2.9359,3.2697,3.1693,4.8339,4.0529,5.2409,3.4053,2.6214,4.3749,5.0685,5.0647,4.9159,2.3934,2.2508,3.1727,1.969,4.7154,3.7826,5.5682,6.0806,4.7115,2.9694,2.5398,1.732,3.6644,4.012,4.6592,4.7071,5.0277,5.4173,5.039,6.2024,5.313,6.5556,6.6449,5.9837,5.5923,6.3869,7.0624,6.6677,6.4284,6.4909,5.9133,5.9791,5.7942,6.8423,6.1079,2.0737,2.06
5207.01,3.4526,3.0688,3.1207,3.2562,2.3763,3.1756,3.3848,1.4365,1.0358,1.0771,0.9391,1.2903,0.7079,0.8935,0.639,1.1631,3.0646,0.1609,0.3848,0.448,0.8749,0.0,0.472,0.5152,0.215,0.8412,1.6663,0.6054,1.0501,1.2514,3.4112,0.5438,0.4886,1.0933,0.9948,0.7621,0.7307,0.7867,1.7837,4.2886,1.4171,1.0598,0.9585,1.2126,1.1786,1.0476,1.2182,1.4257,1.5164,1.3807,1.3291,1.2874,2.6595,1.4799,1.7298,1.694,1.6038,1.7586,1.8229,2.5404,2.2542,2.4818,2.9154,2.8166,2.9715,3.1508,2.963,3.0389,3.3469,3.2673,3.4258,3.9676,3.6444,3.8082,3.6645,3.8014,4.2568,4.3346,4.6916,4.8704,4.9071,4.2913,4.2245,4.4476,4.4785,5.35,4.5608,4.7306,5.411,5.1323,4.8092,5.254,4.9108,4.9135,5.8151,5.4316,5.9891,5.6758,6.0488,5.3116,5.7933,5.7056,5.5169,5.3554,5.9334,5.5626,5.9002,6.5106,5.8041,6.3306,6.2651,6.5748,7.4712,8.1589,14.7621,16.2459,3.3686,3.3293,3.5262,3.368,4.5176,4.7725,5.0028,4.1696,4.3293,4.3663,4.6831,4.8385,4.1674,4.1161,4.0589,4.4664,3.7962,4.5488,4.5853,4.557,4.9048,4.8632,5.1304,4.0611,3.8709,4.1979,3.7932,3.4044,4.9799,3.6662,3.4752,2.4446,3.3534,2.969,2.9226,3.7271,3.227,2.9583,5.245,4.9119,5.1667,4.891,4.0842,5.1859,3.724,3.6477,4.5753,3.6901,2.6869,6.6887,4.3097,6.3581,5.4926,4.8321,5.0127,6.2643,5.9404,2.938,2.859,3.6784,3.9924,3.9489,5.6647,4.9103,5.7709,4.1312,3.3749,5.229,5.8572,5.8378,5.7294,3.2154,2.9023,3.9792,2.801,5.4057,4.3573,6.4376,6.9533,5.4362,3.8113,3.3272,2.5386,4.5225,4.8774,5.5266,5.5662,5.8742,6.268,5.909,7.0574,6.1877,7.427,7.5104,6.8575,6.4645,7.2618,7.9361,7.5417,7.3001,7.3558,6.7722,6.8466,6.6666,7.7171,6.9338,2.8186,2.8215
5216.04,3.6311,3.2579,3.3449,3.5065,2.5162,3.5476,3.7953,1.3124,1.0816,1.0795,0.9316,0.9755,0.8205,0.5781,0.4292,0.774,3.5365,0.4259,0.4799,0.2149,0.4242,0.472,0.0,0.9855,0.4243,0.3788,2.1374,0.2322,0.6017,1.7178,3.8791,0.6497,0.5408,0.7075,1.3685,0.9714,0.7514,0.8725,2.1968,4.747,1.7893,0.9349,0.8099,1.4955,1.0455,1.0161,1.2434,1.7287,1.7836,1.5196,1.2399,1.3487,3.0626,1.4535,1.9458,1.9463,1.6915,1.6485,1.7769,2.7997,2.2394,2.4689,3.0958,2.9008,2.942,3.2025,2.9726,3.0468,3.3262,3.2363,3.4491,4.1878,3.7962,3.7799,3.6691,3.8116,4.4117,4.4903,4.9234,5.0884,5.125,4.3884,4.2575,4.4727,4.5526,5.6026,4.6673,4.7677,5.6494,5.3215,4.8329,5.42,4.9676,4.9556,6.044,5.6246,6.2414,5.8801,6.2884,5.3556,5.9614,5.8724,5.5719,5.3698,6.0782,5.666,6.0293,6.7462,5.9085,6.4713,6.339,6.6716,7.602,8.3658,14.974,16.3949,3.07,3.059,3.2331,3.0855,4.3499,4.61,4.829,3.8799,4.0558,4.1062,4.3993,4.5598,3.8125,3.7805,3.7431,4.1273,3.4717,4.2319,4.3449,4.3626,4.6509,4.6532,4.9209,3.7931,3.6459,3.9778,3.4973,3.1267,4.7507,3.4245,3.1786,1.9728,2.8857,2.5184,2.551,3.3012,2.7552,2.4944,4.8241,4.4786,4.7046,4.4978,3.6322,4.8202,3.2832,3.1898,4.1732,3.2228,2.2153,6.2173,3.8394,5.8932,5.0326,4.5058,4.7268,5.7936,5.518,2.5443,2.3878,3.228,3.5487,3.4888,5.1946,4.4385,5.4031,3.6867,2.9207,4.757,5.3962,5.381,5.2625,2.7457,2.4781,3.5129,2.3298,4.975,3.9678,5.9683,6.4863,4.9939,3.3397,2.8644,2.0706,4.0507,4.4068,5.0565,5.0945,5.4025,5.7961,5.4401,6.5854,5.7249,6.9588,7.0396,6.4016,6.0122,6.8011,7.4705,7.0852,6.8487,6.9141,6.3373,6.3764,6.1993,7.257,6.4647,2.3652,2.3638
5238.05,3.3841,2.9959,3.0027,3.1015,2.3858,2.851,2.9971,1.76,1.2643,1.3372,1.23,1.7449,0.9521,1.3678,1.0999,1.6555,2.5556,0.6177,0.7802,0.9485,1.3888,0.5152,0.9855,0.0,0.6203,1.3463,1.152,1.0893,1.5437,0.7379,2.8962,0.7754,0.7953,1.5476,0.6738,0.7773,0.9607,0.9366,1.3382,3.7788,1.0506,1.337,1.2701,1.0091,1.4462,1.2466,1.3335,1.1659,1.2992,1.346,1.5402,1.3543,2.2137,1.6146,1.5631,1.4822,1.604,1.9516,1.9481,2.2786,2.3218,2.5374,2.738,2.7532,3.0284,3.1144,2.978,3.0535,3.385,3.3183,3.4142,3.724,3.4843,3.8454,3.6685,3.7968,4.084,4.1599,4.4268,4.6198,4.6563,4.1829,4.1882,4.4168,4.3934,5.0571,4.4387,4.6833,5.1335,4.9118,4.7758,5.0585,4.84,4.8587,5.5458,5.2047,5.6929,5.4347,5.7664,5.2509,5.5916,5.5059,5.4423,5.3268,5.7566,5.4343,5.7409,6.2304,5.6729,6.1558,6.1643,6.447,7.3018,7.904,14.4912,16.0406,3.693,3.626,3.8433,3.6763,4.6936,4.9403,5.1804,4.4764,4.6178,4.6406,4.9796,5.1285,4.5418,4.4707,4.3936,4.8224,4.1422,4.881,4.837,4.7606,5.168,5.0805,5.3449,4.3466,4.1141,4.4322,4.11,3.7075,5.2165,3.9293,3.7963,2.9557,3.8556,3.4503,3.3242,4.1787,3.7379,3.4553,5.6866,5.3684,5.6592,5.3026,4.5645,5.5665,4.192,4.1359,4.9978,4.1912,3.2008,7.1973,4.8245,6.8541,5.9818,5.1723,5.309,6.779,6.3823,3.3611,3.3733,4.1575,4.4631,4.4396,6.1701,5.4235,6.1516,4.6024,3.8592,5.7414,6.3476,6.3223,6.2289,3.7208,3.3561,4.4787,3.3097,5.8583,4.7672,6.9528,7.4684,5.9026,4.3212,3.8224,3.042,5.0359,5.3921,6.0415,6.0797,6.3844,6.7793,6.4242,7.5697,6.7016,7.9422,8.0251,7.3683,6.9735,7.7748,8.4509,8.0527,7.8083,7.8582,7.2702,7.3615,7.1817,8.2298,7.4369,3.3034,3.3112
5247.10,3.6659,3.2825,3.3356,3.4709,2.5853,3.3738,3.5681,1.5817,1.221,1.2528,1.1093,1.3576,0.9,0.9527,0.7288,1.1872,3.1693,0.3382,0.5508,0.4998,0.8483,0.215,0.4243,0.6203,0.0,0.7437,1.7584,0.4732,0.928,1.3258,3.4834,0.341,0.2748,0.93,0.9457,0.6051,0.5201,0.5889,1.7727,4.3366,1.3681,0.845,0.7453,1.1012,0.9638,0.836,1.0159,1.3279,1.399,1.2083,1.1151,1.0929,2.6386,1.272,1.5895,1.5702,1.4186,1.5445,1.6141,2.4235,2.051,2.2796,2.7655,2.6359,2.7677,2.9628,2.7658,2.8415,3.145,3.0637,3.2321,3.8355,3.4858,3.6057,3.4675,3.6056,4.1,4.1782,4.5653,4.7383,4.775,4.1166,4.0339,4.2554,4.2978,5.2336,4.3891,4.5413,5.2882,4.9889,4.6171,5.1021,4.7263,4.7255,5.6884,5.2899,5.873,5.5387,5.9269,5.1243,5.6425,5.5543,5.3323,5.1618,5.7747,5.3908,5.7364,6.3872,5.6328,6.1708,6.0857,6.4017,7.3087,8.024,14.6303,16.091,3.1629,3.1196,3.3195,3.1598,4.3029,4.5579,4.788,3.9618,4.1192,4.1548,4.4742,4.6288,3.9735,3.9171,3.8557,4.268,3.5951,4.3454,4.3721,4.3421,4.6925,4.6486,4.9157,3.8506,3.657,3.9837,3.5866,3.1956,4.7659,3.4534,3.2691,2.3538,3.2409,2.8299,2.7363,3.5653,3.1344,2.8379,5.078,4.7536,5.0396,4.71,3.9443,4.9943,3.5735,3.5159,4.3987,3.5756,2.6079,6.5877,4.236,6.2354,5.3617,4.6304,4.8039,6.1871,5.7737,2.7605,2.7824,3.5373,3.8441,3.8199,5.557,4.825,5.5796,3.9833,3.2389,5.1398,5.7277,5.7019,5.6117,3.1091,2.7414,3.862,2.7027,5.2451,4.1754,6.3669,6.8901,5.2848,3.7151,3.204,2.4291,4.4384,4.8017,5.453,5.4817,5.7776,6.1745,5.8399,6.9671,6.1352,7.36,7.4324,6.8177,6.4306,7.2132,7.8764,7.5009,7.2674,7.3363,6.7608,6.7721,6.6025,7.6697,6.8217,2.6832,2.6916
5256.06,3.8994,3.5351,3.6405,3.8146,2.7739,3.9091,4.1683,1.4388,1.3379,1.3118,1.1728,0.9515,1.1307,0.6401,0.6508,0.6752,3.9018,0.8045,0.8291,0.5363,0.2933,0.8412,0.3788,1.3463,0.7437,0.0,2.496,0.2843,0.2302,2.0677,4.2269,0.8442,0.7384,0.4117,1.6443,1.1693,0.8625,1.004,2.4868,5.0773,2.0519,0.8868,0.7656,1.7019,0.9722,1.0347,1.2789,1.9404,1.9666,1.6197,1.1817,1.4024,3.3357,1.4287,2.0839,2.1123,1.7422,1.5408,1.7159,2.9515,2.1851,2.4094,3.1788,2.9095,2.8587,3.1798,2.92,2.9917,3.2437,3.1469,3.4,4.2913,3.8468,3.6857,3.6024,3.7478,4.4591,4.5378,5.0318,5.184,5.2203,4.3887,4.2074,4.4145,4.533,5.7254,4.6731,4.7168,5.7597,5.3916,4.7709,5.4701,4.9311,4.9075,6.1445,5.6963,6.3615,5.9602,6.3972,5.3066,6.0106,5.9209,5.5305,5.2971,6.1075,5.6632,6.046,6.8501,5.9054,6.4958,6.3093,6.6592,7.6146,8.4408,15.0455,16.4116,2.7759,2.7857,2.9416,2.803,4.1427,4.4053,4.6147,3.5868,3.7732,3.8328,4.108,4.2714,3.4767,3.4571,3.4329,3.8003,3.1569,3.919,4.0843,4.1356,4.3794,4.4131,4.68,3.5158,3.4012,3.7342,3.202,2.8473,4.4963,3.1691,2.885,1.6115,2.5123,2.1398,2.21,2.9288,2.3931,2.1179,4.4526,4.1031,4.3274,4.1389,3.2534,4.4758,2.9061,2.8114,3.8104,2.8489,1.8643,5.851,3.4925,5.5174,4.6547,4.186,4.433,5.4434,5.1457,2.1896,2.0389,2.8494,3.1709,3.1108,4.8246,4.0821,5.0567,3.3088,2.542,4.3979,5.0186,5.0025,4.8882,2.3752,2.1075,3.1381,1.9636,4.6002,3.6116,5.6236,6.148,4.6161,2.9754,2.4874,1.6976,3.6953,4.058,4.7094,4.7387,5.0385,5.4342,5.0968,6.2257,5.3972,6.6171,6.6888,6.0869,5.7043,6.4768,7.1352,6.769,6.5416,6.6224,6.0566,6.0284,5.8603,6.9338,6.093,1.9865,1.9853
5262.09,3.4321,3.07,2.9738,2.9759,2.7073,2.3038,2.2459,2.6692,2.1278,2.2235,2.1678,2.8156,1.902,2.4724,2.2038,2.7731,1.414,1.7528,1.8711,2.0863,2.5357,1.6663,2.1374,1.152,1.7584,2.496,0.0,2.2316,2.6864,0.4449,1.7534,1.8137,1.8726,2.6626,1.1309,1.641,1.9561,1.8707,0.8559,2.6682,1.0689,2.3126,2.2849,1.4455,2.3989,2.1583,2.1333,1.3978,1.5641,1.9328,2.4189,2.0869,1.4731,2.3862,1.8404,1.6872,2.1792,2.7569,2.6572,2.1519,2.8921,3.063,2.7581,3.026,3.5117,3.4078,3.3859,3.4542,3.8065,3.7692,3.735,3.4863,3.4728,4.2376,4.0041,4.1071,4.0022,4.0691,4.0942,4.3157,4.3502,4.247,4.4109,4.6405,4.4993,4.6242,4.4581,4.8596,4.7394,4.6733,4.9783,4.8767,4.9581,5.0116,5.1606,4.9391,5.2326,5.1256,5.3408,5.3766,5.3767,5.2986,5.5308,5.5202,5.5977,5.4003,5.6245,5.7996,5.6248,5.9912,6.1732,6.3868,7.126,7.5091,14.0089,15.7105,4.5946,4.4865,4.7297,4.5535,5.3164,5.5409,5.7933,5.3325,5.4406,5.4388,5.809,5.944,5.5048,5.4038,5.2964,5.7526,5.0672,5.7716,5.5919,5.4319,5.9365,5.7686,6.0223,5.1702,4.8729,5.1667,4.9899,4.5756,5.9366,4.7268,4.6903,4.1068,4.999,4.5716,4.3453,5.2584,4.8888,4.594,6.7438,6.4491,6.7892,6.316,5.681,6.5284,5.2936,5.2633,6.03,5.3332,4.3528,8.3457,5.9759,7.9877,7.1072,6.0721,6.1326,7.9306,7.4372,4.4103,4.5252,5.2736,5.5672,5.5694,7.3154,6.5755,7.1088,5.7067,4.9825,6.8929,7.4742,7.4409,7.3674,4.8674,4.4447,5.6185,4.4593,6.9314,5.7821,8.1032,8.6162,6.9961,5.4713,4.9585,4.1875,6.1879,6.5437,7.1927,7.2317,7.5344,7.9301,7.5742,8.7211,7.8443,9.0913,9.1767,8.5011,8.1016,8.9143,9.5968,9.1858,8.9341,8.9692,8.3717,8.5127,8.3299,9.3681,8.5792,4.4293,4.4425
5288.12,3.8632,3.4897,3.5751,3.7345,2.7483,3.75,3.9807,1.5185,1.3128,1.308,1.1607,1.1209,1.0516,0.7477,0.6478,0.8783,3.6421,0.6104,0.7042,0.4468,0.4867,0.6054,0.2322,1.0893,0.4732,0.2843,2.2316,0.0,0.455,1.7983,3.9535,0.5658,0.4577,0.4973,1.36,0.8938,0.6102,0.7466,2.2025,4.7971,1.7686,0.7257,0.5993,1.4273,0.831,0.8328,1.0707,1.6653,1.6993,1.382,1.0319,1.1856,3.0521,1.2584,1.8326,1.8509,1.5295,1.4303,1.5718,2.6971,2.0383,2.2667,2.9544,2.7245,2.7337,3.0144,2.7737,2.8472,3.1186,3.0267,3.2521,4.0587,3.6399,3.5696,3.4667,3.6103,4.2544,4.3332,4.7976,4.9557,4.9922,4.2107,4.0611,4.2738,4.3672,5.4852,4.4921,4.5714,5.525,5.1759,4.633,5.2648,4.7764,4.7603,5.9144,5.4799,6.1228,5.7397,6.1634,5.1603,5.806,5.7167,5.3793,5.1668,5.9138,5.4879,5.8595,6.6188,5.7304,6.305,6.1509,6.4902,7.4311,8.2238,14.8311,16.2269,2.8431,2.8288,3.0055,2.8566,4.1191,4.3796,4.5979,3.6522,3.8264,3.8756,4.1711,4.3311,3.5987,3.5613,3.5196,3.9092,3.2498,4.0089,4.1132,4.1307,4.42,4.4211,4.6888,3.563,3.4138,3.7456,3.2702,2.8973,4.5187,3.1928,2.9515,1.8835,2.768,2.3661,2.3419,3.1231,2.663,2.3661,4.6425,4.3069,4.5704,4.2996,3.4813,4.6106,3.1187,3.0483,3.9795,3.103,2.1417,6.1146,3.7702,5.7648,4.894,4.2848,4.499,5.7191,5.3376,2.3451,2.317,3.075,3.3874,3.3512,5.0839,4.3547,5.1944,3.5263,2.7733,4.6685,5.2594,5.2367,5.1398,2.6359,2.2983,3.3898,2.2304,4.8011,3.7676,5.9015,6.428,4.8309,3.2427,2.7331,1.9559,3.9687,4.3347,4.9867,5.0115,5.3049,5.7022,5.3754,6.4953,5.6797,6.896,6.9639,6.3708,5.9886,6.7597,7.4159,7.0528,6.8258,6.9063,6.3396,6.305,6.1401,7.2168,6.349,2.2171,2.2228
5297.02,4.1097,3.7487,3.8594,4.0368,2.9826,4.1392,4.3959,1.6099,1.5526,1.5204,1.3854,1.0726,1.3575,0.8194,0.8698,0.7787,4.0971,1.0269,1.0592,0.7664,0.4571,1.0501,0.6017,1.5437,0.928,0.2302,2.6864,0.455,0.0,2.252,4.4042,0.9626,0.867,0.2583,1.7808,1.2719,0.9354,1.0779,2.6243,5.2383,2.1747,0.8626,0.7564,1.7948,0.9248,1.0408,1.2821,2.0324,2.0404,1.6504,1.1314,1.4118,3.457,1.3893,2.1284,2.1736,1.7399,1.4465,1.6461,2.9953,2.1112,2.3295,3.178,2.8657,2.7608,3.1151,2.8396,2.9092,3.1437,3.0435,3.3185,4.2976,3.8224,3.5767,3.5096,3.6559,4.4302,4.5087,5.0388,5.1826,5.2187,4.332,4.1217,4.3234,4.4639,5.7398,4.6186,4.6291,5.7662,5.3739,4.6766,5.44,4.851,4.8207,6.1441,5.679,6.373,5.9474,6.4015,5.2183,5.9789,5.889,5.4462,5.1954,6.0636,5.6011,5.9947,6.8506,5.8426,6.4483,6.2303,6.5897,7.5586,8.4214,15.0204,16.3532,2.5659,2.5851,2.7324,2.5981,3.9712,4.2344,4.4386,3.376,3.5666,3.6301,3.8973,4.0618,3.2508,3.2349,3.2154,3.5769,2.9381,3.7002,3.887,3.9541,4.1768,4.2249,4.4909,3.3119,3.2126,3.5454,2.9909,2.6437,4.3012,2.976,2.6751,1.4363,2.313,1.9202,1.9835,2.7005,2.2126,1.9117,4.224,3.877,4.1177,3.9088,3.035,4.2476,2.6819,2.5976,3.5802,2.648,1.7015,5.6605,3.3283,5.311,4.4427,3.9646,4.221,5.2731,4.9175,1.96,1.8776,2.6299,2.948,2.8992,4.629,3.9057,4.8281,3.0863,2.325,4.2178,4.8076,4.7876,4.6852,2.1815,1.8784,2.935,1.7784,4.3735,3.3817,5.459,5.9897,4.3931,2.7904,2.2794,1.5012,3.5207,3.8908,4.5432,4.5625,4.8517,5.2498,4.9343,6.0437,5.2502,6.455,6.517,5.9514,5.5755,6.3321,6.9793,6.6315,6.4125,6.5066,5.9507,5.8601,5.7016,6.7897,5.894,1.7688,1.7714
5303.08,3.498,3.1204,3.0619,3.1007,2.6552,2.575,2.5903,2.3844,1.8512,1.9403,1.863,2.4582,1.5859,2.0948,1.8254,2.3882,1.8567,1.3535,1.4966,1.6857,2.1261,1.2514,1.7178,0.7379,1.3258,2.0677,0.4449,1.7983,2.252,0.0,2.1613,1.3689,1.4289,2.2205,0.7187,1.2027,1.5121,1.4298,0.7819,3.042,0.7779,1.8713,1.841,1.0684,1.96,1.7219,1.7115,1.0728,1.2423,1.546,1.9889,1.6754,1.5933,1.9729,1.5307,1.392,1.8022,2.3419,2.2597,1.9986,2.5299,2.7147,2.5646,2.7511,3.1803,3.1319,3.0748,3.146,3.4958,3.4496,3.4543,3.4047,3.3028,3.9393,3.7214,3.8332,3.8645,3.9355,4.0582,4.2695,4.3051,4.0576,4.168,4.399,4.2971,4.6351,4.2866,4.6355,4.7342,4.6027,4.7461,4.7847,4.7548,4.7965,5.1538,4.8812,5.2587,5.0866,5.3523,5.173,5.3008,5.2192,5.3412,5.2941,5.5007,5.2546,5.5111,5.8153,5.4856,5.8982,6.0152,6.2554,7.0414,7.5147,14.0599,15.699,4.1707,4.07,4.3089,4.134,4.9582,5.1895,5.4394,4.9189,5.0342,5.0378,5.402,5.5403,5.0721,4.9759,4.8737,5.3256,4.6402,5.3519,5.2013,5.0615,5.5435,5.3949,5.652,4.763,4.4793,4.7798,4.5709,4.1579,5.5552,4.324,4.268,3.6791,4.5627,4.1289,3.904,4.8136,4.4601,4.1558,6.3003,6.0044,6.3476,5.8768,5.2373,6.0968,4.849,4.8215,5.5885,4.8961,3.9299,7.9125,5.5563,7.5468,6.6646,5.6511,5.7275,7.5095,6.994,3.9667,4.1035,4.8301,5.1226,5.128,6.8797,6.1498,6.6784,5.2621,4.5401,6.4654,7.0318,6.9972,6.9282,4.4334,3.9998,5.1803,4.0285,6.487,5.3425,7.6859,8.2039,6.5512,5.0409,4.519,3.753,5.7629,6.1231,6.7735,6.8064,7.1032,7.5003,7.1578,8.2929,7.439,8.6767,8.7552,8.106,7.7107,8.5126,9.1873,8.7905,8.5453,8.592,8.0013,8.0932,7.9169,8.9677,8.1415,3.9875,4.0019
5348.10,4.3871,4.1058,3.9139,3.8031,4.0262,2.7195,2.3018,4.3575,3.8203,3.9196,3.8834,4.5599,3.63,4.2246,3.9565,4.5261,0.6371,3.5046,3.6237,3.8381,4.2846,3.4112,3.8791,2.8962,3.4834,4.2269,1.7534,3.9535,4.4042,2.1613,0.0,3.4798,3.5564,4.3494,2.6875,3.24,3.5876,3.4756,1.9311,0.9766,2.4006,3.9038,3.9057,2.8629,3.9671,3.719,3.6212,2.6975,2.8157,3.3079,3.9302,3.5353,1.5409,3.8195,2.998,2.8397,3.4925,4.1755,4.0042,2.7651,4.0795,4.1813,3.3634,3.8765,4.5262,4.2178,4.3321,4.3828,4.7151,4.7165,4.5317,3.5592,3.8804,5.0642,4.786,4.8456,4.2216,4.2656,3.9084,4.1453,4.1718,4.6417,5.0023,5.2095,4.9223,4.1982,4.7638,5.3431,4.3666,4.5635,5.4871,4.8339,5.3513,5.4486,4.7595,4.7569,4.6972,4.8541,4.8554,5.7442,5.2336,5.1745,5.8329,5.9724,5.5237,5.5332,5.614,5.269,5.7182,5.8785,6.3126,6.4086,6.928,6.9433,13.165,15.0834,5.9956,5.8449,6.1081,5.9281,6.3494,6.5343,6.79,6.6529,6.7163,6.6842,7.0806,7.1938,6.953,6.8171,6.6753,7.1534,6.4801,7.1216,6.7777,6.5199,7.1265,6.8628,7.0923,6.4569,6.0949,6.3455,6.3511,5.939,7.0648,6.0015,6.0788,5.8369,6.7051,6.2417,5.8918,6.8625,6.6163,6.2926,8.2997,8.0426,8.462,7.8154,7.3353,7.9546,6.9283,6.9384,7.5591,7.0352,6.0905,10.059,7.7174,9.6641,8.77,7.4262,7.387,9.67,8.9833,5.9885,6.2644,6.9303,7.2031,7.2469,9.0206,8.3081,8.5193,7.3418,6.6527,8.6218,9.138,9.0898,9.0557,6.5815,6.0712,7.315,6.1826,8.5093,7.2918,9.8472,10.3645,8.6051,7.1945,6.6502,5.9012,7.9218,8.284,8.9346,8.9649,9.2543,9.6535,9.3192,10.4479,9.5963,10.8379,10.9156,10.2545,9.8545,10.6672,11.3469,10.9392,10.6865,10.717,10.1158,10.2543,10.0778,11.1213,10.2743,6.1076,6.1292
5359.11,3.9921,3.6071,3.6512,3.7777,2.9201,3.6162,3.7725,1.906,1.5617,1.5915,1.4468,1.6249,1.241,1.2245,1.0324,1.4162,3.2238,0.6791,0.8902,0.7944,1.0384,0.5438,0.6497,0.7754,0.341,0.8442,1.8137,0.5658,0.9626,1.3689,3.4798,0.0,0.1107,0.8707,0.82,0.329,0.1959,0.2485,1.6624,4.288,1.2134,0.5644,0.4955,0.8622,0.6774,0.5101,0.6755,1.0998,1.14,0.8832,0.7999,0.7525,2.497,0.9364,1.2962,1.2986,1.0819,1.2274,1.2797,2.1509,1.7113,1.9395,2.4543,2.3,2.4284,2.6234,2.4248,2.5004,2.8049,2.7243,2.8912,3.5399,3.1651,3.2658,3.1264,3.2646,3.7803,3.8587,4.2746,4.4413,4.4779,3.7834,3.6935,3.9148,3.9612,4.9529,4.0577,4.2013,5.0002,4.6803,4.2764,4.7857,4.3878,4.3858,5.3958,4.9826,5.5917,5.2357,5.6392,4.7848,5.3268,5.2381,4.9938,4.8208,5.4522,5.059,5.41,6.0975,5.3012,5.8473,5.7494,6.0689,6.9829,7.7217,14.3296,15.7698,2.9193,2.858,3.0709,2.9055,3.9892,4.2421,4.4754,3.7068,3.8535,3.8814,4.2132,4.3642,3.7679,3.6953,3.6191,4.047,3.3668,4.1069,4.0877,4.0377,4.4138,4.3497,4.616,3.583,3.3679,3.6911,3.3379,2.938,4.475,3.1736,3.0232,2.3906,3.2276,2.7675,2.5599,3.4464,3.1585,2.8133,4.9407,4.6375,4.9885,4.5387,3.8717,4.7932,3.4803,3.4627,4.2399,3.5561,2.6614,6.5817,4.2851,6.1896,5.302,4.3975,4.5429,6.2236,5.6356,2.6084,2.8377,3.4647,3.7541,3.7705,5.5414,4.8516,5.378,3.8936,3.179,5.1587,5.6696,5.6312,5.5771,3.1086,2.6311,3.8352,2.7213,5.1222,4.0032,6.414,6.9483,5.1826,3.7282,3.1705,2.4305,4.4691,4.845,5.4977,5.5076,5.7812,6.1828,5.891,6.9794,6.2124,7.4113,7.4652,6.9135,6.5361,7.2945,7.9388,7.5939,7.3733,7.4616,6.8991,6.812,6.66,7.7521,6.7948,2.63,2.6497
5359.13,3.9407,3.5571,3.6087,3.7415,2.8592,3.6143,3.7865,1.81,1.4825,1.5076,1.3615,1.5163,1.1672,1.1171,0.9315,1.3056,3.2857,0.6085,0.81,0.6931,0.9278,0.4886,0.5408,0.7953,0.2748,0.7384,1.8726,0.4577,0.867,1.4289,3.5564,0.1107,0.0,0.7944,0.9141,0.4393,0.2484,0.3407,1.7579,4.3749,1.3148,0.5773,0.4878,0.972,0.6951,0.5619,0.7517,1.2092,1.2507,0.9849,0.8405,0.839,2.5988,1.0004,1.405,1.4091,1.1744,1.2701,1.3416,2.2611,1.7832,2.0124,2.5589,2.3919,2.4987,2.7099,2.5032,2.5786,2.8776,2.7948,2.9727,3.6474,3.2662,3.3375,3.2045,3.3438,3.8816,3.9601,4.3827,4.5483,4.585,3.8773,3.7771,3.997,4.0516,5.062,4.1529,4.2857,5.1086,4.785,4.3585,4.888,4.4755,4.4711,5.5035,5.0876,5.7008,5.3416,5.7476,4.8705,5.4292,5.3405,5.0813,4.9015,5.5521,5.1537,5.5081,6.2055,5.396,5.9467,5.8398,6.1626,7.081,7.8275,14.4356,15.8698,2.9174,2.8651,3.0716,2.9089,4.0295,4.2841,4.5148,3.711,3.8633,3.8954,4.2207,4.3736,3.7497,3.6839,3.6143,4.0354,3.3581,4.1033,4.108,4.071,4.4309,4.3792,4.6461,3.5937,3.3909,3.7164,3.3388,2.9431,4.4995,3.191,3.0225,2.3001,3.1487,2.7003,2.529,3.3966,3.0714,2.7366,4.8978,4.5876,4.9201,4.5075,3.8085,4.7736,3.4227,3.3939,4.204,3.479,2.5682,6.5028,4.1939,6.1202,5.236,4.3914,4.5504,6.1354,5.5932,2.5687,2.7444,3.4012,3.6958,3.701,5.4644,4.7651,5.3588,3.8353,3.1117,5.0739,5.6033,5.5684,5.5047,3.0267,2.5776,3.76,2.6349,5.0746,3.972,6.3238,6.8562,5.1286,3.6439,3.0964,2.3473,4.3816,4.7551,5.4078,5.4214,5.6999,6.1005,5.8,6.8965,6.1168,7.3205,7.3781,6.8151,6.4361,7.1984,7.8461,7.496,7.2733,7.359,6.7948,6.7233,6.568,7.6559,6.7209,2.5602,2.577
5368.03,4.3052,3.9385,4.0374,4.2057,3.1813,4.2471,4.4759,1.8454,1.7428,1.7206,1.5797,1.3261,1.5162,1.0478,1.055,1.0342,4.0766,1.1078,1.1871,0.9064,0.6899,1.0933,0.7075,1.5476,0.93,0.4117,2.6626,0.4973,0.2583,2.2205,4.3494,0.8707,0.7944,0.0,1.6843,1.1474,0.7946,0.9306,2.5195,5.1559,2.056,0.6413,0.5517,1.6481,0.6873,0.8348,1.0682,1.8817,1.8721,1.4505,0.8889,1.1999,3.3281,1.1491,1.9343,1.9928,1.5166,1.1892,1.3933,2.7959,1.8564,2.0734,2.9493,2.6184,2.5026,2.8615,2.5831,2.6523,2.8854,2.7851,3.0617,4.071,3.5813,3.3185,3.2516,3.3979,4.1869,4.2652,4.8117,4.9511,4.9869,4.0796,3.8641,4.0654,4.2087,5.5164,4.3667,4.3713,5.5383,5.1345,4.4184,5.1956,4.594,4.563,5.9124,5.4396,6.1476,5.7099,6.1722,4.9605,5.7337,5.6437,5.1887,4.9371,5.8143,5.3471,5.7432,6.6191,5.5883,6.1978,5.9733,6.3341,7.3056,8.1803,14.7762,16.0992,2.374,2.3772,2.5387,2.3969,3.7336,3.9963,4.2043,3.185,3.3677,3.4249,3.7057,3.8681,3.1053,3.0736,3.0398,3.42,2.7667,3.5278,3.6741,3.7243,3.9712,4.0015,4.2683,3.1087,2.9896,3.3226,2.8009,2.4403,4.0854,2.7581,2.483,1.5381,2.3569,1.9092,1.8456,2.6364,2.2949,1.9431,4.1522,3.8238,4.1271,3.8025,3.0207,4.1148,2.6443,2.601,3.4836,2.6858,1.8177,5.7111,3.4299,5.3266,4.4447,3.7998,4.0318,5.36,4.8477,1.8481,1.9937,2.6133,2.9156,2.9076,4.6712,3.986,4.6983,3.055,2.32,4.2908,4.8116,4.7801,4.7104,2.2388,1.812,2.9659,1.8572,4.316,3.2704,5.5544,6.0937,4.3551,2.8602,2.302,1.5622,3.6052,3.9857,4.638,4.6412,4.9109,5.3128,5.0338,6.1098,5.3705,6.5529,6.5998,6.085,5.7173,6.4539,7.0855,6.762,6.5531,6.6615,6.116,5.9493,5.8053,6.9118,5.9266,1.767,1.7827
5382.06,3.9995,3.6128,3.595,3.6687,3.0401,3.2583,3.3034,2.3952,1.9241,1.9902,1.8715,2.2825,1.6014,1.8813,1.6332,2.1311,2.4903,1.1486,1.3595,1.4268,1.7908,0.9948,1.3685,0.6738,0.9457,1.6443,1.1309,1.36,1.7808,0.7187,2.6875,0.82,0.9141,1.6843,0.0,0.5525,0.9029,0.7881,0.8439,3.4718,0.424,1.2207,1.2182,0.3807,1.2933,1.0467,1.0027,0.4943,0.6387,0.8333,1.2929,0.9584,1.696,1.257,0.9181,0.8187,1.094,1.6272,1.5412,1.6055,1.8274,2.0221,2.0724,2.1385,2.4993,2.5112,2.4147,2.4883,2.8324,2.7777,2.8237,3.0506,2.8203,3.2854,3.0857,3.2065,3.4156,3.491,3.7563,3.9474,3.9839,3.5336,3.5743,3.8047,3.753,4.3936,3.7833,4.0603,4.4659,4.238,4.16,4.386,4.2043,4.2309,4.8767,4.5309,5.0309,4.7617,5.1004,4.6186,4.9184,4.8329,4.8029,4.7112,5.0859,4.7748,5.0733,5.5641,5.0123,5.4852,5.5128,5.7864,6.6315,7.2331,13.8242,15.3667,3.4638,3.3567,3.5989,3.4229,4.2519,4.487,4.7351,4.2041,4.3167,4.3194,4.6847,4.8222,4.3783,4.274,4.1655,4.6224,3.9371,4.641,4.483,4.349,4.8249,4.6809,4.9392,4.0457,3.7607,4.0622,3.8594,3.4455,4.8387,3.6057,3.5594,3.2106,4.0374,3.5565,3.2399,4.1846,3.9771,3.6205,5.6473,5.3706,5.7755,5.2003,4.6477,5.4005,4.2423,4.2534,4.9224,4.3629,3.4811,7.3897,5.1051,6.9777,6.0825,4.9414,5.0097,7.0425,6.3377,3.3195,3.6574,4.2428,4.5171,4.5622,6.3464,5.6696,5.98,4.656,3.967,5.9751,6.4505,6.4028,6.3728,3.9226,3.3858,4.6382,3.5397,5.8452,4.6682,7.2338,7.7683,5.9275,4.5445,3.9725,3.2464,5.2878,5.6647,6.3174,6.3252,6.5932,6.9959,6.7109,7.7933,7.0309,8.2312,8.2834,7.7284,7.348,8.1125,8.7587,8.4096,8.1853,8.2657,7.6963,7.6312,7.48,8.5701,7.5931,3.4251,3.4503
5391.06,4.131,3.7433,3.765,3.8725,3.0917,3.6101,3.7183,2.1851,1.7969,1.8391,1.7,1.9427,1.4673,1.5395,1.3309,1.7423,3.029,0.9184,1.1417,1.0967,1.3671,0.7621,0.9714,0.7773,0.6051,1.1693,1.641,0.8938,1.2719,1.2027,3.24,0.329,0.4393,1.1474,0.5525,0.0,0.3548,0.2361,1.3734,4.0167,0.9089,0.6748,0.6658,0.5335,0.7579,0.5199,0.5586,0.7716,0.8127,0.6214,0.7973,0.579,2.1866,0.8394,0.9853,0.9754,0.8584,1.1871,1.1709,1.8294,1.5538,1.7742,2.161,2.0595,2.2667,2.4017,2.234,2.3099,2.6317,2.5596,2.6863,3.2319,2.8848,3.0936,2.9324,3.0658,3.4982,3.5762,3.9633,4.1345,4.1712,3.53,3.4777,3.703,3.7202,4.6362,3.7989,3.9811,4.6874,4.3838,4.0642,4.4985,4.1556,4.1621,5.0859,4.6848,5.2754,4.9338,5.3263,4.5591,5.0386,4.9506,4.7613,4.6127,5.174,4.8006,5.1389,5.7859,5.0421,5.5707,5.5055,5.813,6.7104,7.4193,14.0261,15.4888,2.9808,2.8937,3.1238,2.9517,3.9168,4.1631,4.4036,3.7454,3.8748,3.89,4.2399,4.3844,3.8708,3.7792,3.6843,4.1298,3.4449,4.1667,4.0761,3.9869,4.411,4.309,4.5726,3.6031,3.352,3.6663,3.3883,2.9789,4.4498,3.1762,3.0805,2.6836,3.4917,3.0046,2.7053,3.6367,3.442,3.0734,5.1081,4.8244,5.2231,4.6751,4.0953,4.8961,3.6908,3.7016,4.3898,3.8152,2.9596,6.8418,4.5768,6.4254,5.53,4.4633,4.5681,6.5066,5.8002,2.7767,3.136,3.6903,3.9656,4.0104,5.7974,5.1319,5.4785,4.1046,3.415,5.4345,5.898,5.8508,5.8213,3.3802,2.8348,4.0889,3.0043,5.3017,4.1411,6.7018,7.2408,5.3791,4.0044,3.4231,2.7071,4.752,5.1331,5.7854,5.7864,6.0479,6.4514,6.1812,7.2494,6.5133,7.7003,7.7453,7.2208,6.8468,7.5962,8.2324,7.8998,7.6837,7.7779,7.2189,7.0961,6.9524,8.0541,7.042,2.8742,2.9007
5430.08,4.1827,3.7983,3.8449,3.9729,3.1054,3.8074,3.9558,2.0464,1.7304,1.7541,1.6074,1.7187,1.4156,1.3281,1.1627,1.4873,3.3582,0.8563,1.058,0.9252,1.0968,0.7307,0.7514,0.9607,0.5201,0.8625,1.9561,0.6102,0.9354,1.5121,3.5876,0.1959,0.2484,0.7946,0.9029,0.3548,0.0,0.143,1.7281,4.3711,1.2618,0.3769,0.329,0.8604,0.4859,0.3171,0.5056,1.0974,1.1082,0.7737,0.6044,0.6002,2.5345,0.7523,1.2238,1.2501,0.9411,1.0326,1.0941,2.0902,1.535,1.7642,2.3492,2.155,2.2503,2.4673,2.2562,2.3315,2.6293,2.5464,2.7269,3.4497,3.0451,3.0891,2.9573,3.097,3.6604,3.7391,4.188,4.3477,4.3842,3.642,3.5322,3.7514,3.8122,4.875,3.9194,4.0412,4.9153,4.5735,4.1128,4.6691,4.2334,4.2272,5.3058,4.8771,5.5126,5.1347,5.5539,4.6268,5.2105,5.1215,4.8389,4.655,5.3269,4.9192,5.279,6.0097,5.1617,5.7203,5.6,5.9267,6.8519,7.6198,14.2278,15.6439,2.7325,2.6669,2.8826,2.716,3.7944,4.0477,4.2804,3.5166,3.6611,3.6877,4.0216,4.1718,3.5915,3.5139,3.4335,3.8656,3.1838,3.9205,3.8925,3.842,4.2193,4.1538,4.4201,3.3904,3.1724,3.4954,3.1494,2.7477,4.2794,2.9792,2.8357,2.3323,3.1371,2.6543,2.3965,3.3044,3.0881,2.7191,4.7883,4.4944,4.8743,4.3736,3.7496,4.6173,3.3497,3.3512,4.0798,3.4611,2.6102,6.4878,4.2244,6.0764,5.1833,4.2124,4.3512,6.1524,5.4822,2.4547,2.7864,3.3438,3.6243,3.6599,5.4439,4.7774,5.2017,3.7635,3.0652,5.0797,5.5512,5.507,5.4701,3.0254,2.4958,3.7356,2.6505,4.9755,3.8383,6.3483,6.8882,5.0447,3.6497,3.0698,2.3525,4.3978,4.7797,5.4319,5.4317,5.6933,6.0967,5.8281,6.8946,6.1638,7.3469,7.3907,6.8748,6.5035,7.247,7.8801,7.553,7.34,7.44,6.8859,6.742,6.5998,7.7049,6.6903,2.5223,2.5475
5430.10,4.2243,3.8383,3.8752,3.9949,3.1601,3.787,3.9159,2.1504,1.8099,1.8399,1.6952,1.8456,1.4883,1.4506,1.272,1.6209,3.2634,0.9264,1.1387,1.0335,1.2327,0.7867,0.8725,0.9366,0.5889,1.004,1.8707,0.7466,1.0779,1.4298,3.4756,0.2485,0.3407,0.9306,0.7881,0.2361,0.143,0.0,1.6005,4.247,1.1301,0.4419,0.4302,0.7196,0.5326,0.311,0.4326,0.9558,0.9653,0.6471,0.6037,0.5041,2.3976,0.703,1.086,1.1083,0.8348,1.0187,1.046,1.9509,1.4679,1.6952,2.2233,2.0528,2.1854,2.3749,2.1776,2.2534,2.5603,2.4811,2.6432,3.3185,2.9267,3.0216,2.8793,3.017,3.5421,3.6207,4.0558,4.2179,4.2545,3.5373,3.4451,3.6665,3.7135,4.7404,3.8125,3.9528,4.7827,4.449,4.0282,4.5493,4.1395,4.1373,5.1749,4.7521,5.3784,5.0079,5.4215,4.5364,5.0906,5.0017,4.7455,4.5729,5.2118,4.8135,5.1674,5.8781,5.0558,5.6062,5.5017,5.8228,6.7404,7.4935,14.1017,15.5296,2.773,2.6956,2.9194,2.7496,3.7745,4.0249,4.2612,3.5472,3.6839,3.7047,4.047,4.1944,3.6508,3.5647,3.476,3.9159,3.232,3.9607,3.9006,3.832,4.2315,4.1488,4.414,3.4124,3.1779,3.4971,3.1851,2.7789,4.2814,2.9929,2.8744,2.4686,3.2629,2.7705,2.4746,3.4011,3.2208,2.8438,4.875,4.5892,4.9882,4.4472,3.8596,4.6766,3.4547,3.4674,4.1593,3.5849,2.7479,6.6109,4.3592,6.1904,5.2945,4.2553,4.3761,6.2838,5.5676,2.5427,2.924,3.4548,3.7295,3.7763,5.5657,4.9081,5.2599,3.8685,3.1805,5.2088,5.6625,5.6148,5.5875,3.154,2.5987,3.8572,2.7833,5.0672,3.9127,6.4813,7.0227,5.1433,3.7795,3.1915,2.4836,4.5296,4.9132,5.5651,5.5618,5.819,6.223,5.962,7.0213,6.3011,7.4801,7.5209,7.0139,6.6436,7.3844,8.0148,7.6916,7.48,7.5814,7.0281,6.8736,6.7343,7.8423,6.8085,2.6413,2.6691
5445.07,4.2468,3.8752,3.7987,3.8159,3.4353,3.1529,3.0544,3.089,2.5729,2.6547,2.5591,3.0679,2.279,2.6763,2.4158,2.9439,1.8679,1.923,2.1111,2.2301,2.6209,1.7837,2.1968,1.3382,1.7727,2.4868,0.8559,2.2025,2.6243,0.7819,1.9311,1.6624,1.7579,2.5195,0.8439,1.3734,1.7281,1.6005,0.0,2.6485,0.4779,2.006,2.0258,0.9371,2.0574,1.8113,1.6948,0.7677,0.897,1.378,2.0048,1.605,0.8776,1.8886,1.1197,0.9567,1.5746,2.2464,2.0851,1.2962,2.2169,2.355,1.9073,2.2202,2.7667,2.5987,2.6146,2.6784,3.0297,3.0041,2.9274,2.6497,2.6171,3.4431,3.1964,3.2913,3.1485,3.2162,3.2854,3.5003,3.5355,3.3927,3.5736,3.8019,3.6471,3.8539,3.6022,4.0131,3.955,3.8439,4.1348,4.0374,4.1056,4.162,4.3751,4.1171,4.4769,4.3158,4.5713,4.5239,4.5452,4.4654,4.6759,4.6736,4.7569,4.5462,4.7779,5.034,4.7718,5.1524,5.3179,5.5357,6.2915,6.7349,13.2782,14.9232,4.0766,3.9359,4.1949,4.0152,4.5975,4.8087,5.0639,4.7597,4.8403,4.8208,5.208,5.3309,5.0275,4.8979,4.764,5.2379,4.5601,5.2203,4.9428,4.7362,5.2913,5.0776,5.3226,4.5753,4.2385,4.5115,4.4436,4.0291,5.2616,4.122,4.163,4.0516,4.8634,4.3637,3.9635,4.9444,4.8144,4.4443,6.3699,6.119,6.5745,5.8851,5.439,6.0349,5.0226,5.0598,5.6281,5.1851,4.3237,8.2104,5.946,7.776,6.8743,5.5245,5.523,7.8795,7.0526,4.0659,4.5001,5.0375,5.2969,5.3686,7.1642,6.5051,6.6041,5.4347,4.7718,6.8078,7.242,7.1849,7.1801,4.7534,4.1656,5.456,4.3767,6.5821,5.3609,8.0732,8.6097,6.6847,5.3778,4.7905,4.0804,6.1247,6.5042,7.1568,7.1597,7.4195,7.8235,7.5514,8.6217,7.8745,9.0712,9.1186,8.5721,8.1911,8.9563,9.6006,9.2535,9.0283,9.1057,8.533,8.4687,8.3214,9.4138,8.4021,4.2383,4.2683
5450.04,5.3092,5.0453,4.8413,4.7129,4.9976,3.5873,3.1129,5.3125,4.7728,4.8711,4.8272,5.4833,4.5668,5.1329,4.8635,5.4292,1.5829,4.3954,4.5321,4.7272,5.1627,4.2886,4.747,3.7788,4.3366,5.0773,2.6682,4.7971,5.2383,3.042,0.9766,4.288,4.3749,5.1559,3.4718,4.0167,4.3711,4.247,2.6485,0.0,3.1249,4.6538,4.6738,3.5763,4.7015,4.4572,4.324,3.3773,3.4641,3.9718,4.6334,4.2218,1.9864,4.4852,3.5886,3.4442,4.1155,4.8187,4.6165,3.1386,4.6058,4.6667,3.655,4.2453,4.9389,4.5414,4.7196,4.7582,5.062,5.0839,4.8289,3.5436,4.0176,5.35,5.0613,5.0944,4.2279,4.2558,3.7096,3.936,3.9559,4.7156,5.1631,5.3478,4.9953,3.8349,4.7812,5.4281,4.0233,4.3598,5.5795,4.6519,5.386,5.5031,4.3765,4.4999,4.2397,4.5405,4.4188,5.7474,4.9738,4.9283,5.7962,6.0137,5.2898,5.4148,5.4118,4.7883,5.5698,5.6084,6.1676,6.1949,6.5779,6.3942,12.4214,14.4299,6.5775,6.4037,6.6735,6.495,6.7047,6.8618,7.113,7.1717,7.2064,7.1564,7.5613,7.659,7.549,7.3921,7.2304,7.7151,7.0603,7.651,7.2121,6.9025,7.5564,7.241,7.4513,6.9589,6.5664,6.7854,6.901,6.4987,7.4589,6.5064,6.6513,6.6742,7.5082,7.012,6.5704,7.5716,7.4461,7.0901,8.9584,8.733,9.2205,8.4363,8.0828,8.5229,7.6618,7.7079,8.2043,7.8317,6.9381,10.8579,8.5662,10.4211,9.5171,7.9535,7.8518,10.5104,9.6292,6.6882,7.1137,7.6829,7.9353,8.0167,9.8123,9.1396,9.0706,8.0723,7.4198,9.4465,9.8844,9.8221,9.828,7.3944,6.8064,8.1039,7.0092,9.1837,7.9259,10.6972,11.225,9.3044,8.0159,7.4383,6.7179,8.7565,9.1291,9.7815,9.7956,10.0643,10.4674,10.1719,11.265,10.4713,11.6926,11.7529,11.1461,10.7523,11.548,12.2124,11.8302,11.5871,11.6322,11.0378,11.098,10.9372,12.004,11.0502,6.8866,6.916
5453.01,4.2474,3.8651,3.8218,3.8709,3.3442,3.3393,3.3135,2.8014,2.3148,2.3862,2.2739,2.706,1.999,2.3052,2.056,2.5545,2.2901,1.569,1.7761,1.8509,2.2102,1.4171,1.7893,1.0506,1.3681,2.0519,1.0689,1.7686,2.1747,0.7779,2.4006,1.2134,1.3148,2.056,0.424,0.9089,1.2618,1.1301,0.4779,3.1249,0.0,1.5289,1.5518,0.4623,1.5795,1.3335,1.2208,0.3349,0.4967,0.925,1.5302,1.1365,1.284,1.4263,0.7722,0.6226,1.1453,1.7903,1.6474,1.2638,1.8341,1.9972,1.7975,1.9776,2.4429,2.3593,2.32,2.3892,2.7411,2.7015,2.6837,2.7021,2.5415,3.1772,2.9519,3.0608,3.1172,3.1902,3.3899,3.5891,3.6254,3.2868,3.3903,3.6212,3.5227,4.0095,3.5214,3.8579,4.0901,3.8982,3.9681,4.0626,3.9797,4.0196,4.5046,4.1855,4.6443,4.4065,4.7208,4.3977,4.5881,4.5043,4.5687,4.5162,4.772,4.4983,4.7718,5.185,4.7319,5.1709,5.2523,5.5042,6.3169,6.8656,13.4455,15.0211,3.6305,3.4995,3.7541,3.575,4.2515,4.4738,4.7268,4.3331,4.4249,4.4134,4.7935,4.922,4.5729,4.4502,4.3236,4.7932,4.1121,4.7868,4.5513,4.3731,4.8981,4.7117,4.9628,4.1571,3.838,4.1227,4.007,3.5916,4.8855,3.7072,3.7198,3.5924,4.3916,3.8872,3.4912,4.4679,4.3498,3.9718,5.8993,5.6442,6.0969,5.4224,4.9612,5.5856,4.5448,4.583,5.1605,4.7116,3.868,7.7359,5.4857,7.2983,6.3965,5.0903,5.1128,7.4136,6.5838,3.5905,4.0443,4.5598,4.8191,4.8918,6.6891,6.0382,6.1584,4.9569,4.2949,6.3389,6.7641,6.7072,6.7032,4.284,3.6878,4.9812,3.9122,6.1091,4.8959,7.6101,8.1496,6.2089,4.9096,4.316,3.6135,5.6592,6.0415,6.6937,6.692,6.9471,7.3516,7.0898,8.15,7.4213,8.6087,8.651,8.126,7.7494,8.5041,9.1413,8.8059,8.5866,8.6737,8.1082,8.0034,7.8612,8.9619,7.9253,3.7628,3.794
5470.10,4.5012,4.1199,4.179,4.3159,3.4066,4.1806,4.3327,2.243,1.9956,2.0048,1.8562,1.8274,1.6999,1.4706,1.3639,1.5606,3.7038,1.1608,1.3362,1.1413,1.1697,1.0598,0.9349,1.337,0.845,0.8868,2.3126,0.7257,0.8626,1.8713,3.9038,0.5644,0.5773,0.6413,1.2207,0.6748,0.3769,0.4419,2.006,4.6538,1.5289,0.0,0.1265,1.0836,0.1191,0.2066,0.4273,1.3029,1.2669,0.8152,0.3062,0.5592,2.7626,0.5422,1.3006,1.3709,0.8781,0.7186,0.8461,2.1573,1.3132,1.5413,2.3154,2.0228,2.0087,2.2973,2.0491,2.1223,2.3934,2.3023,2.5282,3.4354,2.9657,2.8457,2.7411,2.8848,3.5762,3.6548,4.1765,4.3201,4.3561,3.5028,3.337,3.5487,3.651,4.8787,3.7867,3.8473,4.9038,4.5148,3.9077,4.587,4.0551,4.0367,5.2815,4.8198,5.5112,5.0868,5.539,4.4365,5.127,5.0372,4.657,4.4411,5.221,4.7781,5.1592,5.9881,5.0204,5.609,5.4314,5.7763,6.7281,7.5633,14.1653,15.5252,2.356,2.2939,2.5069,2.3412,3.4621,3.7186,3.9463,3.1424,3.2901,3.3198,3.6492,3.8007,3.2167,3.1373,3.0568,3.4889,2.807,3.544,3.5308,3.4975,3.8543,3.8036,4.0707,3.0199,2.8137,3.1395,2.7738,2.3736,3.9223,2.6142,2.4595,2.1341,2.8746,2.3586,2.0328,2.9639,2.8601,2.4535,4.4335,4.1505,4.569,4.0064,3.4354,4.2426,3.0246,3.0541,3.7174,3.1895,2.421,6.2102,4.0061,5.7708,4.871,3.8356,3.9789,5.911,5.1259,2.1019,2.5948,3.0326,3.2993,3.3629,5.1623,4.5343,4.8268,3.438,2.766,4.828,5.2389,5.1866,5.1743,2.7758,2.1674,3.4554,2.4257,4.627,3.4717,6.1156,6.6639,4.7068,3.4041,2.7913,2.119,4.1609,4.5516,5.2011,5.1843,5.426,5.8317,5.6013,6.6304,5.9602,7.1148,7.1422,6.6868,6.3268,7.0433,7.6567,7.3599,7.1607,7.2809,6.7431,6.5015,6.3758,7.501,6.3964,2.2362,2.2704
5470.12,4.3894,4.0091,4.0724,4.213,3.291,4.1018,4.267,2.1168,1.8751,1.8824,1.7339,1.7025,1.5832,1.3442,1.2386,1.4379,3.6857,1.0511,1.2197,1.0177,1.0458,0.9585,0.8099,1.2701,0.7453,0.7656,2.2849,0.5993,0.7564,1.841,3.9057,0.4955,0.4878,0.5517,1.2182,0.6658,0.329,0.4302,2.0258,4.6738,1.5518,0.1265,0.0,1.1202,0.2365,0.2853,0.5258,1.3478,1.3264,0.8997,0.4326,0.6555,2.8044,0.6661,1.3828,1.4422,0.9856,0.8403,0.9727,2.2459,1.4397,1.6678,2.4247,2.1447,2.1348,2.4224,2.1755,2.2488,2.5197,2.4283,2.6545,3.5428,3.0826,2.9715,2.8676,3.0113,3.6942,3.7729,4.2839,4.4303,4.4665,3.6263,3.4634,3.6752,3.776,4.9838,3.9098,3.9737,5.0116,4.6298,4.0342,4.7052,4.181,4.163,5.3916,4.9348,5.6175,5.2005,5.6476,4.5628,5.2455,5.1558,4.7831,4.5676,5.3421,4.9021,5.2816,6.0979,5.1444,5.7307,5.5571,5.901,6.8511,7.6788,14.2821,15.6481,2.4301,2.3778,2.5839,2.4211,3.5734,3.8309,4.0568,3.2232,3.3765,3.4102,3.7332,3.8866,3.2724,3.201,3.1279,3.5527,2.8735,3.6165,3.6268,3.6039,3.9473,3.907,4.1744,3.1072,2.9125,3.24,2.8511,2.4554,4.0215,2.7081,2.535,2.0718,2.8402,2.3409,2.0691,2.9767,2.8106,2.4201,4.4593,4.1663,4.5581,4.047,3.4296,4.2977,3.0258,3.0378,3.7516,3.1598,2.3561,6.1847,3.9538,5.7603,4.8643,3.9056,4.063,5.8688,5.1533,2.1257,2.5311,3.0247,3.3005,3.3467,5.1386,4.4923,4.8826,3.4397,2.7507,4.7899,5.2323,5.1852,5.1581,2.7354,2.1705,3.4302,2.3742,4.6469,3.5116,6.0699,6.615,4.7178,3.3625,2.7647,2.0706,4.1162,4.5035,5.1544,5.1445,5.3953,5.8,5.553,6.5985,5.9032,7.0691,7.1034,6.6245,6.2606,6.9867,7.6076,7.2995,7.0956,7.2094,6.6665,6.4591,6.3267,7.4445,6.3794,2.213,2.2425
5492.05,4.371,3.9837,3.9712,4.0479,3.3939,3.6306,3.6583,2.6477,2.2112,2.2676,2.1384,2.4574,1.8815,2.0525,1.8275,2.2691,2.7379,1.3734,1.5961,1.601,1.8986,1.2126,1.4955,1.0091,1.1012,1.7019,1.4455,1.4273,1.7948,1.0684,2.8629,0.8622,0.972,1.6481,0.3807,0.5335,0.8604,0.7196,0.9371,3.5763,0.4623,1.0836,1.1202,0.0,1.1254,0.8827,0.7585,0.2385,0.3045,0.4879,1.0681,0.6765,1.6843,0.9702,0.554,0.4856,0.7358,1.338,1.2147,1.328,1.4616,1.6495,1.7345,1.7617,2.1225,2.1325,2.0343,2.1077,2.4525,2.399,2.4437,2.7583,2.4783,2.9048,2.7052,2.8266,3.0819,3.1585,3.4794,3.6604,3.6971,3.1744,3.1985,3.4286,3.3877,4.1383,3.4296,3.6873,4.1984,3.9318,3.7849,4.0658,3.8366,3.8597,4.603,4.2289,4.7775,4.4686,4.8362,4.2495,4.6023,4.5156,4.4373,4.3362,4.7575,4.4256,4.7369,5.298,4.6645,5.1563,5.1555,5.4385,6.3013,6.9494,13.5507,15.0562,3.1819,3.0587,3.3093,3.131,3.8898,4.1216,4.3712,3.8987,3.9997,3.9949,4.3683,4.5012,4.1179,3.9997,3.8785,4.3445,3.6616,4.3464,4.1465,3.9948,4.4909,4.3294,4.5854,3.7301,3.4274,3.7217,3.5652,3.1497,4.4935,3.2841,3.2733,3.1849,3.9569,3.4402,3.0289,4.0073,3.9303,3.536,5.4371,5.1823,5.6442,4.9627,4.5066,5.1334,4.0876,4.1346,4.699,4.2729,3.4657,7.2934,5.0722,6.8448,5.9413,4.649,4.6906,6.9889,6.1219,3.1289,3.6416,4.1066,4.3616,4.4431,6.2453,5.6123,5.7082,4.4991,3.8461,5.9088,6.3087,6.2495,6.2535,3.8548,3.2312,4.5388,3.4936,5.6468,4.4354,7.19,7.7344,5.7477,4.4823,3.8748,3.1907,5.2364,5.6233,6.2744,6.264,6.5095,6.9149,6.6728,7.7136,7.0178,8.1892,8.2226,7.7328,7.3631,8.1013,8.7269,8.41,8.1994,8.3004,7.7453,7.5792,7.4461,8.5592,7.4759,3.3195,3.3539
5509.02,4.62,4.2388,4.298,4.4347,3.5246,4.293,4.4393,2.3496,2.1113,2.1189,1.9704,1.9197,1.8175,1.5712,1.4738,1.6474,3.7822,1.2797,1.4538,1.254,1.2601,1.1786,1.0455,1.4462,0.9638,0.9722,2.3989,0.831,0.9248,1.96,3.9671,0.6774,0.6951,0.6873,1.2933,0.7579,0.4859,0.5326,2.0574,4.7015,1.5795,0.1191,0.2365,1.1254,0.0,0.2481,0.4131,1.335,1.2842,0.8085,0.2096,0.5424,2.7923,0.4645,1.2911,1.3743,0.8351,0.6038,0.7462,2.1357,1.2153,1.4417,2.2625,1.9438,1.9033,2.2076,1.9513,2.0238,2.2885,2.1958,2.431,3.3845,2.8976,2.7386,2.6397,2.784,3.5055,3.584,4.125,4.2638,4.2996,3.4181,3.2394,3.4493,3.5607,4.8307,3.7032,3.7495,4.8513,4.4496,3.8074,4.5155,3.9605,3.9394,5.2251,4.7547,5.4611,5.024,5.485,4.339,5.0547,4.9648,4.5611,4.3386,5.1429,4.6916,5.0776,5.9318,4.9336,5.5292,5.3381,5.6869,6.6447,7.4967,14.0956,15.4413,2.2479,2.1812,2.3972,2.2302,3.3432,3.5998,3.8273,3.0308,3.1761,3.2044,3.5361,3.6868,3.1183,3.0342,2.9497,3.3856,2.7025,3.436,3.4137,3.3785,3.738,3.6849,3.952,2.9056,2.6959,3.0213,2.6639,2.2618,3.8044,2.4978,2.3507,2.1368,2.8476,2.3171,1.9486,2.8957,2.8478,2.4264,4.3543,4.079,4.519,3.9172,3.382,4.1441,2.9656,3.0102,3.6327,3.1576,2.4256,6.1722,3.9954,5.7198,4.8171,3.7289,3.8657,5.889,5.0453,2.0266,2.5978,2.9814,3.2401,3.3185,5.1233,4.5128,4.7276,3.3782,2.7217,4.8026,5.1847,5.1282,5.1285,2.7548,2.1085,3.419,2.4164,4.5521,3.3832,6.097,6.6483,4.6387,3.3831,2.757,2.1074,4.1425,4.5362,5.184,5.1603,5.3933,5.7996,5.5853,6.5982,5.9531,7.0959,7.1166,6.6851,6.3295,7.0355,7.641,7.3559,7.1619,7.2893,6.7574,6.4795,6.3605,7.4929,6.3509,2.2001,2.2385
5539.06,4.4998,4.1154,4.1612,4.2873,3.4211,4.0975,4.2261,2.3271,2.0367,2.0557,1.908,1.9525,1.7265,1.5784,1.4413,1.6987,3.5365,1.17,1.366,1.2084,1.3042,1.0476,1.0161,1.2466,0.836,1.0347,2.1583,0.8328,1.0408,1.7219,3.719,0.5101,0.5619,0.8348,1.0467,0.5199,0.3171,0.311,1.8113,4.4572,1.3335,0.2066,0.2853,0.8827,0.2481,0.0,0.2444,1.0985,1.0603,0.6156,0.2945,0.3715,2.5581,0.4433,1.1,1.1658,0.7076,0.718,0.781,1.9612,1.2311,1.4609,2.1456,1.8918,1.9428,2.1866,1.9598,2.0346,2.3241,2.2387,2.4346,3.2616,2.8139,2.7822,2.6589,2.8002,3.4273,3.506,4.0026,4.1514,4.1876,3.3782,3.2425,3.4589,3.5377,4.7009,3.6593,3.7525,4.7304,4.357,3.8197,4.4382,3.9515,3.94,5.1123,4.6617,5.3352,4.9255,5.367,4.34,4.9792,4.8896,4.5559,4.3589,5.0826,4.6556,5.0269,5.8184,4.8981,5.4731,5.3234,5.659,6.5983,7.4061,14.0113,15.3944,2.4647,2.3849,2.6099,2.4395,3.4795,3.7321,3.9658,3.2365,3.3729,3.3941,3.736,3.8834,3.3509,3.2601,3.168,3.611,2.9263,3.6519,3.5917,3.5306,3.9217,3.8448,4.1106,3.1015,2.8697,3.1902,2.8754,2.4684,3.9745,2.6827,2.5655,2.3399,3.0789,2.5576,2.1935,3.1438,3.0665,2.6577,4.6006,4.327,4.7636,4.1584,3.6277,4.3761,3.2128,3.252,3.8768,3.3924,2.6263,6.4111,4.2127,5.9648,5.063,3.9473,4.065,6.1166,5.2911,2.2743,2.8004,3.2263,3.4873,3.5606,5.3628,4.7399,4.9587,3.6255,2.9637,5.0329,5.4308,5.3753,5.3714,2.9814,2.3555,3.6568,2.6323,4.7996,3.6251,6.3217,6.8703,4.8868,3.6097,2.9933,2.3255,4.367,4.7579,5.4073,5.3895,5.6289,6.0348,5.8076,6.8335,6.1667,7.3208,7.3471,6.8928,6.5322,7.2498,7.863,7.5661,7.3663,7.4849,6.9453,6.7071,6.5822,7.7075,6.5937,2.4375,2.4731
5539.08,4.6555,4.2691,4.3024,4.4177,3.5927,4.1675,4.2652,2.5487,2.2338,2.2592,2.1128,2.1915,1.9157,1.8125,1.6633,1.941,3.4785,1.3541,1.5612,1.4272,1.5464,1.2182,1.2434,1.3335,1.0159,1.2789,2.1333,1.0707,1.2821,1.7115,3.6212,0.6755,0.7517,1.0682,1.0027,0.5586,0.5056,0.4326,1.6948,4.324,1.2208,0.4273,0.5258,0.7585,0.4131,0.2444,0.0,0.9469,0.8797,0.3954,0.3102,0.1321,2.394,0.2811,0.879,0.9618,0.4633,0.635,0.6185,1.7307,1.036,1.264,1.9013,1.6577,1.7533,1.9629,1.7516,1.8271,2.1294,2.0491,2.2214,3.0178,2.5714,2.5903,2.453,2.5921,3.1852,3.264,3.7589,3.907,3.9433,3.1452,3.0267,3.2459,3.3103,4.458,3.4248,3.5358,4.4866,4.1131,3.6073,4.196,3.7291,3.7219,4.8681,4.4177,5.0919,4.6813,5.123,4.1216,4.7371,4.6476,4.3344,4.1498,4.8432,4.4228,4.7898,5.5742,4.6653,5.2345,5.0976,5.4282,6.3618,7.1622,13.7677,15.1569,2.4614,2.3589,2.5978,2.4226,3.3604,3.6081,3.8473,3.2087,3.3299,3.3404,3.6965,3.8382,3.3785,3.2715,3.1635,3.6197,2.9345,3.6406,3.5209,3.4284,3.8575,3.7505,4.014,3.0582,2.7967,3.1092,2.8595,2.4465,3.8922,2.626,2.5575,2.549,3.2545,2.7137,2.2706,3.2513,3.2603,2.8336,4.6793,4.4242,4.9024,4.2115,3.762,4.3994,3.3381,3.4029,3.9433,3.561,2.8374,6.569,4.408,6.1009,5.1946,3.9402,4.0236,6.2976,5.365,2.3713,3.01,3.3653,3.6114,3.7103,5.5194,4.9219,4.9781,3.7482,3.1144,5.2095,5.5615,5.4981,5.5169,3.1647,2.4839,3.8186,2.8293,4.8883,3.6822,6.5072,7.0595,4.9904,3.7929,3.1591,2.5201,4.553,4.9477,5.5948,5.5681,5.795,6.2018,5.9966,7.0001,6.3661,7.5058,7.523,7.0981,6.742,7.4484,8.0521,7.7691,7.5747,7.7004,7.166,6.8881,6.7718,7.9058,6.739,2.6016,2.643
5561.04,4.4793,4.0937,4.0666,4.1297,3.5328,3.6472,3.6384,2.8544,2.4018,2.4631,2.3384,2.6855,2.0748,2.2805,2.05,2.5027,2.6163,1.5856,1.8057,1.8271,2.1348,1.4257,1.7287,1.1659,1.3279,1.9404,1.3978,1.6653,2.0324,1.0728,2.6975,1.0998,1.2092,1.8817,0.4943,0.7716,1.0974,0.9558,0.7677,3.3773,0.3349,1.3029,1.3478,0.2385,1.335,1.0985,0.9469,0.0,0.1696,0.6105,1.256,0.8462,1.4597,1.1228,0.4583,0.3319,0.8151,1.4787,1.3219,1.1228,1.4995,1.6653,1.579,1.6842,2.117,2.0633,2.0031,2.0739,2.4244,2.3807,2.3836,2.5644,2.3272,2.8665,2.6499,2.7639,2.9214,2.9967,3.2773,3.4639,3.5006,3.0474,3.112,3.343,3.272,3.9266,3.2937,3.5903,3.9921,3.7478,3.6947,3.8927,3.7258,3.7574,4.3998,4.042,4.5653,4.2761,4.6286,4.1417,4.4259,4.3401,4.3215,4.2451,4.5918,4.283,4.5791,5.0915,4.5199,4.9911,5.0243,5.294,6.1373,6.7521,13.3487,14.8762,3.311,3.1747,3.4315,3.252,3.9192,4.1431,4.3956,4.0046,4.0934,4.0804,4.4619,4.5894,4.2599,4.1319,4.0009,4.473,3.7939,4.461,4.2167,4.039,4.5637,4.3773,4.6289,3.8262,3.5041,3.788,3.6823,3.2673,4.5507,3.3754,3.3986,3.4169,4.1774,3.652,3.2042,4.1957,4.1581,3.7562,5.6073,5.3638,5.8482,5.1179,4.7084,5.2685,4.2849,4.3443,4.8631,4.4907,3.6988,7.5072,5.3015,7.0473,6.1414,4.7649,4.7804,7.2134,6.2882,3.3137,3.8745,4.3107,4.5583,4.6523,6.4583,5.8366,5.839,4.695,4.0557,6.131,6.5083,6.4447,6.461,4.0784,3.4306,4.7537,3.722,5.8227,4.5945,7.4165,7.9626,5.9323,4.7064,4.0911,3.4176,5.4622,5.8508,6.5013,6.4872,6.7271,7.1331,6.9005,7.9318,7.2496,8.4157,8.4452,7.9667,7.5983,8.3331,8.9552,8.6434,8.4344,8.5372,7.9831,7.8038,7.6743,8.791,7.6833,3.5346,3.5714
5561.06,4.6355,4.2493,4.2263,4.2925,3.6774,3.8168,3.8065,2.9519,2.5147,2.5717,2.4429,2.7516,2.1853,2.3472,2.127,2.555,2.7594,1.6772,1.9002,1.8982,2.1781,1.5164,1.7836,1.2992,1.399,1.9666,1.5641,1.6993,2.0404,1.2423,2.8157,1.14,1.2507,1.8721,0.6387,0.8127,1.1082,0.9653,0.897,3.4641,0.4967,1.2669,1.3264,0.3045,1.2842,1.0603,0.8797,0.1696,0.0,0.5079,1.1817,0.7654,1.5157,1.0212,0.29,0.1834,0.6783,1.364,1.1898,1.0255,1.34,1.5005,1.4388,1.5176,1.9488,1.8959,1.8336,1.9043,2.2549,2.2115,2.2153,2.4537,2.1853,2.6971,2.4813,2.596,2.7852,2.8613,3.1753,3.3558,3.3926,2.8949,2.9479,3.1788,3.1157,3.8362,3.145,3.4287,3.8948,3.6284,3.5316,3.765,3.568,3.5972,4.2988,3.925,4.4755,4.1642,4.5329,3.9832,4.3006,4.2141,4.1655,4.0823,4.4592,4.1376,4.4417,4.9944,4.3756,4.8583,4.8741,5.1498,6.0038,6.6449,13.2464,14.754,3.1821,3.0391,3.2987,3.1189,3.7548,3.9773,4.2302,3.8634,3.9471,3.9309,4.3152,4.4405,4.1373,4.0036,3.8675,4.3424,3.6661,4.3234,4.062,3.8774,4.4096,4.2165,4.4669,3.681,3.352,3.6324,3.5467,3.1324,4.3921,3.2287,3.2674,3.3975,4.1317,3.5933,3.107,4.1088,4.1267,3.7105,5.5031,5.2693,5.7769,5.003,4.6353,5.141,4.2074,4.2818,4.7548,4.4401,3.6824,7.4485,5.273,6.9736,6.0654,4.6276,4.632,7.1731,6.1806,3.2247,3.8572,4.241,4.4796,4.5888,6.3988,5.7967,5.7087,4.6154,3.9934,6.0867,6.4316,6.3631,6.3938,4.0384,3.3566,4.6983,3.6926,5.7231,4.4828,7.3802,7.9299,5.8403,4.6669,4.0385,3.3856,5.4254,5.8176,6.4664,6.4446,6.6745,7.0812,6.8671,7.8796,7.2266,8.3792,8.4006,7.9506,7.587,8.3099,8.9227,8.6249,8.422,8.5337,7.9862,7.7636,7.6419,8.7676,7.6155,3.481,3.5215
5569.06,4.728,4.3398,4.3484,4.4425,3.7049,4.0881,4.1353,2.7876,2.4165,2.456,2.3149,2.4914,2.0877,2.0977,1.9155,2.2601,3.2146,1.5342,1.7555,1.6772,1.8681,1.3807,1.5196,1.346,1.2083,1.6197,1.9328,1.382,1.6504,1.546,3.3079,0.8832,0.9849,1.4505,0.8333,0.6214,0.7737,0.6471,1.378,3.9718,0.925,0.8152,0.8997,0.4879,0.8085,0.6156,0.3954,0.6105,0.5079,0.0,0.6815,0.2683,2.0202,0.5148,0.4854,0.5686,0.264,0.8684,0.7275,1.3462,0.9982,1.2021,1.5764,1.4381,1.6887,1.7832,1.6321,1.7076,2.0398,1.9755,2.0738,2.6767,2.2819,2.4997,2.3247,2.4551,2.8971,2.9755,3.4158,3.5741,3.6107,2.9108,2.8596,3.0859,3.0989,4.1061,3.1816,3.3615,4.1434,3.8019,3.4467,3.9031,3.5343,3.5418,4.5325,4.1051,4.7429,4.3616,4.7817,3.9384,4.4443,4.3556,4.14,3.9962,4.5691,4.1834,4.5285,5.2368,4.4253,4.9645,4.8847,5.195,6.1011,6.847,13.4551,14.8867,2.7055,2.576,2.8293,2.6504,3.4189,3.655,3.9025,3.4132,3.5122,3.507,3.8809,4.0134,3.6506,3.5255,3.3989,3.8682,3.1873,3.8637,3.6599,3.5163,4.0039,3.849,4.1067,3.2428,2.9401,3.2361,3.0831,2.6677,4.0098,2.7963,2.7948,2.944,3.6446,3.0962,2.6004,3.6009,3.655,3.2241,4.9997,4.7622,5.2718,4.5075,4.1299,4.6613,3.7007,3.7816,4.2539,3.9482,3.2322,6.9493,4.8028,6.4676,5.5588,4.1668,4.2028,6.6886,5.6793,2.7168,3.405,3.737,3.9726,4.0877,5.8994,5.3134,5.2335,4.1081,3.4934,5.5991,5.9248,5.8555,5.8903,3.5572,2.8513,4.2025,3.2245,5.2177,3.9844,6.8995,7.4528,5.3328,4.1851,3.5454,2.9151,4.9458,5.3413,5.9878,5.9582,6.1798,6.5869,6.3899,7.3848,6.7612,7.8979,7.9118,7.4935,7.1372,7.8435,8.4453,8.1645,7.97,8.0945,7.5582,7.2789,7.1653,8.3007,7.1116,2.9879,3.0315
5578.02,4.7808,4.3976,4.4481,4.5772,3.6944,4.3907,4.5137,2.5491,2.2933,2.3054,2.157,2.1282,1.9917,1.7759,1.6691,1.8568,3.7785,1.4429,1.6285,1.4445,1.4689,1.3291,1.2399,1.5402,1.1151,1.1817,2.4189,1.0319,1.1314,1.9889,3.9302,0.7999,0.8405,0.8889,1.2929,0.7973,0.6044,0.6037,2.0048,4.6334,1.5302,0.3062,0.4326,1.0681,0.2096,0.2945,0.3102,1.256,1.1817,0.6815,0.0,0.4164,2.6973,0.2607,1.1485,1.2488,0.6576,0.4295,0.5402,1.9715,1.0083,1.2357,2.0674,1.7351,1.7026,1.9981,1.7444,1.8173,2.0873,1.9965,2.2238,3.1898,2.6926,2.54,2.4351,2.579,3.2992,3.3776,3.9295,4.0649,4.1007,3.2085,3.0325,3.2434,3.3514,4.6376,3.4937,3.5427,4.6549,4.2456,3.6021,4.3087,3.7523,3.7324,5.0259,4.5506,5.2662,4.8211,5.2873,4.1321,4.8475,4.7576,4.3534,4.135,4.9341,4.4819,4.8682,5.7326,4.724,5.3201,5.1295,5.4775,6.4351,7.2917,13.8892,15.2317,2.1845,2.097,2.3266,2.1544,3.1904,3.4443,3.6763,2.9488,3.0818,3.1013,3.4457,3.592,3.0861,2.987,2.8879,3.3368,2.6514,3.3695,3.2974,3.238,3.6278,3.5511,3.8171,2.8101,2.5752,2.8958,2.591,2.1818,3.6801,2.3892,2.2836,2.2954,2.9655,2.4147,1.9622,2.9411,2.9863,2.5456,4.3715,4.1143,4.5959,3.9099,3.4548,4.1095,3.0294,3.1009,3.6378,3.2672,2.5855,6.2683,4.1336,5.7936,4.8866,3.6666,3.7744,6.0099,5.0582,2.0611,2.7555,3.0595,3.3025,3.4075,5.2185,4.6355,4.6902,3.4391,2.8126,4.9193,5.2532,5.1887,5.2121,2.8815,2.1763,3.521,2.5597,4.5791,3.3792,6.2226,6.7778,4.6802,3.5086,2.8642,2.2491,4.27,4.6675,5.3123,5.2789,5.4983,5.9054,5.7151,6.7033,6.0943,7.2205,7.2313,6.8327,6.4826,7.1753,7.7699,7.5006,7.3129,7.4487,6.9235,6.6,6.4906,7.6321,6.4339,2.3068,2.3515
5610.09,4.7047,4.3175,4.3429,4.4514,3.6534,4.1666,4.2471,2.6463,2.314,2.3437,2.1986,2.3058,1.9916,1.9221,1.7629,2.06,3.4116,1.43,1.6428,1.5254,1.6654,1.2874,1.3487,1.3543,1.0929,1.4024,2.0869,1.1856,1.4118,1.6754,3.5353,0.7525,0.839,1.1999,0.9584,0.579,0.6002,0.5041,1.605,4.2218,1.1365,0.5592,0.6555,0.6765,0.5424,0.3715,0.1321,0.8462,0.7654,0.2683,0.4164,0.0,2.2811,0.2994,0.7488,0.8369,0.3441,0.6704,0.6002,1.5986,0.9777,1.2014,1.7763,1.5548,1.6936,1.8714,1.6757,1.7516,2.0638,1.9881,2.1394,2.8907,2.4543,2.5259,2.3772,2.5141,3.069,3.1477,3.6317,3.7817,3.818,3.0418,2.941,3.1625,3.213,4.3294,3.3194,3.4488,4.3595,3.9923,3.5242,4.0792,3.6367,3.6335,4.7424,4.2967,4.9639,4.5588,4.9963,4.0326,4.6205,4.5311,4.2425,4.0692,4.731,4.3191,4.6807,5.4483,4.5615,5.1235,5.0011,5.3265,6.2534,7.041,13.6474,15.0468,2.5131,2.3996,2.6447,2.4677,3.3451,3.5892,3.8315,3.2459,3.3588,3.3634,3.7266,3.865,3.4428,3.3283,3.2127,3.6746,2.9904,3.6854,3.5341,3.4233,3.8737,3.7495,4.0113,3.0876,2.8103,3.1174,2.9036,2.489,3.8981,2.6492,2.6066,2.6791,3.3765,2.8303,2.3592,3.35,3.3871,2.956,4.7649,4.5177,5.0116,4.2863,3.8702,4.4602,3.4434,3.5172,4.0243,3.6808,2.9678,6.6845,4.5349,6.2087,5.3011,3.9866,4.052,6.4204,5.448,2.4676,3.1402,3.4756,3.7161,3.8239,5.6347,5.0452,5.0365,3.8523,3.2289,5.3312,5.6675,5.6012,5.6284,3.2889,2.5915,3.9362,2.957,4.9779,3.7594,6.6312,7.1845,5.0861,3.9168,3.2783,2.6474,4.6774,5.0731,5.7195,5.6902,5.9133,6.3203,6.1216,7.1184,6.4937,7.6296,7.6441,7.227,6.8719,7.5758,8.177,7.8974,7.7042,7.8312,7.2975,7.0108,6.897,8.033,6.8501,2.7207,2.7638
5616.01,4.8813,4.5284,4.4145,4.391,4.1782,3.5523,3.3219,3.9558,3.4323,3.5173,3.4273,3.9453,3.1471,3.5527,3.2931,3.8171,1.7775,2.8002,2.9885,3.1047,3.4859,2.6595,3.0626,2.2137,2.6386,3.3357,1.4731,3.0521,3.457,1.5933,1.5409,2.497,2.5988,3.3281,1.696,2.1866,2.5345,2.3976,0.8776,1.9864,1.284,2.7626,2.8044,1.6843,2.7923,2.5581,2.394,1.4597,1.5157,2.0202,2.6973,2.2811,0.0,2.5261,1.6087,1.4712,2.1409,2.8457,2.6353,1.2255,2.6233,2.6959,1.8247,2.3412,3.0061,2.6775,2.8031,2.8509,3.1785,3.1838,2.9908,2.1859,2.3848,3.5233,3.2454,3.307,2.7984,2.853,2.7006,2.932,2.9644,3.1639,3.4821,3.6954,3.4403,3.1766,3.3175,3.8497,3.3042,3.3189,3.9888,3.5536,3.8837,3.9689,3.7238,3.562,3.7728,3.722,3.8893,4.2894,4.02,3.9482,4.4024,4.4936,4.2715,4.1709,4.3264,4.344,4.3774,4.6535,4.956,5.112,5.7659,6.0559,12.5365,14.261,4.5912,4.4191,4.6884,4.5096,4.8177,4.9977,5.2531,5.1964,5.2407,5.1981,5.6,5.7047,5.5625,5.4065,5.2471,5.7312,5.0743,5.6734,5.2728,4.9954,5.6203,5.3377,5.5625,4.9885,4.6072,4.8422,4.9182,4.5141,5.5449,4.5342,4.6655,4.8662,5.637,5.1072,4.6026,5.6151,5.6146,5.2158,6.9787,6.7641,7.292,6.4508,6.1501,6.5386,5.7205,5.797,6.2223,5.9496,5.1447,8.9628,6.7558,8.4877,7.5787,5.9768,5.898,8.6725,7.6462,4.7303,5.321,5.7565,5.992,6.1042,7.9133,7.2958,7.0893,6.1271,5.5084,7.5907,7.9443,7.8726,7.9094,5.5378,4.8714,6.2109,5.1778,7.2082,5.9422,8.8743,9.4185,7.3383,6.1656,5.5493,4.875,6.9205,7.3076,7.9587,7.9467,8.1856,8.5918,8.357,9.3905,8.6983,9.8735,9.9048,9.4074,9.0324,9.7815,10.4109,10.0865,9.8695,9.9577,9.3912,9.2629,9.1302,10.2395,9.1311,4.9923,5.0303
5653.12,4.9264,4.5407,4.5779,4.6957,3.8562,4.4469,4.5384,2.7659,2.4794,2.499,2.3512,2.3686,2.1674,2.006,1.8809,2.1029,3.7078,1.6086,1.8081,1.6497,1.7117,1.4799,1.4535,1.6146,1.272,1.4287,2.3862,1.2584,1.3893,1.9729,3.8195,0.9364,1.0004,1.1491,1.257,0.8394,0.7523,0.703,1.8886,4.4852,1.4263,0.5422,0.6661,0.9702,0.4645,0.4433,0.2811,1.1228,1.0212,0.5148,0.2607,0.2994,2.5261,0.0,0.9395,1.0583,0.4188,0.371,0.3435,1.7328,0.7881,1.018,1.8075,1.4815,1.4998,1.7569,1.5192,1.5935,1.8808,1.7957,1.9958,2.9299,2.4333,2.3391,2.2169,2.3588,3.041,3.1195,3.6694,3.8042,3.84,2.9606,2.8045,3.0192,3.1104,4.378,3.2445,3.3148,4.3945,3.9858,3.3795,4.0511,3.518,3.5031,4.7652,4.2909,5.0062,4.5609,5.0267,3.9031,4.5904,4.5005,4.1212,3.9173,4.6804,4.236,4.6174,5.4719,4.4784,5.0677,4.8928,5.235,6.186,7.0325,13.6312,14.983,2.2144,2.1003,2.3454,2.1683,3.0796,3.3277,3.5665,2.9471,3.0619,3.0687,3.4294,3.5689,3.1477,3.0305,2.9136,3.3763,2.6925,3.386,3.2444,3.1475,3.5823,3.4701,3.7333,2.7905,2.5202,2.8309,2.6042,2.1896,3.6133,2.3542,2.3076,2.5406,3.1804,2.6148,2.0859,3.0898,3.2169,2.7628,4.4852,4.248,4.7708,3.9971,3.6285,4.1634,3.1959,3.2923,3.7403,3.4746,2.8311,6.4595,4.3626,5.9638,5.0538,3.6872,3.7554,6.2233,5.1654,2.2052,2.9994,3.2395,3.4666,3.5965,5.4098,4.8517,4.739,3.6013,3.0052,5.1301,5.419,5.3465,5.3926,3.1037,2.3514,3.7212,2.7947,4.7028,3.4723,6.4399,6.998,4.8193,3.7284,3.0707,2.4838,4.4905,4.8906,5.5325,5.4909,5.6983,6.1057,5.9361,6.9024,6.3242,7.4364,7.4387,7.0672,6.7212,7.4037,7.9892,7.7326,7.5498,7.6914,7.1707,6.8128,6.7114,7.8599,6.6125,2.515,2.5645
5679.05,4.9176,4.5309,4.5116,4.5804,3.9478,4.1042,4.0856,3.1643,2.7488,2.8003,2.6666,2.9211,2.4179,2.5202,2.3161,2.7056,2.9867,1.89,2.1144,2.0815,2.3186,1.7298,1.9458,1.5631,1.5895,2.0839,1.8404,1.8326,2.1284,1.5307,2.998,1.2962,1.405,1.9343,0.9181,0.9853,1.2238,1.086,1.1197,3.5886,0.7722,1.3006,1.3828,0.554,1.2911,1.1,0.879,0.4583,0.29,0.4854,1.1485,0.7488,1.6087,0.9395,0.0,0.163,0.5351,1.2387,1.0279,0.8682,1.0978,1.239,1.1887,1.2279,1.6724,1.6059,1.5485,1.6183,1.9698,1.9294,1.9254,2.2467,1.928,2.4093,2.1916,2.306,2.5351,2.6122,2.9792,3.1492,3.1859,2.6206,2.6598,2.8906,2.836,3.6571,2.8756,3.1429,3.7042,3.4027,3.2443,3.5261,3.2865,3.3129,4.1012,3.7025,4.2958,3.9495,4.3432,3.7006,4.0646,3.9772,3.8859,3.7952,4.212,3.8721,4.1874,4.802,4.1113,4.6103,4.6016,4.8852,5.7542,6.4346,13.0409,14.5185,3.0048,2.8477,3.1124,2.9325,3.49,3.7082,3.9621,3.6567,3.7284,3.705,4.0951,4.2153,3.9704,3.8252,3.6784,4.1582,3.4895,4.1238,3.8233,3.621,4.1718,3.9617,4.209,3.4656,3.1208,3.3919,3.3534,2.9421,4.1431,3.011,3.085,3.4278,4.1127,3.5532,2.9961,4.0137,4.133,3.6933,5.3708,5.1563,5.7068,4.8502,4.5647,4.9619,4.1296,4.2318,4.6157,4.411,3.7164,7.399,5.2807,6.8972,5.9861,4.4284,4.4078,7.1569,6.0406,3.1295,3.8889,4.1777,4.3988,4.5359,6.3493,5.7833,5.5231,4.5323,3.9447,6.0652,6.3503,6.2729,6.3303,4.03,3.2892,4.6599,3.7043,5.5995,4.3375,7.3707,7.9263,5.7312,4.657,4.0074,3.3943,5.4185,5.816,6.4608,6.4253,6.6373,7.0446,6.8636,7.8416,7.2405,8.3684,8.3756,7.9754,7.6206,8.3222,8.9183,8.6452,8.4529,8.5793,8.0435,7.7469,7.6391,8.7792,7.5493,3.4507,3.4977
5679.08,4.8109,4.4252,4.3986,4.4609,3.8587,3.961,3.9331,3.1303,2.6967,2.753,2.6233,2.918,2.3671,2.5144,2.2989,2.7147,2.8237,1.8549,2.0784,2.0681,2.3335,1.694,1.9463,1.4822,1.5702,2.1123,1.6872,1.8509,2.1736,1.392,2.8397,1.2986,1.4091,1.9928,0.8187,0.9754,1.2501,1.1083,0.9567,3.4442,0.6226,1.3709,1.4422,0.4856,1.3743,1.1658,0.9618,0.3319,0.1834,0.5686,1.2488,0.8369,1.4712,1.0583,0.163,0.0,0.6714,1.3756,1.1754,0.8542,1.2607,1.401,1.2559,1.3592,1.8294,1.7399,1.6988,1.7675,2.1196,2.0824,2.0629,2.274,2.0028,2.5546,2.3305,2.4413,2.602,2.678,2.9981,3.1766,3.2133,2.7166,2.7824,3.0135,2.9402,3.6635,2.9648,3.259,3.7192,3.4462,3.3643,3.5818,3.3938,3.4256,4.1217,3.7433,4.3028,3.9837,4.3576,3.8098,4.1176,4.0311,3.9898,3.9143,4.2759,3.9562,4.2587,4.8186,4.1939,4.6749,4.6947,4.968,5.8205,6.4654,13.0681,14.5712,3.1593,3.0052,3.269,3.089,3.6505,3.8674,4.1216,3.817,3.8903,3.8675,4.2571,4.3778,4.1229,3.9803,3.8357,4.3146,3.6441,4.2831,3.9863,3.7831,4.3349,4.1239,4.3707,3.627,3.2836,3.5549,3.5114,3.0993,4.3058,3.1726,3.2407,3.5048,4.2132,3.6624,3.1316,4.1444,4.222,3.7927,5.5142,5.2936,5.829,4.9993,4.6867,5.1174,4.2541,4.3455,4.7609,4.516,3.7918,7.5134,5.3696,7.022,6.1118,4.5877,4.5702,7.2572,6.1864,3.2597,3.9656,4.2966,4.5245,4.6509,6.4635,5.8821,5.68,4.6589,4.0577,6.1676,6.4768,6.4027,6.45,4.1257,3.4091,4.769,3.7905,5.7403,4.4844,7.4681,8.0211,5.8674,4.7537,4.113,3.4816,5.5142,5.9094,6.5562,6.5268,6.7465,7.1537,6.9581,7.9514,7.3271,8.4665,8.48,8.0568,7.6977,8.4097,9.0136,8.7289,8.5315,8.6505,8.1086,7.8475,7.7335,8.8671,7.6704,3.5556,3.5999
5687.04,4.9822,4.5942,4.6066,4.7032,3.95,4.3509,4.3925,2.9843,2.6373,2.6714,2.5277,2.6498,2.3114,2.2658,2.1029,2.403,3.4314,1.7522,1.9693,1.8648,2.0083,1.6038,1.6915,1.604,1.4186,1.7422,2.1792,1.5295,1.7399,1.8022,3.4925,1.0819,1.1744,1.5166,1.094,0.8584,0.9411,0.8348,1.5746,4.1155,1.1453,0.8781,0.9856,0.7358,0.8351,0.7076,0.4633,0.8151,0.6783,0.264,0.6576,0.3441,2.1409,0.4188,0.5351,0.6714,0.0,0.7048,0.5117,1.3158,0.7346,0.9385,1.4391,1.2181,1.4264,1.5471,1.3777,1.4535,1.7812,1.7147,1.828,2.5577,2.1104,2.2421,2.0745,2.2074,2.7249,2.8037,3.2989,3.4448,3.481,2.7029,2.6219,2.8461,2.8795,4.0007,2.979,3.127,4.0263,3.65,3.2076,3.7352,3.3081,3.3097,4.406,3.9546,4.6333,4.218,4.6621,3.7078,4.2765,4.1872,3.9141,3.7554,4.3873,3.9795,4.338,5.1123,4.2219,4.78,4.6675,4.9882,5.9108,6.6991,13.3049,14.7035,2.5039,2.3615,2.6204,2.4407,3.1582,3.393,3.6411,3.1896,3.2796,3.2691,3.6482,3.7773,3.4611,3.3255,3.1894,3.6641,2.9881,3.6469,3.4137,3.2594,3.7591,3.5937,3.85,3.0118,2.6967,2.9876,2.8692,2.4546,3.7579,2.5619,2.5891,2.9526,3.5987,3.03,2.462,3.4786,3.6351,3.1814,4.843,4.6232,5.1734,4.3318,4.0315,4.4629,3.5955,3.704,4.0903,3.8914,3.2429,6.8696,4.7811,6.3628,5.4515,3.9509,3.9678,6.6409,5.516,2.5944,3.4124,3.6462,3.8643,4.0069,5.8203,5.27,5.0304,3.9976,3.4177,5.5473,5.8155,5.7379,5.7978,3.5225,2.7574,4.1358,3.2118,5.0689,3.8149,6.8582,7.4167,5.1976,4.1471,3.4874,2.901,4.9092,5.3094,5.9511,5.9083,6.1122,6.5197,6.3548,7.3158,6.7427,7.8545,7.8549,7.4848,7.1374,7.8224,8.4077,8.1507,7.9666,8.1054,7.5811,7.2303,7.1301,8.2786,7.0162,2.9323,2.9826
5696.03,5.2102,4.827,4.8773,5.0051,4.1218,4.7965,4.9001,2.9472,2.7143,2.7227,2.5741,2.4919,2.417,2.161,2.0759,2.209,4.0759,1.8713,2.0534,1.8577,1.8337,1.7586,1.6485,1.9516,1.5445,1.5408,2.7569,1.4303,1.4465,2.3419,4.1755,1.2274,1.2701,1.1892,1.6272,1.1871,1.0326,1.0187,2.2464,4.8187,1.7903,0.7186,0.8403,1.338,0.6038,0.718,0.635,1.4787,1.364,0.8684,0.4295,0.6704,2.8457,0.371,1.2387,1.3756,0.7048,0.0,0.2604,1.9529,0.6773,0.8863,1.9144,1.4751,1.3183,1.6824,1.3945,1.4633,1.7031,1.6062,1.8726,3.022,2.4611,2.1461,2.0646,2.2106,3.05,3.1273,3.7517,3.8671,3.9019,2.9028,2.6752,2.878,3.0226,4.4682,3.1913,3.1829,4.4683,4.0119,3.2326,4.0498,3.4048,3.3744,4.822,4.3155,5.0854,4.5936,5.0915,3.7723,4.5829,4.4929,3.9997,3.7565,4.6468,4.1637,4.5679,5.5265,4.4043,5.0255,4.7841,5.1465,6.1247,7.0425,13.6231,14.9147,1.8443,1.7296,1.9745,1.7973,2.7618,3.0151,3.248,2.5772,2.6952,2.7055,3.0621,3.2033,2.7828,2.6617,2.5428,3.0066,2.3236,3.015,2.8891,2.8137,3.224,3.1301,3.3953,2.4236,2.1651,2.481,2.2333,1.8187,3.265,1.9911,1.9369,2.4071,2.959,2.3708,1.7575,2.7767,3.0312,2.5495,4.1412,3.9184,4.4804,3.6401,3.3401,3.7959,2.9009,3.0294,3.3911,3.2369,2.6956,6.1874,4.1665,5.6658,4.7538,3.3163,3.3889,5.9884,4.817,1.8937,2.8563,2.9609,3.1676,3.3284,5.1396,4.6253,4.3702,3.2997,2.746,4.8925,5.1167,5.0362,5.1078,2.8982,2.0733,3.4699,2.6246,4.3651,3.1188,6.2123,6.7758,4.4928,3.5139,2.834,2.3162,4.2743,4.6789,5.3125,5.2547,5.4408,5.848,5.7172,6.6417,6.1256,7.2048,7.1912,6.8796,6.5462,7.1996,7.7639,7.5373,7.3683,7.5286,7.0254,6.5758,6.4908,7.6537,6.3236,2.2865,2.3448
5730.08,5.2699,4.8841,4.9202,5.0362,4.199,4.7667,4.8412,3.088,2.8169,2.8338,2.6857,2.6654,2.5074,2.3161,2.206,2.3904,3.9371,1.95,2.1469,1.9784,2.0056,1.8229,1.7769,1.9481,1.6141,1.7159,2.6572,1.5718,1.6461,2.2597,4.0042,1.2797,1.3416,1.3933,1.5412,1.1709,1.0941,1.046,2.0851,4.6165,1.6474,0.8461,0.9727,1.2147,0.7462,0.781,0.6185,1.3219,1.1898,0.7275,0.5402,0.6002,2.6353,0.3435,1.0279,1.1754,0.5117,0.2604,0.0,1.7014,0.4693,0.6956,1.6551,1.235,1.1657,1.4691,1.2051,1.2776,1.5493,1.4608,1.6849,2.7652,2.2155,2.0047,1.8949,2.0388,2.8104,2.8881,3.4968,3.6156,3.6506,2.6863,2.4932,2.7034,2.8197,4.2125,2.9734,3.0032,4.2152,3.7687,3.0619,3.8144,3.2152,3.1932,4.5722,4.0729,4.8316,4.3491,4.8403,3.5928,4.3499,4.2598,3.8152,3.595,4.4228,3.9551,4.35,5.2775,4.1967,4.8051,4.5934,4.9461,5.9125,6.8052,13.3924,14.7071,1.9923,1.8528,2.1099,1.9303,2.7465,2.9922,3.2331,2.6864,2.785,2.7816,3.1536,3.287,2.95,2.8138,2.6792,3.1528,2.4764,3.1396,2.9419,2.8231,3.2838,3.1499,3.4113,2.5154,2.2196,2.522,2.3604,1.9453,3.3009,2.0698,2.0779,2.664,3.2177,2.6269,1.9817,3.0078,3.2916,2.809,4.3434,4.1355,4.7209,3.824,3.5826,3.9512,3.1412,3.2807,3.5878,3.4933,2.953,6.434,4.4266,5.902,4.9896,3.4432,3.4761,6.2442,5.0127,2.1284,3.1146,3.2075,3.4056,3.5779,5.3873,4.8827,4.5191,3.5362,2.9985,5.1481,5.3511,5.266,5.3502,3.158,2.3219,3.7235,2.8846,4.574,3.3098,6.4692,7.0333,4.7119,3.773,3.0908,2.576,4.5329,4.9379,5.5706,5.5105,5.692,6.099,5.9752,6.8916,6.3853,7.4609,7.4443,7.1397,6.8065,7.4589,8.0209,7.7971,7.6286,7.7888,7.2847,6.8311,6.7486,7.9128,6.5637,2.5448,2.6039
5788.12,5.4957,5.1165,5.0602,5.0926,4.608,4.4463,4.3212,3.9742,3.5243,3.5858,3.4606,3.7721,3.1976,3.3686,3.152,3.566,2.9391,2.7012,2.9233,2.922,3.182,2.5404,2.7997,2.2786,2.4235,2.9515,2.1519,2.6971,2.9953,1.9986,2.7651,2.1509,2.2611,2.7959,1.6055,1.8294,2.0902,1.9509,1.2962,3.1386,1.2638,2.1573,2.2459,1.328,2.1357,1.9612,1.7307,1.1228,1.0255,1.3462,1.9715,1.5986,1.2255,1.7328,0.8682,0.8542,1.3158,1.9529,1.7014,0.0,1.5366,1.5529,0.6318,1.1188,1.8011,1.4527,1.5871,1.6311,1.9539,1.9625,1.7689,1.4455,1.3209,2.3014,2.0274,2.0973,1.8662,1.9369,2.1546,2.3422,2.3788,2.0981,2.3185,2.5419,2.3563,2.8108,2.3063,2.734,2.871,2.6371,2.8618,2.7988,2.814,2.876,3.2774,2.9274,3.4501,3.1561,3.5085,3.2315,3.3246,3.2406,3.3801,3.3927,3.5095,3.2593,3.514,3.9706,3.4885,3.9082,4.0261,4.2572,5.0538,5.6296,12.2262,13.7644,3.5129,3.3183,3.5903,3.416,3.5955,3.7727,4.0279,4.0499,4.0732,4.0195,4.4252,4.5209,4.4849,4.3087,4.1315,4.6172,3.9862,4.5322,4.0745,3.7791,4.4197,4.1204,4.3414,3.8307,3.4304,3.647,3.8013,3.4127,4.3318,3.3818,3.5752,4.2667,4.9029,4.3221,3.6614,4.6922,4.9494,4.4883,5.9567,5.7877,6.416,5.3901,5.2805,5.4244,4.8374,4.9817,5.1934,5.1875,4.5567,8.1344,6.0943,7.5898,6.6776,4.8322,4.7135,7.9393,6.602,3.8208,4.727,4.9084,5.0989,5.2793,7.0883,6.5728,5.9578,5.2273,4.6988,6.8438,7.0362,6.9427,7.0472,4.8323,4.0233,5.4227,4.5274,6.2036,4.9035,8.1608,8.7221,6.3663,5.4545,4.7839,4.2165,6.2164,6.6185,7.2572,7.2058,7.3931,7.8002,7.6614,8.593,8.056,9.155,9.1441,8.8,8.4532,9.1346,9.7118,9.465,9.2823,9.4202,8.8926,8.5273,8.4362,9.5903,8.2572,4.2327,4.2869
5847.01,5.6825,5.2952,5.3187,5.4231,4.6276,5.0852,5.1192,3.5517,3.2651,3.2863,3.1388,3.1347,2.95,2.7839,2.6677,2.8594,4.0844,2.3891,2.5929,2.4375,2.4749,2.2542,2.2394,2.3218,2.051,2.1851,2.8921,2.0383,2.1112,2.5299,4.0795,1.7113,1.7832,1.8564,1.8274,1.5538,1.535,1.4679,2.2169,4.6058,1.8341,1.3132,1.4397,1.4616,1.2153,1.2311,1.036,1.4995,1.34,0.9982,1.0083,0.9777,2.6233,0.7881,1.0978,1.2607,0.7346,0.6773,0.4693,1.5366,0.0,0.2299,1.3314,0.8133,0.7175,1.0063,0.7361,0.8091,1.0944,1.0132,1.2157,2.4,1.8024,1.5546,1.4297,1.5725,2.3806,2.4572,3.1165,3.2189,3.2529,2.2264,2.0243,2.2355,2.3528,3.8352,2.5146,2.5344,3.8244,3.3457,2.5948,3.3759,2.746,2.7242,4.1675,3.6483,4.443,3.9288,4.4406,3.1238,3.9076,3.8176,3.3459,3.1303,3.9695,3.4908,3.8914,4.8696,3.7319,4.3486,4.1243,4.4788,5.4503,6.3692,12.9464,14.2428,1.9827,1.7991,2.0699,1.8926,2.4284,2.6603,2.9096,2.5775,2.6371,2.6092,3.0023,3.1196,2.9563,2.7894,2.6246,3.1094,2.4611,3.0518,2.726,2.5401,3.0744,2.8778,3.1303,2.3776,2.0235,2.2951,2.2952,1.894,3.0521,1.9221,2.0504,3.0529,3.5258,2.9181,2.1565,3.1844,3.6342,3.1309,4.4201,4.2562,4.9188,3.8576,3.7956,3.9174,3.3497,3.537,3.6568,3.7797,3.338,6.6527,4.7512,6.078,5.1678,3.3557,3.3123,6.5166,5.0672,2.3327,3.4931,3.4419,3.6027,3.823,5.6142,5.1717,4.466,3.7264,3.2641,5.4219,5.5223,5.4212,5.5535,3.4833,2.5755,3.9903,3.2445,4.6675,3.3673,6.7499,7.3188,4.8347,4.083,3.3832,2.9414,4.8356,5.2432,5.8638,5.7843,5.9361,6.341,6.2681,7.126,6.6992,7.7337,7.696,7.4632,7.1431,7.7642,8.3002,8.1112,7.9572,8.1348,7.6469,7.0987,7.0369,8.2148,6.7534,2.855,2.9223
5922.04,5.9049,5.5173,5.5375,5.6387,4.8538,5.2796,5.2994,3.781,3.4945,3.516,3.3685,3.3599,3.1789,3.0116,2.8973,3.0829,4.2167,2.6177,2.8222,2.6673,2.7,2.4818,2.4689,2.5374,2.2796,2.4094,3.063,2.2667,2.3295,2.7147,4.1813,1.9395,2.0124,2.0734,2.0221,1.7742,1.7642,1.6952,2.355,4.6667,1.9972,1.5413,1.6678,1.6495,1.4417,1.4609,1.264,1.6653,1.5005,1.2021,1.2357,1.2014,2.6959,1.018,1.239,1.401,0.9385,0.8863,0.6956,1.5529,0.2299,0.0,1.2544,0.6705,0.4925,0.8016,0.5109,0.5823,0.8655,0.7868,0.9908,2.2749,1.6449,1.3265,1.2004,1.3436,2.2046,2.2799,2.9762,3.0661,3.0994,2.0205,1.7982,2.0077,2.1363,3.6944,2.3095,2.308,3.6741,3.1724,2.3664,3.1895,2.5229,2.4983,4.0064,3.473,4.293,3.7563,4.2827,2.8976,3.7169,3.6271,3.1212,2.901,3.7685,3.2776,3.6849,4.705,3.5181,4.1441,3.9019,4.2608,5.239,6.1819,12.7495,14.0283,1.969,1.7675,2.0394,1.8668,2.2542,2.4783,2.7304,2.5052,2.5449,2.5052,2.9052,3.0138,2.9371,2.7567,2.5787,3.0644,2.4368,2.9855,2.5995,2.3821,2.9486,2.723,2.97,2.2934,1.9148,2.167,2.2484,1.8615,2.9073,1.84,2.0265,3.2226,3.6515,3.0386,2.2287,3.2466,3.7774,3.2655,4.4262,4.2848,4.9835,3.8454,3.8722,3.8718,3.4265,3.6365,3.663,3.8933,3.5048,6.7244,4.8818,6.129,5.2219,3.2873,3.2071,6.6164,5.0603,2.4164,3.6558,3.531,3.6723,3.9155,5.6919,5.2826,4.4087,3.792,3.3698,5.5243,5.572,5.4632,5.6193,3.618,2.6803,4.0931,3.3981,4.6811,3.3698,6.8538,7.4246,4.8622,4.2077,3.5016,3.0992,4.9544,5.3626,5.9756,5.886,6.0221,6.4252,6.379,7.2051,6.8209,7.8322,7.7835,7.5893,7.2768,7.8801,8.4017,8.2317,8.0857,8.2729,7.7945,7.1952,7.1445,8.3286,6.81,2.9853,3.0563
6022.04,6.0435,5.6601,5.6193,5.6651,5.1118,5.0599,4.9481,4.346,3.9375,3.9883,3.8536,4.0677,3.6065,3.6739,3.4855,3.8322,3.5653,3.0748,3.2992,3.2482,3.4385,2.9154,3.0958,2.738,2.7655,3.1788,2.7581,2.9544,3.178,2.5646,3.3634,2.4543,2.5589,2.9493,2.0724,2.161,2.3492,2.2233,1.9073,3.655,1.7975,2.3154,2.4247,1.7345,2.2625,2.1456,1.9013,1.579,1.4388,1.5764,2.0674,1.7763,1.8247,1.8075,1.1887,1.2559,1.4391,1.9144,1.6551,0.6318,1.3314,1.2544,0.0,0.6397,1.3449,0.887,1.1053,1.1292,1.4099,1.4408,1.1792,1.1224,0.7484,1.7083,1.4253,1.4824,1.3474,1.4241,1.8626,2.0058,2.042,1.4941,1.6867,1.9103,1.7414,2.5706,1.7239,2.1077,2.589,2.2261,2.2329,2.3386,2.2002,2.2547,2.9669,2.5289,3.199,2.7856,3.2236,2.6189,2.8781,2.7903,2.7787,2.7676,3.0236,2.7056,3.003,3.6732,2.9416,3.4223,3.455,3.7155,4.5668,5.2706,11.8787,13.3308,3.1979,2.982,3.2505,3.0857,3.0499,3.209,3.4616,3.6419,3.6355,3.5656,3.9731,4.0539,4.1516,3.956,3.7611,4.2419,3.6499,4.1249,3.5862,3.2523,3.9247,3.5887,3.7964,3.41,2.9872,3.1689,3.4349,3.0732,3.8103,2.9765,3.245,4.3173,4.8493,4.2455,3.4781,4.4998,4.9413,4.4485,5.6604,5.5339,6.2366,5.0628,5.1207,5.0405,4.6748,4.8684,4.8991,5.1089,4.6068,7.9757,6.0693,7.3832,6.4763,4.4176,4.244,7.848,6.2797,3.6601,4.7693,4.7717,4.9236,5.1537,6.9403,6.5012,5.5501,5.0446,4.5953,6.7531,6.8262,6.7162,6.8722,4.7999,3.9069,5.3216,4.5385,5.9207,4.6038,8.0809,8.6494,6.1102,5.4065,4.7109,4.2305,6.1619,6.569,7.1928,7.1155,7.2656,7.67,7.5973,8.4531,8.0228,9.0651,9.0261,8.783,8.4558,9.0908,9.6314,9.4351,9.2746,9.4413,8.9397,8.4301,8.3671,9.5425,8.0644,4.1768,4.2411
6030.04,6.1312,5.7435,5.7328,5.8063,5.1331,5.3162,5.2655,4.201,3.852,3.8882,3.7451,3.8432,3.5243,3.4694,3.3177,3.5826,4.008,2.9676,3.1863,3.0802,3.1899,2.8166,2.9008,2.7532,2.6359,2.9095,3.026,2.7245,2.8657,2.7511,3.8765,2.3,2.3919,2.6184,2.1385,2.0595,2.155,2.0528,2.2202,4.2453,1.9776,2.0228,2.1447,1.7617,1.9438,1.8918,1.6577,1.6842,1.5176,1.4381,1.7351,1.5548,2.3412,1.4815,1.2279,1.3592,1.2181,1.4751,1.235,1.1188,0.8133,0.6705,0.6397,0.0,0.7087,0.382,0.4761,0.5134,0.8389,0.8437,0.7093,1.6044,0.9892,1.2243,0.9785,1.0832,1.5757,1.6533,2.3087,2.4061,2.4401,1.4876,1.4369,1.6668,1.6622,3.0274,1.7676,1.9302,3.0124,2.5368,2.0238,2.5798,2.0963,2.1072,3.3542,2.8404,3.6313,3.1189,3.6273,2.502,3.1163,3.0262,2.7019,2.5752,3.1991,2.7652,3.1369,4.0566,3.0077,3.5863,3.4498,3.7717,4.7072,5.5702,12.1593,13.5039,2.5663,2.3469,2.6143,2.4514,2.477,2.6577,2.9135,3.0035,3.0018,2.9361,3.3435,3.4293,3.5149,3.3174,3.1216,3.6023,3.0135,3.4868,2.9704,2.6615,3.3128,3.0022,3.2227,2.7729,2.3538,2.5476,2.7957,2.4374,3.2156,2.3374,2.6103,3.8661,4.3209,3.7086,2.8915,3.9019,4.4411,3.9325,5.0279,4.9114,5.6378,4.426,4.534,4.401,4.0889,4.3058,4.2679,4.5638,4.1514,7.3816,5.5503,6.7723,5.8687,3.7805,3.6206,7.2851,5.6428,3.0828,4.3062,4.1978,4.331,4.5831,6.3529,5.9529,4.9127,4.4483,4.0399,6.1936,6.2149,6.0997,6.2736,4.2851,3.3506,4.7627,4.0556,5.2906,3.972,7.5233,8.0943,5.4862,4.8774,4.1719,3.7537,5.6247,6.033,6.646,6.5551,6.6866,7.0888,7.0494,7.8661,7.4912,8.5004,8.4481,8.259,7.9447,8.5506,9.0706,8.902,8.755,8.9394,8.4565,7.863,7.8145,8.999,7.4572,3.6535,3.7234
6039.06,6.3974,6.0098,6.0294,6.1291,5.345,5.7519,5.7552,4.2516,3.9791,3.9982,3.8503,3.81,3.6658,3.4736,3.3712,3.5272,4.6087,3.1055,3.3076,3.144,3.1514,2.9715,2.942,3.0284,2.7677,2.8587,3.5117,2.7337,2.7608,3.1803,4.5262,2.4284,2.4987,2.5026,2.4993,2.2667,2.2503,2.1854,2.7667,4.9389,2.4429,2.0087,2.1348,2.1225,1.9033,1.9428,1.7533,2.117,1.9488,1.6887,1.7026,1.6936,3.0061,1.4998,1.6724,1.8294,1.4264,1.3183,1.1657,1.8011,0.7175,0.4925,1.3449,0.7087,0.0,0.5713,0.2453,0.2532,0.3853,0.2961,0.5995,2.1888,1.4959,0.8394,0.7507,0.8975,1.9741,2.0432,2.8328,2.8869,2.9175,1.6879,1.3699,1.5641,1.7561,3.5396,1.9742,1.8722,3.4938,2.9314,1.9158,2.9073,2.1055,2.0646,3.7924,3.2224,4.1073,3.5116,4.0754,2.4601,3.4162,3.3276,2.6916,2.4384,3.4327,2.8999,3.3304,4.4761,3.1361,3.7939,3.4814,3.8587,4.8608,5.8802,12.4104,13.6309,1.9067,1.6769,1.9376,1.7834,1.8352,2.042,2.2974,2.2974,2.2931,2.2287,2.6361,2.7247,2.8331,2.6277,2.4258,2.903,2.3341,2.7802,2.2734,1.994,2.6188,2.337,2.5708,2.0652,1.6452,1.8467,2.1032,1.7636,2.5396,1.6334,1.9396,3.5258,3.8505,3.2336,2.3386,3.3116,4.0145,3.4885,4.3564,4.2644,5.0358,3.7422,3.9602,3.698,3.5205,3.7775,3.6015,4.0627,3.7985,6.7829,5.0821,6.1444,5.2493,3.0728,2.9166,6.7383,4.9574,2.5451,3.9389,3.6503,3.7475,4.038,5.7685,5.4356,4.2052,3.857,3.5274,5.6569,5.5876,5.4625,5.6699,3.8375,2.8476,4.2365,3.6626,4.6248,3.3046,6.9841,7.5573,4.8344,4.3993,3.686,3.3764,5.1273,5.5345,6.1274,6.0152,6.1154,6.5127,6.5272,7.2785,6.9923,7.9473,7.8737,7.7687,7.4746,8.035,8.5222,8.3963,8.2696,8.479,8.0243,7.3077,7.2823,8.4775,6.8351,3.2027,3.2807
6072.11,6.4967,6.1087,6.1028,6.18,5.4873,5.6981,5.6464,4.5113,4.1832,4.2149,4.07,4.1246,3.8582,3.7621,3.6255,3.8549,4.3712,3.2982,3.5134,3.39,3.4663,3.1508,3.2025,3.1144,2.9628,3.1798,3.4078,3.0144,3.1151,3.1319,4.2178,2.6234,2.7099,2.8615,2.5112,2.4017,2.4673,2.3749,2.5987,4.5414,2.3593,2.2973,2.4224,2.1325,2.2076,2.1866,1.9629,2.0633,1.8959,1.7832,1.9981,1.8714,2.6775,1.7569,1.6059,1.7399,1.5471,1.6824,1.4691,1.4527,1.0063,0.8016,0.887,0.382,0.5713,0.0,0.3452,0.3181,0.5246,0.5682,0.3288,1.6191,0.9248,0.854,0.5978,0.7015,1.4273,1.4998,2.2639,2.3251,2.3564,1.2205,1.0765,1.3034,1.3537,2.9734,1.5091,1.5799,2.9334,2.3933,1.6637,2.3945,1.7662,1.7628,3.2438,2.6901,3.5493,2.9767,3.5246,2.1615,2.9183,2.8286,2.3716,2.2137,2.967,2.486,2.8855,3.9348,2.7276,3.3436,3.1369,3.4794,4.4443,5.3844,11.948,13.238,2.4743,2.2417,2.4986,2.3487,2.1632,2.327,2.5809,2.8182,2.7892,2.709,3.1151,3.187,3.3884,3.177,2.9686,3.439,2.8923,3.297,2.7108,2.366,3.0456,2.7019,2.9099,2.5789,2.1437,2.3005,2.6516,2.3266,2.9245,2.1656,2.5034,4.0135,4.3925,3.7759,2.9009,3.8815,4.5409,4.0203,4.9157,4.8323,5.6069,4.2944,4.5285,4.2239,4.0876,4.3366,4.164,4.6148,4.293,7.354,5.6252,6.7147,5.8203,3.582,3.3751,7.3033,5.5068,3.1043,4.4404,4.2136,4.3169,4.6012,6.3386,5.9934,4.7134,4.4272,4.0819,6.2194,6.1581,6.0318,6.2411,4.3714,3.3978,4.7956,4.1745,5.1866,3.8671,7.5477,8.1206,5.4008,4.9448,4.2328,3.8805,5.6795,6.0874,6.686,6.5786,6.6841,7.0821,7.0869,7.849,7.5462,8.5138,8.4431,8.3205,8.0201,8.5937,9.088,8.9526,8.8201,9.0219,8.5571,7.8744,7.8445,9.0377,7.4058,3.7362,3.8115
6072.16,6.3595,5.9714,5.9799,6.0702,5.325,5.6498,5.6318,4.285,3.9852,4.0103,3.8635,3.8702,3.6657,3.5198,3.4,3.5937,4.4376,3.1038,3.3128,3.1681,3.2104,2.963,2.9726,2.978,2.7658,2.92,3.3859,2.7737,2.8396,3.0748,4.3321,2.4248,2.5032,2.5831,2.4147,2.234,2.2562,2.1776,2.6146,4.7196,2.32,2.0491,2.1755,2.0343,1.9513,1.9598,1.7516,2.0031,1.8336,1.6321,1.7444,1.6757,2.8031,1.5192,1.5485,1.6988,1.3777,1.3945,1.2051,1.5871,0.7361,0.5109,1.1053,0.4761,0.2453,0.3452,0.0,0.0759,0.4213,0.3905,0.48,1.9513,1.2661,0.871,0.7017,0.8408,1.7701,1.8417,2.6072,2.6703,2.7016,1.5295,1.2882,1.5003,1.6302,3.318,1.8186,1.7983,3.2786,2.7344,1.8603,2.727,2.0121,1.9882,3.5877,3.0296,3.8944,3.3171,3.8689,2.3877,3.2454,3.1561,2.6105,2.3993,3.2804,2.7739,3.1893,4.2772,3.0135,3.6505,3.3912,3.7522,4.7365,5.7121,12.2631,13.5219,2.1487,1.9203,2.182,2.0267,2.0175,2.2097,2.4659,2.5396,2.5302,2.4619,2.8694,2.9537,3.0782,2.873,2.6709,3.1476,2.5789,3.022,2.4945,2.1928,2.8374,2.5348,2.7604,2.3059,1.8819,2.0716,2.3485,2.0076,2.7447,1.877,2.1833,3.6845,4.0487,3.4319,2.5563,3.5406,4.2004,3.6784,4.6008,4.5055,5.2685,3.9875,4.1859,3.9415,3.7444,3.9914,3.8453,4.2697,3.9619,7.0155,5.2812,6.3826,5.4857,3.3133,3.1448,6.959,5.2027,2.7592,4.107,3.869,3.9753,4.2566,5.9976,5.6482,4.4459,4.0867,3.7367,5.8746,5.8256,5.7023,5.9032,4.0291,3.0528,4.4504,3.8378,4.8686,3.5485,7.2031,7.7759,5.0764,4.6004,3.8882,3.546,5.3345,5.7423,6.3408,6.2339,6.3417,6.7402,6.7417,7.5088,7.201,8.1699,8.1013,7.9755,7.6759,8.2485,8.7439,8.6074,8.4753,8.6782,8.2155,7.5307,7.4996,8.6926,7.0724,3.3938,3.4697
6115.06,6.4351,6.047,6.0552,6.145,5.4009,5.7209,5.7,4.3592,4.0608,4.0856,3.9388,3.9422,3.7414,3.5929,3.4745,3.6649,4.4959,3.1795,3.3883,3.2428,3.2823,3.0389,3.0468,3.0535,2.8415,2.9917,3.4542,2.8472,2.9092,3.146,4.3828,2.5004,2.5786,2.6523,2.4883,2.3099,2.3315,2.2534,2.6784,4.7582,2.3892,2.1223,2.2488,2.1077,2.0238,2.0346,1.8271,2.0739,1.9043,1.7076,1.8173,1.7516,2.8509,1.5935,1.6183,1.7675,1.4535,1.4633,1.2776,1.6311,0.8091,0.5823,1.1292,0.5134,0.2532,0.3181,0.0759,0.0,0.3525,0.3339,0.4094,1.9362,1.2428,0.7971,0.626,0.7657,1.7299,1.8003,2.5805,2.6374,2.6683,1.4718,1.2158,1.4265,1.565,3.2885,1.7605,1.7257,3.245,2.6913,1.7862,2.6772,1.9419,1.9159,3.5484,2.9848,3.8595,3.2731,3.8306,2.3153,3.1926,3.1035,2.5391,2.3244,3.2222,2.7095,3.1283,4.2353,2.9485,3.5902,3.3212,3.6846,4.6723,5.6588,12.2044,13.4553,2.158,1.9268,2.1856,2.0336,1.9671,2.1545,2.4107,2.5256,2.5091,2.4369,2.8443,2.9249,3.0785,2.8702,2.665,3.1391,2.5809,3.0069,2.4606,2.1483,2.8017,2.4893,2.7117,2.2896,1.8611,2.0407,2.345,2.0126,2.7022,1.8665,2.189,3.7389,4.0897,3.4728,2.5873,3.5642,4.2463,3.7227,4.604,4.516,5.2889,3.9864,4.2119,3.9296,3.7717,4.0248,3.8505,4.3067,4.0151,7.036,5.322,6.3971,5.5024,3.296,3.1153,6.9885,5.2004,2.7923,4.1588,3.8996,3.9997,4.2873,6.0211,5.6825,4.4287,4.1096,3.7725,5.906,5.8404,5.7148,5.923,4.0728,3.0905,4.4839,3.8874,4.8735,3.5536,7.2337,7.8068,5.0853,4.6402,3.9274,3.5972,5.3715,5.779,6.3746,6.2647,6.3674,6.765,6.775,7.5313,7.2374,8.1983,8.1261,8.0129,7.7159,8.2824,8.7729,8.6426,8.5132,8.7191,8.2598,7.5588,7.5313,8.7256,7.088,3.4376,3.5143
6115.09,6.7619,6.374,6.3877,6.4817,5.7173,6.0708,6.0524,4.6364,4.3593,4.3798,4.232,4.1949,4.0443,3.8589,3.7553,3.9115,4.8411,3.4832,3.6873,3.5274,3.5365,3.3469,3.3262,3.385,3.145,3.2437,3.8065,3.1186,3.1437,3.4958,4.7151,2.8049,2.8776,2.8854,2.8324,2.6317,2.6293,2.5603,3.0297,5.062,2.7411,2.3934,2.5197,2.4525,2.2885,2.3241,2.1294,2.4244,2.2549,2.0398,2.0873,2.0638,3.1785,1.8808,1.9698,2.1196,1.7812,1.7031,1.5493,1.9539,1.0944,0.8655,1.4099,0.8389,0.3853,0.5246,0.4213,0.3525,0.0,0.1114,0.3315,2.0674,1.3566,0.4621,0.3807,0.5259,1.7446,1.8066,2.6509,2.6769,2.7049,1.3853,1.0023,1.1865,1.4159,3.3392,1.663,1.4969,3.2751,2.6749,1.5343,2.6213,1.7384,1.6895,3.5468,2.9557,3.8794,3.2464,3.8323,2.0822,3.1133,3.0261,2.3165,2.0535,3.1068,2.5511,2.9935,4.2156,2.7839,3.4578,3.1089,3.4939,4.5063,5.5676,12.0711,13.2636,2.0675,1.8273,2.0684,1.9342,1.6447,1.8193,2.0749,2.329,2.2843,2.1975,2.6017,2.6686,2.938,2.7173,2.5009,2.9606,2.4515,2.8024,2.1886,1.8423,2.5218,2.1793,2.3916,2.0859,1.6446,1.7826,2.1943,1.9046,2.4005,1.6931,2.0814,3.8663,4.1393,3.5246,2.5951,3.5272,4.3222,3.792,4.4684,4.4133,5.2296,3.8346,4.184,3.7334,3.7518,4.0345,3.7271,4.3341,4.1339,6.974,5.3659,6.3081,5.4253,3.0813,2.8555,6.9708,5.0397,2.8084,4.269,3.8956,3.965,4.2822,5.975,5.6911,4.2099,4.067,3.7959,5.8993,5.7538,5.618,5.8597,4.137,3.1278,4.4919,3.9853,4.7449,3.4313,7.2213,7.7947,4.9739,4.6811,3.9679,3.7062,5.3956,5.8008,6.3799,6.2544,6.3316,6.7238,6.7765,7.4782,7.2544,8.1729,8.0833,8.0341,7.7513,8.2853,8.7502,8.6519,8.5368,8.759,8.3183,7.5329,7.5234,8.7234,7.0032,3.5053,3.5863
6157.04,6.6906,6.3029,6.3204,6.4178,5.6404,6.0238,6.0149,4.545,4.2751,4.2939,4.146,4.0977,3.9619,3.7649,3.6655,3.8131,4.8278,3.4016,3.6036,3.439,3.4399,3.2673,3.2363,3.3183,3.0637,3.1469,3.7692,3.0267,3.0435,3.4496,4.7165,2.7243,2.7948,2.7851,2.7777,2.5596,2.5464,2.4811,3.0041,5.0839,2.7015,2.3023,2.4283,2.399,2.1958,2.2387,2.0491,2.3807,2.2115,1.9755,1.9965,1.9881,3.1838,1.7957,1.9294,2.0824,1.7147,1.6062,1.4608,1.9625,1.0132,0.7868,1.4408,0.8437,0.2961,0.5682,0.3905,0.3339,0.1114,0.0,0.4273,2.1474,1.4378,0.5439,0.4911,0.6355,1.8446,1.9078,2.7439,2.7749,2.8034,1.4946,1.1119,1.2927,1.5273,3.4361,1.7732,1.6038,3.375,2.7799,1.6378,2.7298,1.8475,1.7964,3.6508,3.0622,3.981,3.3529,3.9361,2.1878,3.2234,3.1361,2.4232,2.152,3.2181,2.6622,3.1048,4.3217,2.8947,3.5691,3.2162,3.6031,4.6168,5.6785,12.1824,13.3719,1.9707,1.7316,1.9766,1.8387,1.6339,1.8208,2.077,2.2576,2.2223,2.1409,2.5469,2.6196,2.8524,2.6344,2.4206,2.8847,2.3628,2.7341,2.1464,1.8192,2.4839,2.1592,2.3791,2.0164,1.5783,1.7332,2.1101,1.8106,2.375,1.6136,1.9877,3.7553,4.0291,3.4142,2.487,3.4241,4.2111,3.681,4.3827,4.3208,5.1302,3.7524,4.0801,3.6633,3.6468,3.9268,3.6384,4.2252,4.0227,6.8753,5.2562,6.2137,5.3287,3.0167,2.8082,6.8663,4.9603,2.6998,4.1577,3.7891,3.8618,4.1759,5.8739,5.5838,4.1473,3.9649,3.6871,5.7935,5.6589,5.5248,5.761,4.0262,3.0179,4.3845,3.8739,4.6578,3.3421,7.1163,7.6898,4.8833,4.5714,3.8581,3.5949,5.2871,5.6925,6.273,6.149,6.2292,6.6222,6.67,7.3783,7.1467,8.0694,7.982,7.9261,7.6423,8.1788,8.6464,8.5449,8.4287,8.6497,8.208,7.4294,7.4179,8.6174,6.9082,3.3943,3.4752
6190.03,6.7983,6.4101,6.4097,6.4912,5.7774,6.023,5.9746,4.7613,4.4529,4.4803,4.3341,4.3502,4.1311,3.9987,3.8758,4.0737,4.6956,3.5694,3.7809,3.6429,3.6903,3.4258,3.4491,3.4142,3.2321,3.4,3.735,3.2521,3.3185,3.4543,4.5317,2.8912,2.9727,3.0617,2.8237,2.6863,2.7269,2.6432,2.9274,4.8289,2.6837,2.5282,2.6545,2.4437,2.431,2.4346,2.2214,2.3836,2.2153,2.0738,2.2238,2.1394,2.9908,1.9958,1.9254,2.0629,1.828,1.8726,1.6849,1.7689,1.2157,0.9908,1.1792,0.7093,0.5995,0.3288,0.48,0.4094,0.3315,0.4273,0.0,1.7418,1.0311,0.5326,0.2693,0.3831,1.4174,1.4811,2.3195,2.3477,2.3761,1.0902,0.809,1.0247,1.1611,3.0092,1.3754,1.3193,2.9477,2.357,1.3859,2.317,1.5326,1.5086,3.226,2.6422,3.5542,2.9325,3.511,1.9084,2.8202,2.732,2.1305,1.9297,2.8332,2.3061,2.732,3.9004,2.544,3.1953,2.9118,3.2764,4.2685,5.2825,11.8116,13.0479,2.3972,2.1575,2.3998,2.2646,1.8856,2.0329,2.2842,2.6521,2.5987,2.5062,2.9074,2.9664,3.2689,3.0473,2.8298,3.2867,2.7829,3.1224,2.4783,2.1036,2.8038,2.4327,2.6289,2.4078,1.9645,2.0838,2.5249,2.2355,2.6623,2.022,2.4124,4.1251,4.4371,3.8209,2.9057,3.8505,4.6087,4.0811,4.7991,4.7447,5.5575,4.1641,4.5058,4.0545,4.0715,4.3463,4.0586,4.6404,4.398,7.3026,5.6668,6.6391,5.7552,3.3975,3.1505,7.2914,5.3676,3.1167,4.5381,4.2113,4.2881,4.5985,6.3011,6.0042,4.5229,4.3918,4.1031,6.2168,6.0846,5.9492,6.1882,4.4287,3.4292,4.8045,4.2607,5.076,3.7627,7.5406,8.1141,5.3054,4.9827,4.2691,3.9754,5.7036,6.1098,6.6942,6.5729,6.6559,7.0492,7.092,7.8056,7.5654,8.4954,8.4092,8.3439,8.0562,8.6008,9.0722,8.9656,8.846,9.0624,8.6142,7.8554,7.8416,9.0403,7.334,3.7948,3.8739
6206.08,6.8955,6.5218,6.4484,6.4613,6.042,5.7132,5.5065,5.4041,4.9655,5.0247,4.8966,5.163,4.6374,4.7644,4.5628,4.9368,3.9322,4.1285,4.3522,4.3281,4.5447,3.9676,4.1878,3.724,3.8355,4.2913,3.4863,4.0587,4.2976,3.4047,3.5592,3.5399,3.6474,4.071,3.0506,3.2319,3.4497,3.3185,2.6497,3.5436,2.7021,3.4354,3.5428,2.7583,3.3845,3.2616,3.0178,2.5644,2.4537,2.6767,3.1898,2.8907,2.1859,2.9299,2.2467,2.274,2.5577,3.022,2.7652,1.4455,2.4,2.2749,1.1224,1.6044,2.1888,1.6191,1.9513,1.9362,2.0674,2.1474,1.7418,0.0,0.7109,2.1378,1.8673,1.8306,0.6842,0.7153,0.7412,0.9029,0.9397,1.1952,1.7227,1.8678,1.4672,1.4491,1.2376,1.8998,1.4688,1.1985,2.0534,1.3906,1.8425,1.962,1.8564,1.4834,2.0767,1.7117,2.1059,2.209,1.8965,1.8159,2.2784,2.4701,2.112,1.9896,2.1489,2.5601,2.192,2.5049,2.7746,2.9286,3.6419,4.1914,10.7954,12.3199,4.0933,3.8601,4.1147,3.9672,3.5198,3.6069,3.8356,4.3939,4.3357,4.2376,4.6336,4.6808,4.9986,4.7818,4.5675,5.0279,4.5059,4.8631,4.1835,3.7669,4.4921,4.0725,4.2291,4.1495,3.7058,3.8086,4.2573,3.944,4.3137,3.7599,4.1211,5.429,5.9228,5.3119,4.4882,5.4873,6.0335,5.5307,6.5283,6.4513,7.2185,5.8998,6.1273,5.7955,5.6835,5.9091,5.7799,6.1681,5.7176,8.965,7.1504,8.3331,7.437,5.1352,4.8594,8.8872,7.1069,4.6833,5.8778,5.798,5.9201,6.1842,7.9433,7.5573,6.256,6.0339,5.6441,7.7968,7.7763,7.6509,7.8535,5.8831,4.9549,6.3664,5.639,6.8014,5.4831,9.1265,9.6979,7.0193,6.4797,5.7756,5.3332,7.2286,7.6367,8.2504,8.1581,8.2824,8.683,8.6537,9.4557,9.0946,10.1017,10.0434,9.8611,9.5431,10.1549,10.6728,10.5058,10.3561,10.5346,10.0426,9.4637,9.4184,10.6034,9.0235,5.2536,5.3219
6215.04,6.7888,6.4061,6.3618,6.4031,5.86,5.7652,5.6244,5.0674,4.6726,4.7204,4.5835,4.7599,4.3416,4.373,4.1973,4.5123,4.161,3.8025,4.0263,3.959,4.1177,3.6444,3.7962,3.4843,3.4858,3.8468,3.4728,3.6399,3.8224,3.3028,3.8804,3.1651,3.2662,3.5813,2.8203,2.8848,3.0451,2.9267,2.6171,4.0176,2.5415,2.9657,3.0826,2.4783,2.8976,2.8139,2.5714,2.3272,2.1853,2.2819,2.6926,2.4543,2.3848,2.4333,1.928,2.0028,2.1104,2.4611,2.2155,1.3209,1.8024,1.6449,0.7484,0.9892,1.4959,0.9248,1.2661,1.2428,1.3566,1.4378,1.0311,0.7109,0.0,1.4488,1.1695,1.1494,0.6154,0.694,1.3425,1.4213,1.4545,0.7861,1.1456,1.3372,1.0573,2.0568,0.986,1.4659,2.0296,1.5544,1.6076,1.6249,1.5079,1.5855,2.3652,1.8592,2.6483,2.1337,2.6393,1.9214,2.1662,2.0769,2.0609,2.1096,2.2892,1.9578,2.2594,3.0674,2.1934,2.6861,2.7125,2.9672,3.8277,4.5991,11.1996,12.6054,3.3928,3.1576,3.4094,3.2648,2.8417,2.9472,3.1845,3.6832,3.6273,3.5312,3.9292,3.9806,4.2901,4.0721,3.8571,4.3169,3.7989,4.1531,3.4858,3.0814,3.8005,3.3953,3.5651,3.4389,2.9955,3.1042,3.5479,3.2402,3.6336,3.0494,3.4174,4.8552,5.2909,4.6758,3.8205,4.8061,5.4223,4.909,5.8202,5.7498,6.5316,5.1899,5.4519,5.0854,5.0103,5.252,5.0738,5.5231,5.1403,8.2787,6.5227,7.6361,6.7436,4.4266,4.1612,8.2235,6.3962,4.0211,5.2946,5.1331,5.2411,5.5204,7.2631,6.9067,5.5494,5.3519,4.9933,7.1374,7.0799,6.9513,7.1657,5.2614,4.3063,5.7107,5.0415,6.0944,4.7772,8.4665,9.039,6.3157,5.8458,5.1364,4.7408,6.5869,6.9952,7.5997,7.4973,7.6077,8.0062,8.0016,8.7738,8.4543,9.4352,9.3672,9.2259,8.9183,9.5068,10.0087,9.8629,9.7239,9.9162,9.4394,8.7961,8.7618,9.9525,8.3282,4.6277,4.6998
6233.04,7.2236,6.8356,6.8481,6.9403,6.1793,6.5135,6.4816,5.0881,4.8184,4.8376,4.6897,4.6355,4.5045,4.3064,4.2091,4.3493,5.2252,3.9437,4.1467,3.9828,3.9789,3.8082,3.7799,3.8454,3.6057,3.6857,4.2376,3.5696,3.5767,3.9393,5.0642,3.2658,3.3375,3.3185,3.2854,3.0936,3.0891,3.0216,3.4431,5.35,3.1772,2.8457,2.9715,2.9048,2.7386,2.7822,2.5903,2.8665,2.6971,2.4997,2.54,2.5259,3.5233,2.3391,2.4093,2.5546,2.2421,2.1461,2.0047,2.3014,1.5546,1.3265,1.7083,1.2243,0.8394,0.854,0.871,0.7971,0.4621,0.5439,0.5326,2.1378,1.4488,0.0,0.2902,0.311,1.6787,1.7259,2.6208,2.6056,2.6291,1.2119,0.6872,0.814,1.1535,3.2687,1.4536,1.1233,3.1788,2.5311,1.1316,2.4287,1.3875,1.3123,3.4052,2.7894,3.7611,3.0779,3.6914,1.6889,2.8815,2.7982,1.931,1.6229,2.8316,2.2341,2.6969,4.0435,2.4559,3.1582,2.7257,3.13,4.1623,5.3006,11.7463,12.8816,2.2233,1.9819,2.1898,2.0841,1.395,1.519,1.7662,2.3236,2.2318,2.1215,2.5081,2.5468,3.0029,2.7691,2.5416,2.9683,2.5436,2.7714,2.0473,1.6326,2.3545,1.9482,2.1275,2.0773,1.6357,1.6868,2.2644,2.0448,2.1852,1.7519,2.2149,4.2193,4.4175,3.8104,2.849,3.7166,4.6253,4.0924,4.5198,4.5106,5.3771,3.8693,4.3771,3.7008,3.9584,4.2715,3.8035,4.5877,4.478,7.1099,5.6312,6.4117,5.5489,3.0276,2.7231,7.1608,5.05,3.0671,4.6046,4.1188,4.1521,4.5008,6.1348,5.9164,4.1344,4.2438,4.0498,6.1063,5.8633,5.7146,5.9985,4.43,3.4034,4.7234,4.3114,4.8037,3.5131,7.4167,7.989,5.0549,4.9468,4.2382,4.0442,5.6394,6.0402,6.5986,6.4556,6.5023,6.8865,6.9896,7.6236,7.4836,8.3503,8.2399,8.266,7.9996,8.4958,8.9296,8.869,8.7704,9.0101,8.5901,7.7115,7.7233,8.927,7.1096,3.8068,3.8911
6306.01,7.0522,6.664,6.6671,6.7514,6.0241,6.2912,6.2439,4.9814,4.6867,4.7113,4.5643,4.5539,4.3674,4.2107,4.0974,4.2731,4.9592,3.8055,4.0142,3.8666,3.8944,3.6645,3.6691,3.6685,3.4675,3.6024,4.0041,3.4667,3.5096,3.7214,4.786,3.1264,3.2045,3.2516,3.0857,2.9324,2.9573,2.8793,3.1964,5.0613,2.9519,2.7411,2.8676,2.7052,2.6397,2.6589,2.453,2.6499,2.4813,2.3247,2.4351,2.3772,3.2454,2.2169,2.1916,2.3305,2.0745,2.0646,1.8949,2.0274,1.4297,1.2004,1.4253,0.9785,0.7507,0.5978,0.7017,0.626,0.3807,0.4911,0.2693,1.8673,1.1695,0.2902,0.0,0.1468,1.4511,1.5054,2.384,2.3857,2.4113,1.0357,0.6222,0.8139,1.0409,3.0505,1.3035,1.1215,2.9721,2.3467,1.1685,2.2725,1.3586,1.314,3.2219,2.6185,3.5663,2.909,3.5083,1.7095,2.7523,2.6661,1.941,1.7006,2.7343,2.1715,2.6168,3.8783,2.4036,3.081,2.7317,3.1139,4.1257,5.199,11.6924,12.8845,2.3811,2.1388,2.3648,2.2441,1.6818,1.8093,2.0564,2.5534,2.4775,2.3741,2.7674,2.8136,3.2072,2.9782,2.7544,3.1956,2.7341,3.012,2.3172,1.9147,2.6311,2.2342,2.4168,2.307,1.8623,1.9428,2.4635,2.2096,2.4697,1.9524,2.384,4.2463,4.5052,3.8921,2.9514,3.8604,4.6946,4.1634,4.7327,4.7032,5.5458,4.0881,4.5197,3.944,4.0925,4.3872,4.0046,4.6927,4.5132,7.2858,5.7289,6.6031,5.7299,3.2764,2.9929,7.3071,5.2798,3.1668,4.6473,4.243,4.2978,4.6283,6.2976,6.0408,4.3917,4.3955,4.1541,6.242,6.0515,5.9087,6.1722,4.5069,3.4919,4.843,4.362,5.0138,3.7112,7.56,8.1332,5.2556,5.0438,4.3314,4.0846,5.7516,6.1555,6.7274,6.595,6.6593,7.0481,7.1221,7.7948,7.6062,8.5043,8.4054,8.3871,8.1098,8.6304,9.0826,8.9996,8.8905,9.1186,8.6841,7.8646,7.864,9.0659,7.3,3.8768,3.9586
6306.06,7.1808,6.7927,6.7928,6.8742,6.1574,6.3993,6.3429,5.124,4.8256,4.8511,4.7043,4.6992,4.5053,4.3548,4.2396,4.4189,5.0351,3.9434,4.1532,4.0083,4.0396,3.8014,3.8116,3.7968,3.6056,3.7478,4.1071,3.6103,3.6559,3.8332,4.8456,3.2646,3.3438,3.3979,3.2065,3.0658,3.097,3.017,3.2913,5.0944,3.0608,2.8848,3.0113,2.8266,2.784,2.8002,2.5921,2.7639,2.596,2.4551,2.579,2.5141,3.307,2.3588,2.306,2.4413,2.2074,2.2106,2.0388,2.0973,1.5725,1.3436,1.4824,1.0832,0.8975,0.7015,0.8408,0.7657,0.5259,0.6355,0.3831,1.8306,1.1494,0.311,0.1468,0.0,1.3707,1.4199,2.3114,2.3006,2.3249,0.9233,0.4765,0.6675,0.9061,2.9646,1.1814,0.9747,2.8791,2.2413,1.0234,2.1549,1.2126,1.1671,3.1167,2.5072,3.467,2.7971,3.4032,1.5629,2.626,2.5406,1.7942,1.5587,2.5996,2.03,2.4785,3.7654,2.2609,2.9425,2.5849,2.9681,3.9819,5.0664,11.5514,12.7382,2.4921,2.2498,2.469,2.3541,1.6931,1.8007,2.042,2.6288,2.5413,2.432,2.8191,2.8573,3.2982,3.0665,2.8404,3.273,2.8317,3.0799,2.3572,1.9367,2.6619,2.2466,2.4165,2.3823,1.9392,1.9976,2.5566,2.3177,2.486,2.0442,2.4907,4.3893,4.6382,4.0262,3.0802,3.9776,4.8314,4.2997,4.8194,4.8008,5.6543,4.1711,4.6376,4.01,4.213,4.5132,4.0976,4.8217,4.6552,7.3915,5.8599,6.7016,5.8332,3.3378,3.0329,7.4243,5.356,3.2963,4.7884,4.3666,4.4146,4.751,6.4086,6.1648,4.4454,4.5101,4.283,6.3626,6.1515,6.0058,6.2787,4.6422,3.6243,4.9681,4.5019,5.1022,3.8057,7.6783,8.2513,5.3492,5.1748,4.4631,4.2259,5.879,6.2822,6.8503,6.7145,6.7726,7.1597,7.2438,7.9026,7.731,8.6189,8.5156,8.5124,8.238,8.7517,9.1976,9.1221,9.0161,9.2474,8.8164,7.9795,7.9832,9.1858,7.3991,4.0131,4.0955
6364.07,7.3604,6.98,6.9263,6.9577,6.4514,6.2729,6.0988,5.6818,5.2828,5.3319,5.1958,5.3747,4.9518,4.9884,4.8126,5.1259,4.5668,4.4153,4.6393,4.5743,4.7314,4.2568,4.4117,4.084,4.1,4.4591,4.0022,4.2544,4.4302,3.8645,4.2216,3.7803,3.8816,4.1869,3.4156,3.4982,3.6604,3.5421,3.1485,4.2279,3.1172,3.5762,3.6942,3.0819,3.5055,3.4273,3.1852,2.9214,2.7852,2.8971,3.2992,3.069,2.7984,3.041,2.5351,2.602,2.7249,3.05,2.8104,1.8662,2.3806,2.2046,1.3474,1.5757,1.9741,1.4273,1.7701,1.7299,1.7446,1.8446,1.4174,0.6842,0.6154,1.6787,1.4511,1.3707,0.0,0.0787,0.9443,0.9354,0.962,0.5508,1.134,1.2379,0.8018,1.5999,0.5534,1.2287,1.5306,0.968,1.3828,1.011,1.1583,1.2798,1.8186,1.2685,2.1375,1.5521,2.1013,1.5286,1.5519,1.4624,1.6124,1.7858,1.6771,1.3983,1.6578,2.5075,1.6236,2.0753,2.1757,2.391,3.2194,3.9952,10.5902,11.991,3.8114,3.5707,3.8066,3.6773,2.9987,3.0532,3.2671,3.9992,3.9104,3.7981,4.1793,4.2077,4.6579,4.4293,4.2054,4.6429,4.1819,4.45,3.7051,3.259,3.9926,3.5432,3.6755,3.7526,3.309,3.3625,3.9139,3.6461,3.788,3.4033,3.8223,5.427,5.8187,5.2018,4.3113,5.2673,5.9678,5.4476,6.1838,6.1497,6.9742,5.5385,5.9217,5.3793,5.4857,5.7512,5.4544,6.0363,5.7094,8.7185,7.0512,8.0477,7.1685,4.705,4.3771,8.7057,6.7264,4.5189,5.8598,5.6214,5.7048,6.0089,7.7185,7.4094,5.805,5.809,5.5014,7.6279,7.4946,7.3552,7.6042,5.7987,4.8203,6.2101,5.5982,6.4649,5.1603,8.9536,9.527,6.7049,6.3698,5.6572,5.3018,7.101,7.5084,8.1009,7.9852,8.0729,8.4665,8.5002,9.2226,8.9664,9.9113,9.8265,9.7424,9.4455,10.0084,10.4876,10.3703,10.2429,10.4482,9.9844,9.2713,9.2532,10.4501,8.7438,5.1635,5.2388
6364.10,7.4321,7.0521,6.9971,7.0272,6.5259,6.3364,6.1581,5.76,5.3602,5.4096,5.2736,5.4534,5.0292,5.067,4.891,5.2047,4.6183,4.4931,4.7172,4.6528,4.8101,4.3346,4.4903,4.1599,4.1782,4.5378,4.0691,4.3332,4.5087,3.9355,4.2656,3.8587,3.9601,4.2652,3.491,3.5762,3.7391,3.6207,3.2162,4.2558,3.1902,3.6548,3.7729,3.1585,3.584,3.506,3.264,2.9967,2.8613,2.9755,3.3776,3.1477,2.853,3.1195,2.6122,2.678,2.8037,3.1273,2.8881,1.9369,2.4572,2.2799,1.4241,1.6533,2.0432,1.4998,1.8417,1.8003,1.8066,1.9078,1.4811,0.7153,0.694,1.7259,1.5054,1.4199,0.0787,0.0,0.9064,0.881,0.906,0.5687,1.1612,1.2518,0.8031,1.5455,0.53,1.2227,1.4696,0.8939,1.3765,0.9323,1.1349,1.2621,1.7494,1.1931,2.0731,1.4777,2.0329,1.4939,1.4731,1.3836,1.5674,1.7605,1.5998,1.3331,1.583,2.4355,1.5557,1.9982,2.1132,2.321,3.1428,3.9173,10.5117,11.9128,3.8722,3.631,3.8651,3.7375,3.0319,3.0802,3.2908,4.0486,3.9563,3.8423,4.2211,4.2468,4.7125,4.4829,4.2582,4.6929,4.2385,4.4969,3.7441,3.2939,4.0279,3.5741,3.7017,3.8022,3.3591,3.4065,3.9689,3.7057,3.8192,3.4577,3.8816,5.5025,5.8897,5.2728,4.3791,5.3316,6.0407,5.5199,6.2371,6.207,7.0359,5.5904,5.9867,5.425,5.5515,5.8193,5.5099,6.1058,5.7845,8.7797,7.1221,8.1058,7.2282,4.7495,4.4147,8.7715,6.7756,4.5874,5.9346,5.6884,5.7693,6.0759,7.7815,7.4776,5.846,5.8727,5.5706,7.6948,7.5532,7.4125,7.6654,5.8708,4.8902,6.2781,5.6722,6.5188,5.2163,9.02,9.5934,6.7608,6.4405,5.7276,5.3763,7.1704,7.5777,8.1688,8.0518,8.1369,8.53,8.5679,9.2847,9.0354,9.9763,9.8897,9.8118,9.5161,10.0762,10.5529,10.4388,10.3126,10.5193,10.0568,9.3363,9.32,10.5174,8.8022,5.2355,5.3111
6389.09,7.5239,7.1566,7.0679,7.0648,6.7104,6.2523,5.9997,6.1271,5.6782,5.7403,5.615,5.8989,5.352,5.499,5.2936,5.6754,4.3592,4.8524,5.0755,5.06,5.2839,4.6916,4.9234,4.4268,4.5653,5.0318,4.0942,4.7976,5.0388,4.0582,3.9084,4.2746,4.3827,4.8117,3.7563,3.9633,4.188,4.0558,3.2854,3.7096,3.3899,4.1765,4.2839,3.4794,4.125,4.0026,3.7589,3.2773,3.1753,3.4158,3.9295,3.6317,2.7006,3.6694,2.9792,2.9981,3.2989,3.7517,3.4968,2.1546,3.1165,2.9762,1.8626,2.3087,2.8328,2.2639,2.6072,2.5805,2.6509,2.7439,2.3195,0.7412,1.3425,2.6208,2.384,2.3114,0.9443,0.9064,0.0,0.2373,0.2663,1.4701,2.0659,2.1407,1.6755,0.7188,1.3562,2.062,0.7279,0.6575,2.2104,0.9428,1.9073,2.0543,1.1236,0.8639,1.3369,1.0316,1.3659,2.1766,1.3327,1.2687,2.1642,2.4916,1.6154,1.7171,1.7134,1.8229,1.8609,1.976,2.4582,2.5059,3.0677,3.4772,10.0718,11.6414,4.7138,4.4754,4.7193,4.5825,3.9382,3.9828,4.1893,4.9369,4.8526,4.7416,5.1236,5.1517,5.5834,5.3578,5.1361,5.5796,5.1011,5.3912,4.6491,4.2003,4.9343,4.4794,4.603,4.6904,4.246,4.3062,4.8387,4.5545,4.7247,4.3308,4.7315,6.1584,6.6274,6.0135,5.1628,6.1444,6.7495,6.2411,7.1122,7.0641,7.8655,6.4707,6.7923,6.3214,6.3515,6.5944,6.3763,6.8636,6.4462,9.6123,7.8579,8.9576,8.0708,5.6482,5.3205,9.5658,7.6638,5.3636,6.6047,6.4755,6.5802,6.8628,8.601,8.2485,6.7493,6.6895,6.3349,8.4799,8.4026,8.2685,8.4984,6.5937,5.6473,7.053,6.3606,7.3912,6.0809,9.809,10.3815,7.6244,7.1832,6.4753,6.0565,7.9269,8.3351,8.9416,8.8398,8.9479,9.3454,9.3437,10.1103,9.7941,10.7772,10.7065,10.5643,10.2529,10.8484,11.3509,11.2035,11.0614,11.2481,10.7634,10.1379,10.1042,11.2946,9.6519,5.9615,6.0319
6432.08,7.743,7.3742,7.2888,7.2887,6.9185,6.4843,6.2349,6.3068,5.8657,5.9258,5.7985,6.0632,5.5381,5.6654,5.4653,5.834,4.5963,5.0312,5.2549,5.2304,5.4411,4.8704,5.0884,4.6198,4.7383,5.184,4.3157,4.9557,5.1826,4.2695,4.1453,4.4413,4.5483,4.9511,3.9474,4.1345,4.3477,4.2179,3.5003,3.936,3.5891,4.3201,4.4303,3.6604,4.2638,4.1514,3.907,3.4639,3.3558,3.5741,4.0649,3.7817,2.932,3.8042,3.1492,3.1766,3.4448,3.8671,3.6156,2.3422,3.2189,3.0661,2.0058,2.4061,2.8869,2.3251,2.6703,2.6374,2.6769,2.7749,2.3477,0.9029,1.4213,2.6056,2.3857,2.3006,0.9354,0.881,0.2373,0.0,0.0367,1.4174,2.0123,2.0627,1.592,0.6647,1.2615,1.9523,0.609,0.4245,2.0958,0.7174,1.7741,1.925,0.9614,0.63,1.2272,0.818,1.2247,2.0121,1.0959,1.0314,1.9807,2.3356,1.3786,1.5077,1.4803,1.6681,1.6397,1.7388,2.2349,2.2714,2.8343,3.2891,9.8924,11.4343,4.7444,4.504,4.7415,4.6108,3.8857,3.9151,4.1127,4.9289,4.8337,4.7177,5.0925,5.1129,5.5929,5.3637,5.1392,5.5734,5.1173,5.3751,4.6103,4.1516,4.8853,4.4197,4.5311,4.6825,4.2398,4.2818,4.849,4.5803,4.6652,4.3381,4.7567,6.2696,6.7104,6.0947,5.2247,6.1927,6.8435,6.33,7.118,7.0849,7.905,6.4714,6.8448,6.3019,6.4066,6.6615,6.3897,6.9386,6.5559,9.6503,7.9426,8.9827,8.1021,5.6249,5.2773,9.6251,7.6556,5.4291,6.7119,6.537,6.6297,6.9246,8.6466,8.3185,6.715,6.7359,6.4066,8.5434,8.4292,8.2904,8.5359,6.6823,5.7214,7.1206,6.4615,7.3995,6.0957,9.871,10.4441,7.6402,7.2646,6.5541,6.1598,8.003,8.4111,9.011,8.902,8.9983,9.3935,9.4119,10.1527,9.8701,10.8334,10.7541,10.6432,10.3382,10.9187,11.4088,11.2773,11.142,11.3369,10.8605,10.1937,10.1687,11.3627,9.6785,6.0484,6.1208
6432.09,7.7779,7.4092,7.3235,7.3229,6.9544,6.5166,6.2657,6.3435,5.9023,5.9625,5.8352,6.0998,5.5748,5.702,5.502,5.8705,4.6253,5.068,5.2917,5.2671,5.4775,4.9071,5.125,4.6563,4.775,5.2203,4.3502,4.9922,5.2187,4.3051,4.1718,4.4779,4.585,4.9869,3.9839,4.1712,4.3842,4.2545,3.5355,3.9559,3.6254,4.3561,4.4665,3.6971,4.2996,4.1876,3.9433,3.5006,3.3926,3.6107,4.1007,3.818,2.9644,3.84,3.1859,3.2133,3.481,3.9019,3.6506,2.3788,3.2529,3.0994,2.042,2.4401,2.9175,2.3564,2.7016,2.6683,2.7049,2.8034,2.3761,0.9397,1.4545,2.6291,2.4113,2.3249,0.962,0.906,0.2663,0.0367,0.0,1.4374,2.0313,2.0781,1.6073,0.6398,1.2757,1.9628,0.577,0.4041,2.1053,0.7007,1.7805,1.932,0.9255,0.5982,1.1945,0.782,1.1897,2.0119,1.0665,1.0034,1.976,2.3369,1.3528,1.4959,1.4581,1.6322,1.6235,1.7101,2.2176,2.2479,2.8025,3.2524,9.8557,11.3983,4.7723,4.5318,4.7686,4.6385,3.9039,3.9311,4.1274,4.9526,4.8561,4.7395,5.1133,5.1327,5.6185,5.389,5.1641,5.5972,5.1436,5.3978,4.6302,4.1703,4.9038,4.4367,4.5464,4.7063,4.2638,4.3036,4.8748,4.6078,4.6823,4.3637,4.7841,6.304,6.7428,6.1271,5.2556,6.2222,6.8768,6.363,7.143,7.1116,7.9335,6.4959,6.8747,6.324,6.4367,6.6927,6.4156,6.9704,6.5902,9.6786,7.9751,9.0097,8.1298,5.6467,5.2964,9.6555,7.679,5.4603,6.746,6.5677,6.6594,6.9554,8.6757,8.3498,6.7352,6.7652,6.4382,8.5742,8.4565,8.3171,8.5643,6.7152,5.7533,7.1518,6.4952,7.4248,6.1218,9.9016,10.4748,7.6664,7.2969,6.5863,6.1937,8.0349,8.4429,9.0423,8.9327,9.0279,9.4228,9.443,10.1814,9.9019,10.8635,10.7834,10.6753,10.3707,10.95,11.439,11.3089,11.1742,11.3697,10.8939,10.2237,10.1995,11.3938,9.7057,6.0811,6.1538
6450.05,7.5257,7.1407,7.107,7.1572,6.5683,6.5444,6.4097,5.6871,5.3268,5.3667,5.2251,5.3277,4.9973,4.9565,4.8047,5.0633,4.9413,4.445,4.6657,4.567,4.6721,4.2913,4.3884,4.1829,4.1166,4.3887,4.247,4.2107,4.332,4.0576,4.6417,3.7834,3.8773,4.0796,3.5336,3.53,3.642,3.5373,3.3927,4.7156,3.2868,3.5028,3.6263,3.1744,3.4181,3.3782,3.1452,3.0474,2.8949,2.9108,3.2085,3.0418,3.1639,2.9606,2.6206,2.7166,2.7029,2.9028,2.6863,2.0981,2.2264,2.0205,1.4941,1.4876,1.6879,1.2205,1.5295,1.4718,1.3853,1.4946,1.0902,1.1952,0.7861,1.2119,1.0357,0.9233,0.5508,0.5687,1.4701,1.4174,1.4374,0.0,0.5967,0.6872,0.2816,2.0729,0.2893,0.7126,1.9723,1.3196,0.864,1.2377,0.722,0.8072,2.1945,1.5842,2.5494,1.8744,2.4809,1.1357,1.7306,1.6427,1.2848,1.3318,1.7509,1.2776,1.6651,2.8433,1.5201,2.1236,1.9814,2.2855,3.2269,4.1925,10.7336,12.0232,3.4143,3.172,3.3922,3.2767,2.4711,2.513,2.7222,3.5292,3.424,3.3049,3.6763,3.6955,4.2148,3.9808,3.753,4.1741,3.753,3.9669,3.1929,2.7356,3.4696,3.0099,3.1339,3.2836,2.8447,2.8692,3.4756,3.2407,3.2553,2.963,3.4139,5.2099,5.5229,4.9074,3.9798,4.896,5.6985,5.1703,5.7304,5.7213,6.5774,5.0783,5.5554,4.8902,5.1277,5.4182,5.0153,5.7193,5.4848,8.3147,6.7507,7.6224,6.756,4.2116,3.8602,8.3428,6.2516,4.1935,5.6264,5.2765,5.3335,5.6623,7.3311,7.0736,5.2978,5.4307,5.1811,7.2771,7.0731,6.9258,7.202,5.5172,4.5124,5.875,5.3505,6.0149,4.7246,8.5956,9.1688,6.2668,6.066,5.3526,5.064,6.7805,7.1854,7.7612,7.6304,7.6941,8.082,8.1565,8.8258,8.638,9.5396,9.4384,9.4182,9.1366,9.665,10.118,10.0334,9.9212,10.1443,9.7013,8.9,8.8995,10.1011,8.3201,4.8838,4.9634
6459.04,7.568,7.1802,7.1692,7.2402,6.5636,6.7135,6.6258,5.5695,5.2549,5.2842,5.1385,5.158,4.9313,4.8076,4.6838,4.8803,5.2441,4.3703,4.5837,4.4504,4.4981,4.2245,4.2575,4.1882,4.0339,4.2074,4.4109,4.0611,4.1217,4.168,5.0023,3.6935,3.7771,3.8641,3.5743,3.4777,3.5322,3.4451,3.5736,5.1631,3.3903,3.337,3.4634,3.1985,3.2394,3.2425,3.0267,3.112,2.9479,2.8596,3.0325,2.941,3.4821,2.8045,2.6598,2.7824,2.6219,2.6752,2.4932,2.3185,2.0243,1.7982,1.6867,1.4369,1.3699,1.0765,1.2882,1.2158,1.0023,1.1119,0.809,1.7227,1.1456,0.6872,0.6222,0.4765,1.134,1.1612,2.0659,2.0123,2.0313,0.5967,0.0,0.2311,0.4716,2.6639,0.7903,0.5103,2.5555,1.8843,0.5876,1.757,0.7364,0.7001,2.751,2.1269,3.1178,2.4123,3.0358,1.0996,2.1964,2.1139,1.3245,1.1386,2.1454,1.5591,2.015,3.3722,1.7874,2.4778,2.1118,2.4917,3.5064,4.6146,11.0799,12.2625,2.9088,2.6677,2.8706,2.7693,1.8745,1.9195,2.1338,2.9603,2.8441,2.7211,3.0866,3.102,3.6636,3.4264,3.1964,3.604,3.2159,3.3878,2.5998,2.1395,2.8733,2.4136,2.5416,2.7164,2.2837,2.2865,2.9321,2.729,2.6589,2.4217,2.8976,4.8643,5.0969,4.4872,3.5319,4.4032,5.297,4.7647,5.1679,5.1772,6.0565,4.5122,5.0637,4.3064,4.6456,4.9577,4.4647,5.2721,5.1291,7.7851,6.3141,7.0773,6.222,3.6262,3.2651,7.8463,5.6746,3.7494,5.261,4.8058,4.8384,5.188,6.8162,6.6036,4.7054,4.929,4.7338,6.7933,6.5316,6.3786,6.6753,5.1051,4.0825,5.4101,4.9727,5.4543,4.1775,8.1028,8.6749,5.7143,5.6293,4.9193,4.6988,6.3253,6.7266,7.2858,7.1423,7.1855,7.5681,7.6767,8.301,8.1707,9.034,8.9196,8.953,8.6854,9.1828,9.6134,9.5561,9.4574,9.6957,9.2724,8.3955,8.4097,9.6135,7.7754,4.4784,4.5616
6459.07,7.7975,7.4097,7.3995,7.471,6.7905,6.9435,6.8531,5.7851,5.4764,5.5046,5.3585,5.3658,5.1537,5.0193,4.8998,5.086,5.4616,4.5924,4.8048,4.6673,4.7061,4.4476,4.4727,4.4168,4.2554,4.4145,4.6405,4.2738,4.3234,4.399,5.2095,3.9148,3.997,4.0654,3.8047,3.703,3.7514,3.6665,3.8019,5.3478,3.6212,3.5487,3.6752,3.4286,3.4493,3.4589,3.2459,3.343,3.1788,3.0859,3.2434,3.1625,3.6954,3.0192,2.8906,3.0135,2.8461,2.878,2.7034,2.5419,2.2355,2.0077,1.9103,1.6668,1.5641,1.3034,1.5003,1.4265,1.1865,1.2927,1.0247,1.8678,1.3372,0.814,0.8139,0.6675,1.2379,1.2518,2.1407,2.0627,2.0781,0.6872,0.2311,0.0,0.4709,2.6985,0.8043,0.3122,2.5757,1.8882,0.3617,1.7273,0.5741,0.5043,2.738,2.108,3.1151,2.3861,3.0195,0.8961,2.127,2.0487,1.1305,0.9104,2.0428,1.4268,1.8964,3.332,1.6441,2.3541,1.9242,2.3194,3.3485,4.5066,10.9325,12.0814,3.0028,2.7642,2.9528,2.8629,1.8399,1.8534,2.0509,2.9936,2.8609,2.7311,3.0811,3.0837,3.7152,3.4753,3.2439,3.633,3.2829,3.4037,2.5851,2.1104,2.8394,2.3624,2.4685,2.7533,2.3318,2.3015,2.9947,2.8197,2.6076,2.4898,2.9838,5.0283,5.2283,4.6227,3.6573,4.4996,5.4389,4.906,5.2028,5.2318,6.1295,4.5439,5.1592,4.3109,4.7481,5.072,4.5143,5.3927,5.2891,7.8491,6.4383,7.1283,6.2842,3.6291,3.2389,7.9348,5.6889,3.8759,5.4172,4.9146,4.9322,5.2939,6.8929,6.7097,4.6873,5.0181,4.8556,6.8909,6.5866,6.4284,6.7429,5.2428,4.2147,5.5211,5.1249,5.491,4.2314,8.1934,8.7643,5.7595,5.7545,5.0476,4.8562,6.44,6.8388,7.388,7.2369,7.2663,7.6447,7.7758,8.3685,8.2766,9.1153,8.9914,9.0596,8.7998,9.2793,9.695,9.6553,9.5643,9.8107,9.3974,8.478,8.502,9.7064,7.826,4.6205,4.7049
6492.08,7.7509,7.3649,7.3375,7.3932,6.779,6.7999,6.6742,5.8584,5.5141,5.5503,5.4071,5.4783,5.1861,5.1148,4.9735,5.2081,5.2173,4.6298,4.8484,4.7369,4.8199,4.4785,4.5526,4.3934,4.2978,4.533,4.4993,4.3672,4.4639,4.2971,4.9223,3.9612,4.0516,4.2087,3.753,3.7202,3.8122,3.7135,3.6471,4.9953,3.5227,3.651,3.776,3.3877,3.5607,3.5377,3.3103,3.272,3.1157,3.0989,3.3514,3.213,3.4403,3.1104,2.836,2.9402,2.8795,3.0226,2.8197,2.3563,2.3528,2.1363,1.7414,1.6622,1.7561,1.3537,1.6302,1.565,1.4159,1.5273,1.1611,1.4672,1.0573,1.1535,1.0409,0.9061,0.8018,0.8031,1.6755,1.592,1.6073,0.2816,0.4716,0.4709,0.0,2.2283,0.3343,0.4334,2.1084,1.4259,0.5864,1.2864,0.4588,0.5287,2.286,1.6592,2.6574,1.943,2.5698,0.8775,1.7281,1.6446,1.0499,1.0534,1.6937,1.1451,1.5778,2.9011,1.3836,2.0421,1.7882,2.1265,3.1077,4.1603,10.6571,11.8921,3.3769,3.1354,3.3411,3.2376,2.3062,2.3242,2.5209,3.4277,3.3061,3.1803,3.5384,3.5463,4.1346,3.897,3.6668,4.0705,3.6875,3.8498,3.0459,2.5756,3.3065,2.8324,2.9391,3.1845,2.7537,2.7473,3.4037,3.198,3.0777,2.8933,3.3675,5.2783,5.5443,4.9321,3.9854,4.8696,5.7355,5.2043,5.6363,5.6486,6.5275,4.9797,5.5301,4.7639,5.1098,5.4163,4.9356,5.7268,5.548,8.2567,6.7659,7.5485,6.6937,4.0827,3.7042,8.3143,6.1367,4.2019,5.6844,5.2671,5.3054,5.6505,7.2867,7.0654,5.1505,5.3973,5.1882,7.2585,7.0031,6.8497,7.1467,5.5475,4.5305,5.8702,5.4011,5.9232,4.6487,8.5701,9.1425,6.1847,6.0808,5.3692,5.1215,6.783,7.1854,7.7492,7.6085,7.6553,8.0386,8.1412,8.7724,8.6322,9.5035,9.3906,9.4141,9.1425,9.6481,10.0828,10.0203,9.9182,10.1522,9.7225,8.8648,8.8765,10.08,8.2466,4.9176,4.9995
6498.10,8.0526,7.6939,7.5885,7.5676,7.289,6.6913,6.3939,6.781,6.3174,6.3836,6.2627,6.5775,5.9948,6.1754,5.9623,6.3613,4.7113,5.5105,5.7318,5.7314,5.9718,5.35,5.6026,5.0571,5.2336,5.7254,4.6242,5.4852,5.7398,4.6351,4.1982,4.9529,5.062,5.5164,4.3936,4.6362,4.875,4.7404,3.8539,3.8349,4.0095,4.8787,4.9838,4.1383,4.8307,4.7009,4.458,3.9266,3.8362,4.1061,4.6376,4.3294,3.1766,4.378,3.6571,3.6635,4.0007,4.4682,4.2125,2.8108,3.8352,3.6944,2.5706,3.0274,3.5396,2.9734,3.318,3.2885,3.3392,3.4361,3.0092,1.4491,2.0568,3.2687,3.0505,2.9646,1.5999,1.5455,0.7188,0.6647,0.6398,2.0729,2.6639,2.6985,2.2283,0.0,1.8942,2.5591,0.2008,0.8502,2.6947,1.116,2.3528,2.5065,0.5624,0.7897,0.6393,0.724,0.7176,2.5273,1.2044,1.1855,2.4477,2.8624,1.5401,1.902,1.7084,1.1802,1.9628,1.8014,2.5162,2.4328,2.7479,2.8852,9.4366,11.0872,5.4064,5.1665,5.4051,5.2734,4.5324,4.551,4.7407,5.5923,5.4946,5.3772,5.749,5.7658,6.2576,6.0284,5.8038,6.2369,5.7817,6.0367,5.2637,4.8003,5.5328,5.0607,5.1622,5.346,4.9036,4.9413,5.5137,5.2433,5.306,5.0029,5.4199,6.8753,7.3452,6.731,5.8743,6.8492,7.4683,6.9596,7.7826,7.749,8.565,7.1357,7.4996,6.9621,7.06,7.3081,7.0543,7.5798,7.1634,10.3109,8.5761,9.6463,8.7644,6.2842,5.9278,10.2767,8.3185,6.0765,7.3223,7.187,7.2858,7.5745,9.3046,8.9634,7.3693,7.3933,7.0501,9.1925,9.0925,8.9544,9.1967,7.3122,6.3631,7.767,7.0792,8.0642,6.7603,10.5211,11.0939,8.3048,7.9008,7.1923,6.7749,8.6434,9.0517,9.6563,9.5519,9.6543,10.0505,10.058,10.8119,10.5108,11.4867,11.4114,11.2816,10.9712,11.5636,12.0612,11.9197,11.7791,11.9668,11.4821,10.8472,10.8173,12.009,10.3419,6.6798,6.7505
6526.01,7.7667,7.3829,7.3431,7.3873,6.822,6.7473,6.5952,5.9629,5.5956,5.6373,5.4965,5.6102,5.2656,5.2369,5.0818,5.3473,5.0925,4.7156,4.9371,4.8438,4.9556,4.5608,4.6673,4.4387,4.3891,4.6731,4.4581,4.4921,4.6186,4.2866,4.7638,4.0577,4.1529,4.3667,3.7833,3.7989,3.9194,3.8125,3.6022,4.7812,3.5214,3.7867,3.9098,3.4296,3.7032,3.6593,3.4248,3.2937,3.145,3.1816,3.4937,3.3194,3.3175,3.2445,2.8756,2.9648,2.979,3.1913,2.9734,2.3063,2.5146,2.3095,1.7239,1.7676,1.9742,1.5091,1.8186,1.7605,1.663,1.7732,1.3754,1.2376,0.986,1.4536,1.3035,1.1814,0.5534,0.53,1.3562,1.2615,1.2757,0.2893,0.7903,0.8043,0.3343,1.8942,0.0,0.7089,1.7745,1.0951,0.8603,0.9753,0.6056,0.7327,1.9608,1.3383,2.3282,1.6254,2.2459,0.9805,1.4504,1.3635,1.0866,1.2326,1.4618,1.0018,1.3768,2.5899,1.2437,1.8346,1.7315,2.0142,2.9416,3.9078,10.4445,11.7385,3.6715,3.4294,3.6429,3.533,2.6404,2.6575,2.8518,3.7504,3.6335,3.5092,3.8702,3.8795,4.45,4.2138,3.9843,4.3943,3.9964,4.1772,3.3788,2.9096,3.6407,3.1665,3.2712,3.5063,3.0723,3.0754,3.7152,3.4953,3.4118,3.2034,3.6669,5.4978,5.8022,5.1874,4.254,5.1589,5.9816,5.4526,5.9575,5.9615,6.8301,5.3022,5.819,5.0938,5.3941,5.6906,5.2511,5.9948,5.7721,8.5635,7.0286,7.8623,7.0022,4.4129,4.0381,8.6056,6.4642,4.4687,5.9131,5.5462,5.5959,5.9312,7.5866,7.3441,5.4838,5.6908,5.4563,7.5438,7.3151,7.1643,7.452,5.7988,4.7906,6.1465,5.636,6.2436,4.9626,8.8597,9.4327,6.5016,6.3437,5.6306,5.3506,7.0546,7.4588,8.0305,7.8959,7.9522,8.3381,8.4246,9.0771,8.9096,9.7993,9.6925,9.6905,9.4121,9.9327,10.3781,10.3025,10.1939,10.4205,9.9812,9.16,9.1647,10.3672,8.5603,5.166,5.2461
6535.04,8.0583,7.671,7.6545,7.7199,7.0628,7.1633,7.0549,6.0796,5.7621,5.7924,5.6469,5.6677,5.4378,5.3179,5.1938,5.3894,5.6245,4.8773,5.0915,4.9602,5.0078,4.7306,4.7677,4.6833,4.5413,4.7168,4.8596,4.5714,4.6291,4.6355,5.3431,4.2013,4.2857,4.3713,4.0603,3.9811,4.0412,3.9528,4.0131,5.4281,3.8579,3.8473,3.9737,3.6873,3.7495,3.7525,3.5358,3.5903,3.4287,3.3615,3.5427,3.4488,3.8497,3.3148,3.1429,3.259,3.127,3.1829,3.0032,2.734,2.5344,2.308,2.1077,1.9302,1.8722,1.5799,1.7983,1.7257,1.4969,1.6038,1.3193,1.8998,1.4659,1.1233,1.1215,0.9747,1.2287,1.2227,2.062,1.9523,1.9628,0.7126,0.5103,0.3122,0.4334,2.5591,0.7089,0.0,2.42,1.723,0.1541,1.5264,0.2778,0.1926,2.5425,1.9125,2.9281,2.1795,2.8183,0.5897,1.8795,1.806,0.8197,0.6607,1.7674,1.1345,1.6101,3.1046,1.3436,2.0623,1.6125,2.0077,3.0395,4.2207,10.6254,11.7694,3.2916,3.0549,3.2352,3.1518,2.037,2.0158,2.1896,3.2423,3.0967,2.9617,3.2956,3.2859,3.9754,3.7343,3.5026,3.8759,3.5551,3.6362,2.794,2.3096,3.0268,2.535,2.614,3.0059,2.5947,2.5393,3.2648,3.1072,2.7778,2.7653,3.2684,5.34,5.532,4.9281,3.9596,4.7876,5.7461,5.2131,5.4472,5.4918,6.4018,4.7869,5.4462,4.5303,5.0392,5.3686,4.7716,5.6921,5.6003,8.114,6.7388,7.3838,6.5487,3.8491,3.4321,8.2162,5.9147,4.1784,5.7277,5.2088,5.2183,5.5864,7.1671,7.0016,4.8836,5.3015,5.1557,7.1782,6.8456,6.6835,7.011,5.5487,4.5191,5.8159,5.4347,5.7366,4.4924,8.476,9.046,6.0117,6.0557,5.3502,5.1671,6.7363,7.1337,7.6776,7.5222,7.5431,7.9184,8.0636,8.6357,8.568,9.3917,9.2614,9.3511,9.0953,9.565,9.9714,9.9426,9.8559,10.1064,9.6977,8.7554,8.7855,9.99,8.0808,4.9279,5.0127
6541.03,8.1708,7.8092,7.7091,7.6935,7.3893,6.8335,6.5459,6.8452,6.3898,6.4539,6.3304,6.6249,6.0652,6.2244,6.0168,6.4026,4.8699,5.5718,5.7942,5.784,6.0114,5.411,5.6494,5.1335,5.2882,5.7597,4.7394,5.525,5.7662,4.7342,4.3666,5.0002,5.1086,5.5383,4.4659,4.6874,4.9153,4.7827,3.955,4.0233,4.0901,4.9038,5.0116,4.1984,4.8513,4.7304,4.4866,3.9921,3.8948,4.1434,4.6549,4.3595,3.3042,4.3945,3.7042,3.7192,4.0263,4.4683,4.2152,2.871,3.8244,3.6741,2.589,3.0124,3.4938,2.9334,3.2786,3.245,3.2751,3.375,2.9477,1.4688,2.0296,3.1788,2.9721,2.8791,1.5306,1.4696,0.7279,0.609,0.577,1.9723,2.5555,2.5757,2.1084,0.2008,1.7745,2.42,0.0,0.6976,2.5513,0.9426,2.2031,2.3569,0.4211,0.5979,0.6189,0.5251,0.639,2.3578,1.0036,0.9856,2.2686,2.6943,1.3394,1.715,1.5089,1.0997,1.7679,1.603,2.3172,2.2322,2.5677,2.7808,9.3582,10.9723,5.3416,5.1006,5.3344,5.2071,4.4145,4.4238,4.6076,5.5006,5.3958,5.2754,5.6418,5.6536,6.177,5.9455,5.7193,6.1455,5.7062,5.9389,5.1525,4.684,5.4146,4.9369,5.0307,5.2547,4.8143,4.84,5.4345,5.1753,5.1818,4.9225,5.3512,6.873,7.3193,6.7037,5.8321,6.7963,7.4515,6.9386,7.6981,7.6753,8.5047,7.048,7.4496,6.8609,7.0122,7.2696,6.9757,7.5474,7.1599,10.2489,8.5515,9.5747,8.6979,6.1812,5.8125,10.2314,8.2239,6.0371,7.3167,7.144,7.2336,7.5317,9.2487,8.9268,7.2579,7.3387,7.0152,9.1506,9.0224,8.8808,9.1346,7.291,6.3303,7.7286,7.0681,7.9813,6.6829,10.4778,11.051,8.2271,7.8736,7.1631,6.7657,8.6119,9.0199,9.6192,9.5089,9.6021,9.9963,10.0198,10.7532,10.4789,11.4388,11.3566,11.2522,10.9471,11.5269,12.0145,11.8859,11.751,11.9456,11.4681,10.7989,10.776,11.9705,10.2713,6.6571,6.7294
6551.02,8.0907,7.7182,7.6413,7.6491,7.2399,6.8693,6.6324,6.5669,6.143,6.1987,6.0674,6.2922,5.8133,5.8996,5.711,6.0521,5.0053,5.2926,5.517,5.474,5.6577,5.1323,5.3215,4.9118,4.9889,5.3916,4.6733,5.1759,5.3739,4.6027,4.5635,4.6803,4.785,5.1345,4.238,4.3838,4.5735,4.449,3.8439,4.3598,3.8982,4.5148,4.6298,3.9318,4.4496,4.357,4.1131,3.7478,3.6284,3.8019,4.2456,3.9923,3.3189,3.9858,3.4027,3.4462,3.65,4.0119,3.7687,2.6371,3.3457,3.1724,2.2261,2.5368,2.9314,2.3933,2.7344,2.6913,2.6749,2.7799,2.357,1.1985,1.5544,2.5311,2.3467,2.2413,0.968,0.8939,0.6575,0.4245,0.4041,1.3196,1.8843,1.8882,1.4259,0.8502,1.0951,1.723,0.6976,0.0,1.8536,0.3013,1.5062,1.66,0.8755,0.3051,1.2336,0.584,1.1619,1.6815,0.7041,0.6295,1.6176,2.015,0.9623,1.1072,1.0562,1.5448,1.2223,1.3352,1.8146,1.8484,2.4543,3.0492,9.6553,11.1287,4.7276,4.4854,4.7097,4.5908,3.728,3.7307,3.9117,4.8424,4.7283,4.6043,4.9644,4.9712,5.5339,5.2994,5.071,5.4867,5.0724,5.272,4.4714,3.9986,4.7272,4.2456,4.3354,4.5975,4.161,4.1703,4.7951,4.5561,4.4901,4.2825,4.7302,6.3945,6.7809,6.1639,5.2621,6.2011,6.9342,6.4128,7.0471,7.0409,7.8925,6.3933,6.8586,6.1889,6.4266,6.7028,6.3346,6.9934,6.6771,9.6319,8.0129,8.942,8.0744,5.5079,5.1272,9.6456,7.5589,5.4721,6.8278,6.5683,6.6389,6.9554,8.6436,8.3609,6.5751,6.7391,6.4571,8.5733,8.3925,8.2454,8.5186,6.7635,5.779,7.1613,6.5661,7.3323,6.0441,9.8961,10.4696,7.586,7.3306,6.6174,6.2699,8.0576,8.4644,9.0512,8.929,9.0036,9.3938,9.4491,10.1414,9.9211,10.8468,10.7516,10.6987,10.406,10.9578,11.4244,11.3223,11.2001,11.4101,10.95,10.2068,10.1979,11.3971,9.6396,6.1282,6.2041
6578.01,8.155,7.7673,7.755,7.8241,7.151,7.2821,7.1809,6.1453,5.8381,5.8661,5.72,5.7224,5.5154,5.378,5.2603,5.4415,5.7621,4.9541,5.1664,5.028,5.0628,4.8092,4.8329,4.7758,4.6171,4.7709,4.9783,4.633,4.6766,4.7461,5.4871,4.2764,4.3585,4.4184,4.16,4.0642,4.1128,4.0282,4.1348,5.5795,3.9681,3.9077,4.0342,3.7849,3.8074,3.8197,3.6073,3.6947,3.5316,3.4467,3.6021,3.5242,3.9888,3.3795,3.2443,3.3643,3.2076,3.2326,3.0619,2.8618,2.5948,2.3664,2.2329,2.0238,1.9158,1.6637,1.8603,1.7862,1.5343,1.6378,1.3859,2.0534,1.6076,1.1316,1.1685,1.0234,1.3828,1.3765,2.2104,2.0958,2.1053,0.864,0.5876,0.3617,0.5864,2.6947,0.8603,0.1541,2.5513,1.8536,0.0,1.6451,0.3626,0.2221,2.6594,2.0315,3.0476,2.2926,2.932,0.5577,1.9712,1.9012,0.8017,0.5514,1.8371,1.1898,1.6688,3.2047,1.3832,2.1114,1.5952,2.0078,3.0509,4.2728,10.6395,11.75,3.2537,3.0197,3.1902,3.1143,1.9381,1.9021,2.0666,3.1687,3.0149,2.8771,3.2012,3.1852,3.9091,3.6673,3.4357,3.7972,3.4994,3.5514,2.6979,2.2103,2.92,2.4232,2.492,2.9356,2.5335,2.4603,3.2078,3.0682,2.6644,2.7144,3.2257,5.3493,5.5147,4.9148,3.9408,4.7469,5.7366,5.2038,5.3679,5.4236,6.3435,4.7071,5.4037,4.4367,5.0021,5.3391,4.702,5.6666,5.6059,8.0486,6.7148,7.3111,6.4835,3.7567,3.3269,8.1661,5.8235,4.1598,5.7299,5.1757,5.1751,5.5507,7.1102,6.9644,4.7781,5.2551,5.1319,7.1351,6.7758,6.6109,6.9487,5.5362,4.504,5.7834,5.4338,5.6578,4.4259,8.4272,8.996,5.9373,6.0332,5.3309,5.1709,6.7054,7.1007,7.6372,7.4767,7.4885,7.8609,8.0208,8.572,8.5296,9.3362,9.1999,9.3126,9.0625,9.5195,9.9158,9.8988,9.8175,10.0736,9.6725,8.7012,8.7377,9.9418,8.0074,4.9196,5.0053
6593.15,8.2803,7.9047,7.8357,7.8511,7.4066,7.0966,6.8737,6.6835,6.2744,6.3264,6.1922,6.3847,5.9437,5.9972,5.8181,6.1368,5.2618,5.4133,5.6377,5.5801,5.7422,5.254,5.42,5.0585,5.1021,5.4701,4.8767,5.2648,5.44,4.7847,4.8339,4.7857,4.888,5.1956,4.386,4.4985,4.6691,4.5493,4.0374,4.6519,4.0626,4.587,4.7052,4.0658,4.5155,4.4382,4.196,3.8927,3.765,3.9031,4.3087,4.0792,3.5536,4.0511,3.5261,3.5818,3.7352,4.0498,3.8144,2.7988,3.3759,3.1895,2.3386,2.5798,2.9073,2.3945,2.727,2.6772,2.6213,2.7298,2.317,1.3906,1.6249,2.4287,2.2725,2.1549,1.011,0.9323,0.9428,0.7174,0.7007,1.2377,1.757,1.7273,1.2864,1.116,0.9753,1.5264,0.9426,0.3013,1.6451,0.0,1.2867,1.4391,1.0162,0.3865,1.4026,0.6588,1.294,1.4153,0.5414,0.4525,1.3326,1.752,0.7216,0.8074,0.7809,1.6156,0.9228,1.115,1.5175,1.5753,2.2567,2.9933,9.5806,10.9924,4.6464,4.4042,4.6182,4.508,3.557,3.5422,3.7116,4.713,4.5869,4.4582,4.8071,4.805,5.4207,5.1834,4.9532,5.3551,4.9704,5.1301,4.309,3.8292,4.5512,4.0613,4.1369,4.4704,4.0402,4.0275,4.6882,4.4705,4.3042,4.1769,4.6422,6.408,6.754,6.1378,5.2165,6.132,6.9216,6.3957,6.9221,6.9339,7.8054,6.2649,6.7917,6.038,6.365,6.6555,6.2217,6.9549,6.6873,9.5384,7.9836,8.8343,7.9766,5.3562,4.9551,9.5789,7.4159,5.4296,6.8337,6.5142,6.5692,6.9,8.5619,8.3112,6.4061,6.665,6.4169,8.5145,8.2881,8.1356,8.4271,6.7443,5.7457,7.1124,6.5644,7.2092,5.9344,9.8323,10.4054,7.4711,7.2993,6.5858,6.2729,8.0169,8.4221,8.9989,8.8675,8.9271,9.3133,9.3941,10.0523,9.8754,10.7738,10.6679,10.6553,10.3718,10.9026,11.3525,11.2711,11.1582,11.3787,10.9307,10.1343,10.1365,11.3384,9.5323,6.1098,6.188
6611.02,8.2034,7.817,7.7921,7.8496,7.2244,7.2585,7.13,6.2773,5.9453,5.9789,5.8346,5.8802,5.6187,5.5239,5.3915,5.6053,5.6612,5.0603,5.277,5.1562,5.2206,4.9108,4.9676,4.84,4.7263,4.9311,4.9581,4.7764,4.851,4.7548,5.3513,4.3878,4.4755,4.594,4.2043,4.1556,4.2334,4.1395,4.1056,5.386,3.9797,4.0551,4.181,3.8366,3.9605,3.9515,3.7291,3.7258,3.568,3.5343,3.7523,3.6367,3.8837,3.518,3.2865,3.3938,3.3081,3.4048,3.2152,2.814,2.746,2.5229,2.2002,2.0963,2.1055,1.7662,2.0121,1.9419,1.7384,1.8475,1.5326,1.8425,1.5079,1.3875,1.3586,1.2126,1.1583,1.1349,1.9073,1.7741,1.7805,0.722,0.7364,0.5741,0.4588,2.3528,0.6056,0.2778,2.2031,1.5062,0.3626,1.2867,0.0,0.1538,2.2991,1.6728,2.6885,1.9311,2.5706,0.4187,1.611,1.5398,0.6061,0.6279,1.4904,0.8574,1.3324,2.8425,1.0703,1.7854,1.3793,1.7556,2.7768,3.9431,10.3588,11.5261,3.5682,3.3311,3.5127,3.4284,2.299,2.2646,2.4266,3.5171,3.3686,3.2324,3.5609,3.5468,4.252,4.0107,3.779,4.1492,3.8328,3.9069,3.0581,2.5713,3.2825,2.7858,2.8522,3.2815,2.8719,2.8121,3.5424,3.3841,3.0268,3.0431,3.5457,5.5957,5.8023,5.1968,4.231,5.0645,6.0127,5.4799,5.7204,5.7681,6.6794,5.0598,5.7233,4.7963,5.3155,5.6431,5.0476,5.9653,5.8584,8.3909,7.0114,7.6591,6.8256,4.1158,3.6893,8.4939,6.1822,4.4496,5.9879,5.4842,5.4955,5.8623,7.4448,7.2777,5.1405,5.579,5.4285,7.4553,7.1216,6.9588,7.2883,5.8169,4.7888,6.0911,5.6968,6.0099,4.769,8.7536,9.3237,6.2865,6.3278,5.6214,5.4265,7.011,7.409,7.9543,7.7995,7.8208,8.1961,8.3406,8.9128,8.8443,9.6694,9.5388,9.6274,9.3703,9.8424,10.2492,10.2198,10.1322,10.3814,9.9705,9.0332,9.0631,10.2675,8.356,5.1942,5.2785
6611.07,8.2301,7.8431,7.8235,7.8858,7.2403,7.3143,7.1964,6.2671,5.946,5.9772,5.832,5.8581,5.621,5.5071,5.3813,5.5803,5.746,5.061,5.2759,5.1472,5.1982,4.9135,4.9556,4.8587,4.7255,4.9075,5.0116,4.7603,4.8207,4.7965,5.4486,4.3858,4.4711,4.563,4.2309,4.1621,4.2272,4.1373,4.162,5.5031,4.0196,4.0367,4.163,3.8597,3.9394,3.94,3.7219,3.7574,3.5972,3.5418,3.7324,3.6335,3.9689,3.5031,3.3129,3.4256,3.3097,3.3744,3.1932,2.876,2.7242,2.4983,2.2547,2.1072,2.0646,1.7628,1.9882,1.9159,1.6895,1.7964,1.5086,1.962,1.5855,1.3123,1.314,1.1671,1.2798,1.2621,2.0543,1.925,1.932,0.8072,0.7001,0.5043,0.5287,2.5065,0.7327,0.1926,2.3569,1.66,0.2221,1.4391,0.1538,0.0,2.4501,1.8248,2.8401,2.081,2.7204,0.4,1.7508,1.6818,0.6271,0.5248,1.6153,0.9699,1.4486,2.9862,1.1687,1.894,1.42,1.8177,2.8529,4.055,10.4404,11.5771,3.4647,3.2294,3.4042,3.325,2.1589,2.118,2.2765,3.3901,3.2369,3.0992,3.4225,3.4052,4.1295,3.8878,3.6562,4.0192,3.7171,3.7734,2.9189,2.4309,3.1381,2.6395,2.7022,3.1565,2.7525,2.6822,3.4258,3.2796,2.8798,2.9304,3.4388,5.5305,5.7151,5.1126,4.1419,4.9594,5.9319,5.399,5.5899,5.6444,6.5622,4.9291,5.617,4.6579,5.213,5.5464,4.923,5.8718,5.7902,8.269,6.9192,7.5326,6.7038,3.9782,3.5456,8.3824,6.045,4.3608,5.9168,5.3848,5.3887,5.761,7.3286,7.1755,4.9963,5.4699,5.3361,7.3487,6.997,6.8323,7.1684,5.7335,4.7029,5.9922,5.623,5.8797,4.6464,8.6431,9.2123,6.1589,6.2367,5.5325,5.3565,6.9135,7.3099,7.8498,7.6913,7.7063,8.0795,8.2344,8.792,8.7413,9.5542,9.4195,9.5244,9.2716,9.7342,10.1339,10.1129,10.0293,10.2828,9.8777,8.9188,8.9532,10.1575,8.229,5.114,5.1991
6617.09,8.5919,8.2303,8.13,8.1138,7.809,7.2486,6.9551,7.2506,6.7998,6.8627,6.738,7.0193,6.4742,6.6203,6.4165,6.7927,5.2736,5.976,6.199,6.1826,6.4002,5.8151,6.044,5.5458,5.6884,6.1445,5.1606,5.9144,6.1441,5.1538,4.7595,5.3958,5.5035,5.9124,4.8767,5.0859,5.3058,5.1749,4.3751,4.3765,4.5046,5.2815,5.3916,4.603,5.2251,5.1123,4.8681,4.3998,4.2988,4.5325,5.0259,4.7424,3.7238,4.7652,4.1012,4.1217,4.406,4.822,4.5722,3.2774,4.1675,4.0064,2.9669,3.3542,3.7924,3.2438,3.5877,3.5484,3.5468,3.6508,3.226,1.8564,2.3652,3.4052,3.2219,3.1167,1.8186,1.7494,1.1236,0.9614,0.9255,2.1945,2.751,2.738,2.286,0.5624,1.9608,2.5425,0.4211,0.8755,2.6594,1.0162,2.2991,2.4501,0.0,0.6309,0.3941,0.3756,0.2865,2.3814,0.8401,0.8608,2.252,2.7175,1.1612,1.6715,1.3597,0.7067,1.6657,1.3372,2.1552,1.9959,2.2015,2.3625,8.9488,10.5512,5.6026,5.3605,5.5851,5.466,4.5721,4.5582,4.7256,5.7113,5.5921,5.4657,5.8191,5.8195,6.4074,6.1723,5.9434,6.355,5.9474,6.1357,5.3224,4.844,5.5672,5.0775,5.1512,5.4671,5.0323,5.0332,5.6696,5.4314,5.3203,5.157,5.6056,7.2203,7.6363,7.0196,6.1282,7.0738,7.7804,7.2626,7.918,7.9156,8.7677,7.263,7.7307,7.048,7.2974,7.5685,7.2083,7.8549,7.5055,10.5073,8.8689,9.8167,8.9498,6.3664,5.9707,10.5171,8.4226,6.3367,7.6596,7.4366,7.5116,7.824,9.5182,9.2268,7.4214,7.6127,7.3199,9.4426,9.2675,9.1198,9.3939,7.6142,6.6389,8.0273,7.4045,8.2038,6.9183,10.7667,11.3401,8.4595,8.1881,7.4756,7.105,8.9196,9.3269,9.9179,9.799,9.8774,10.2681,10.3167,11.0167,10.7847,11.7196,11.6263,11.561,11.2637,11.8252,12.2969,12.1881,12.0616,12.2657,11.7979,11.0796,11.0676,12.2658,10.5145,6.9792,7.0535
6626.01,8.3629,7.9922,7.9107,7.9136,7.524,7.1143,6.8635,6.8668,6.4397,6.4963,6.3657,6.5958,6.1103,6.2027,6.0128,6.3564,5.2195,5.592,5.8164,5.776,5.962,5.4316,5.6246,5.2047,5.2899,5.6963,4.9391,5.4799,5.679,4.8812,4.7569,4.9826,5.0876,5.4396,4.5309,4.6848,4.8771,4.7521,4.1171,4.4999,4.1855,4.8198,4.9348,4.2289,4.7547,4.6617,4.4177,4.042,3.925,4.1051,4.5506,4.2967,3.562,4.2909,3.7025,3.7433,3.9546,4.3155,4.0729,2.9274,3.6483,3.473,2.5289,2.8404,3.2224,2.6901,3.0296,2.9848,2.9557,3.0622,2.6422,1.4834,1.8592,2.7894,2.6185,2.5072,1.2685,1.1931,0.8639,0.63,0.5982,1.5842,2.1269,2.108,1.6592,0.7897,1.3383,1.9125,0.5979,0.3051,2.0315,0.3865,1.6728,1.8248,0.6309,0.0,1.0162,0.2908,0.9116,1.7831,0.4777,0.4286,1.6789,2.1206,0.7912,1.1182,0.9349,1.2603,1.1735,1.122,1.7361,1.6978,2.2044,2.7445,9.3512,10.837,4.9985,4.7562,4.9756,4.8609,3.9412,3.9284,4.098,5.0867,4.9644,4.8371,5.1889,5.1887,5.7883,5.5521,5.3226,5.7298,5.333,5.508,4.6918,4.2132,4.9364,4.4472,4.5234,4.8431,4.4103,4.4053,5.0529,4.8248,4.6903,4.5408,4.9978,6.6955,7.0729,6.456,5.5477,6.4779,7.23,6.7074,7.2948,7.2993,8.1615,6.6387,7.1365,6.4186,6.7066,6.9883,6.5894,7.2819,6.9776,9.8979,8.3044,9.2003,8.338,5.7368,5.3398,9.924,7.7946,5.7589,7.1275,6.8512,6.9155,7.2379,8.9153,8.6458,6.7905,7.0139,6.7449,8.8548,8.6525,8.5024,8.7855,7.0576,6.0688,7.4462,6.8643,7.5812,6.3007,10.1758,10.7491,7.8399,7.6214,6.9079,6.569,8.3455,8.7518,9.3352,9.2095,9.2777,9.6661,9.7321,10.4097,10.2076,11.1226,11.0226,10.986,10.6963,11.2409,11.7008,11.607,11.488,11.7013,11.2445,10.4829,10.4786,11.679,9.8982,6.4224,6.4989
6650.07,8.654,8.2993,8.1871,8.1585,7.91,7.2542,6.9349,7.4195,6.9541,7.021,6.9007,7.2164,6.6322,6.8145,6.6017,6.9993,5.2392,6.1496,6.3707,6.3707,6.6094,5.9891,6.2414,5.6929,5.873,6.3615,5.2326,6.1228,6.373,5.2587,4.6972,5.5917,5.7008,6.1476,5.0309,5.2754,5.5126,5.3784,4.4769,4.2397,4.6443,5.5112,5.6175,4.7775,5.4611,5.3352,5.0919,4.5653,4.4755,4.7429,5.2662,4.9639,3.7728,5.0062,4.2958,4.3028,4.6333,5.0854,4.8316,3.4501,4.443,4.293,3.199,3.6313,4.1073,3.5493,3.8944,3.8595,3.8794,3.981,3.5542,2.0767,2.6483,3.7611,3.5663,3.467,2.1375,2.0731,1.3369,1.2272,1.1945,2.5494,3.1178,3.1151,2.6574,0.6393,2.3282,2.9281,0.6189,1.2336,3.0476,1.4026,2.6885,2.8401,0.3941,1.0162,0.0,0.7697,0.2015,2.7755,1.2197,1.2481,2.6444,3.1115,1.5283,2.0628,1.7327,0.577,2.0476,1.6543,2.5146,2.3192,2.386,2.2861,8.8049,10.4904,5.9429,5.7013,5.9311,5.8074,4.9526,4.9438,5.1142,6.0757,5.9617,5.8373,6.195,6.1986,6.7637,6.5302,6.3023,6.7202,6.2984,6.5054,5.7002,5.2241,5.9495,5.4621,5.5395,5.8307,5.3933,5.4036,6.0234,5.7744,5.7055,5.5108,5.9496,7.4908,7.9373,7.3215,6.4459,7.4046,8.0704,7.5572,8.2794,8.2677,9.1078,7.6263,8.0592,7.4213,7.6231,7.8843,7.5639,8.1639,7.7779,10.8503,9.1696,10.1684,9.2961,6.7401,6.3518,10.8429,8.7924,6.6518,7.9351,7.7571,7.8422,8.1448,9.8545,9.542,7.8016,7.9459,7.6312,9.7638,9.6175,9.4728,9.7362,7.9095,6.9469,8.3433,7.6869,8.5642,7.2725,11.0903,11.6636,8.8155,8.4913,7.7805,7.3844,9.2286,9.6365,10.2341,10.1216,10.2101,10.6031,10.6344,11.3568,11.0954,12.0488,11.9627,11.8692,11.5652,12.1419,12.6251,12.5017,12.3684,12.5641,12.087,11.4089,11.3892,12.5848,10.8656,7.2756,7.348
6659.09,8.5555,8.188,8.0994,8.0951,7.7364,7.2695,7.0012,7.1121,6.6771,6.7357,6.607,6.853,6.3487,6.458,6.2637,6.6172,5.3395,5.8365,6.0606,6.0277,6.2232,5.6758,5.8801,5.4347,5.5387,5.9602,5.1256,5.7397,5.9474,5.0866,4.8541,5.2357,5.3416,5.7099,4.7617,4.9338,5.1347,5.0079,4.3158,4.5405,4.4065,5.0868,5.2005,4.4686,5.024,4.9255,4.6813,4.2761,4.1642,4.3616,4.8211,4.5588,3.722,4.5609,3.9495,3.9837,4.218,4.5936,4.3491,3.1561,3.9288,3.7563,2.7856,3.1189,3.5116,2.9767,3.3171,3.2731,3.2464,3.3529,2.9325,1.7117,2.1337,3.0779,2.909,2.7971,1.5521,1.4777,1.0316,0.818,0.782,1.8744,2.4123,2.3861,1.943,0.724,1.6254,2.1795,0.5251,0.584,2.2926,0.6588,1.9311,2.081,0.3756,0.2908,0.7697,0.0,0.6395,2.0058,0.4961,0.4995,1.8779,2.3419,0.831,1.299,1.0162,0.9695,1.3062,1.078,1.8227,1.7111,2.0746,2.486,9.094,10.6163,5.2887,5.0464,5.2651,5.151,4.2137,4.1937,4.3575,5.3706,5.2455,5.117,5.4654,5.4621,6.0751,5.8385,5.6086,6.013,5.6214,5.7888,4.9668,4.486,5.2062,4.7139,4.7831,5.1275,4.696,4.6862,5.3407,5.1148,4.956,4.8287,5.2876,6.9783,7.3619,6.745,5.8382,6.7686,7.5174,6.9954,7.5793,7.587,8.4513,6.9226,7.4273,6.6967,6.9974,7.2788,6.8763,7.5719,7.2611,10.1871,8.5937,9.4878,8.6268,6.0149,5.6109,10.2148,8.0747,6.0491,7.4118,7.1419,7.2062,7.5287,9.2055,8.9363,7.0622,7.3045,7.0351,9.1456,8.9405,8.7896,9.075,7.3458,6.3585,7.7368,7.15,7.8661,6.588,10.4666,11.0399,8.1263,7.9108,7.1974,6.8539,8.6356,9.0421,9.6259,9.5003,9.5682,9.9564,10.0229,10.6994,10.498,11.4132,11.3126,11.2763,10.9859,11.5317,11.9915,11.8976,11.7782,11.9907,11.5326,10.7735,10.7693,11.9697,10.1858,6.7105,6.7868
6691.11,8.7679,8.4102,8.3029,8.2795,8.0065,7.3901,7.0801,7.4824,7.0245,7.0893,6.9667,7.2639,6.7006,6.8634,6.6555,7.0412,5.3885,6.2096,6.4318,6.4229,6.6498,6.0488,6.2884,5.7664,5.9269,6.3972,5.3408,6.1634,6.4015,5.3523,4.8554,5.6392,5.7476,6.1722,5.1004,5.3263,5.5539,5.4215,4.5713,4.4188,4.7208,5.539,5.6476,4.8362,5.485,5.367,5.123,4.6286,4.5329,4.7817,5.2873,4.9963,3.8893,5.0267,4.3432,4.3576,4.6621,5.0915,4.8403,3.5085,4.4406,4.2827,3.2236,3.6273,4.0754,3.5246,3.8689,3.8306,3.8323,3.9361,3.511,2.1059,2.6393,3.6914,3.5083,3.4032,2.1013,2.0329,1.3659,1.2247,1.1897,2.4809,3.0358,3.0195,2.5698,0.7176,2.2459,2.8183,0.639,1.1619,2.932,1.294,2.5706,2.7204,0.2865,0.9116,0.2015,0.6395,0.0,2.6338,1.0529,1.0899,2.492,2.9679,1.3496,1.9083,1.5569,0.4643,1.8785,1.4578,2.3288,2.1227,2.1906,2.1683,8.7249,10.3721,5.8889,5.6468,5.8716,5.7523,4.851,4.833,4.9968,5.9961,5.8756,5.7486,6.1003,6.099,6.6934,6.4582,6.2292,6.6397,6.2338,6.4192,5.6028,5.1231,5.8446,5.353,5.4225,5.7522,5.3178,5.3166,5.9558,5.7178,5.5953,5.4433,5.892,7.4927,7.917,7.3004,6.412,7.3595,8.0584,7.5417,8.2033,8.2019,9.054,7.548,8.0162,7.3302,7.5825,7.8522,7.4944,8.1373,7.7785,10.7938,9.1496,10.1031,9.2363,6.6484,6.2488,10.8023,8.706,6.6201,7.9335,7.721,7.7973,8.1084,9.8044,9.5104,7.7,7.8986,7.6027,9.7272,9.5539,9.406,9.6804,7.8935,6.921,8.311,7.6804,8.4893,7.2045,11.0516,11.6251,8.7455,8.4693,7.7571,7.38,9.202,9.6095,10.2017,10.0837,10.1633,10.5542,10.6007,11.3031,11.0676,12.0052,11.9125,11.8434,11.5447,12.1091,12.5824,12.4715,12.3437,12.546,12.076,11.3652,11.3523,12.5501,10.8008,7.2587,7.3326
6726.01,8.6181,8.2315,8.2083,8.267,7.634,7.6766,7.5454,6.6671,6.3447,6.3763,6.2312,6.2574,6.0193,5.907,5.7812,5.9791,6.0662,5.4596,5.6749,5.5471,5.5975,5.3116,5.3556,5.2509,5.1243,5.3066,5.3766,5.1603,5.2183,5.173,5.7442,4.7848,4.8705,4.9605,4.6186,4.5591,4.6268,4.5364,4.5239,5.7474,4.3977,4.4365,4.5628,4.2495,4.339,4.34,4.1216,4.1417,3.9832,3.9384,4.1321,4.0326,4.2894,3.9031,3.7006,3.8098,3.7078,3.7723,3.5928,3.2315,3.1238,2.8976,2.6189,2.502,2.4601,2.1615,2.3877,2.3153,2.0822,2.1878,1.9084,2.209,1.9214,1.6889,1.7095,1.5629,1.5286,1.4939,2.1766,2.0121,2.0119,1.1357,1.0996,0.8961,0.8775,2.5273,0.9805,0.5897,2.3578,1.6815,0.5577,1.4153,0.4187,0.4,2.3814,1.7831,2.7755,2.0058,2.6338,0.0,1.6062,1.5521,0.2466,0.3375,1.4052,0.7514,1.2129,2.845,0.8929,1.6227,1.0375,1.4551,2.5036,3.7751,10.0908,11.1929,3.7899,3.5589,3.7191,3.6511,2.3791,2.2985,2.4228,3.655,3.4856,3.3425,3.6403,3.6067,4.4058,4.1637,3.9331,4.2707,4.0141,4.0122,3.1365,2.646,3.3243,2.8168,2.8443,3.4292,3.0439,2.941,3.7214,3.6036,3.0487,3.238,3.7571,5.907,6.0647,5.4671,4.4907,5.278,6.2904,5.7578,5.8354,5.9138,6.8494,5.1753,5.9321,4.8715,5.5367,5.8805,5.1909,6.2111,6.1634,8.5407,7.2601,7.79,6.9777,4.1978,3.7334,8.6829,6.2609,4.7097,6.287,5.7141,5.7028,6.0863,7.6178,7.4977,5.1753,5.7789,5.6778,7.6615,7.2611,7.0906,7.4474,6.0887,5.0556,6.3219,5.9903,6.1259,4.9212,8.9457,9.5126,6.4144,6.5797,5.8797,5.7283,7.245,7.6381,8.1665,8.0,7.9993,8.3667,8.5472,9.0669,9.0608,9.8445,9.6985,9.8436,9.5995,10.0419,10.4237,10.4232,10.3483,10.6104,10.2161,9.2116,9.2572,10.4606,8.484,5.474,5.56
6740.01,8.7917,8.4183,8.3434,8.3526,7.9319,7.5715,7.3292,7.2237,6.812,6.8648,6.7311,6.9261,6.4815,6.5386,6.3592,6.6778,5.6918,5.9528,6.1772,6.1212,6.2833,5.7933,5.9614,5.5916,5.6425,6.0106,5.3767,5.806,5.9789,5.3008,5.2336,5.3268,5.4292,5.7337,4.9184,5.0386,5.2105,5.0906,4.5452,4.9738,4.5881,5.127,5.2455,4.6023,5.0547,4.9792,4.7371,4.4259,4.3006,4.4443,4.8475,4.6205,4.02,4.5904,4.0646,4.1176,4.2765,4.5829,4.3499,3.3246,3.9076,3.7169,2.8781,3.1163,3.4162,2.9183,3.2454,3.1926,3.1133,3.2234,2.8202,1.8965,2.1662,2.8815,2.7523,2.626,1.5519,1.4731,1.3327,1.0959,1.0665,1.7306,2.1964,2.127,1.7281,1.2044,1.4504,1.8795,1.0036,0.7041,1.9712,0.5414,1.611,1.7508,0.8401,0.4777,1.2197,0.4961,1.0529,1.6062,0.0,0.0901,1.4468,1.9341,0.3364,0.8636,0.5218,1.2417,0.8279,0.6449,1.3266,1.2336,1.7503,2.4667,9.043,10.4543,5.1047,4.8634,5.0665,4.9654,3.9093,3.8646,4.0104,5.1175,4.9759,4.8413,5.1719,5.156,5.8422,5.6023,5.3709,5.7538,5.4063,5.5158,4.6689,4.1815,4.8875,4.3864,4.435,4.8788,4.4588,4.4179,5.1197,4.9254,4.6246,4.6122,5.094,6.9298,7.2524,6.6374,5.7037,6.5977,7.429,6.9009,7.3249,7.3588,8.2507,6.665,7.2582,6.4073,6.837,7.1389,6.6412,7.4447,7.2073,9.9747,8.479,9.2551,8.4101,5.7268,5.2955,10.0423,7.7931,5.9187,7.3514,6.9924,7.0335,7.3765,9.0117,8.7907,6.7455,7.1251,6.9062,8.9861,8.7136,8.5551,8.867,7.2478,6.241,7.5941,7.0783,7.6139,6.3584,10.2982,10.8705,7.8854,7.7941,7.0811,6.7897,8.5039,8.9076,9.4756,9.3365,9.3817,9.7636,9.8684,10.4928,10.3569,11.2303,11.1136,11.1383,10.862,11.3756,11.8098,11.7472,11.642,11.8706,11.4313,10.5919,10.6045,11.808,9.9527,6.6145,6.694
6740.10,8.7114,8.3375,8.2639,8.2745,7.8483,7.4988,7.2602,7.1356,6.725,6.7775,6.6436,6.8368,6.3943,6.4495,6.2706,6.5883,5.6273,5.865,6.0894,6.0325,6.1937,5.7056,5.8724,5.5059,5.5543,5.9209,5.2986,5.7167,5.889,5.2192,5.1745,5.2381,5.3405,5.6437,4.8329,4.9506,5.1215,5.0017,4.4654,4.9283,4.5043,5.0372,5.1558,4.5156,4.9648,4.8896,4.6476,4.3401,4.2141,4.3556,4.7576,4.5311,3.9482,4.5005,3.9772,4.0311,4.1872,4.4929,4.2598,3.2406,3.8176,3.6271,2.7903,3.0262,3.3276,2.8286,3.1561,3.1035,3.0261,3.1361,2.732,1.8159,2.0769,2.7982,2.6661,2.5406,1.4624,1.3836,1.2687,1.0314,1.0034,1.6427,2.1139,2.0487,1.6446,1.1855,1.3635,1.806,0.9856,0.6295,1.9012,0.4525,1.5398,1.6818,0.8608,0.4286,1.2481,0.4995,1.0899,1.5521,0.0901,0.0,1.4023,1.8831,0.3631,0.8185,0.5237,1.3052,0.8071,0.708,1.3325,1.2696,1.8274,2.5562,9.133,10.5414,5.0215,4.78,4.9845,4.8822,3.8389,3.7981,3.9472,5.0409,4.9012,4.7673,5.1004,5.0864,5.7635,5.524,5.2926,5.6781,5.3258,5.4416,4.5979,4.1112,4.8197,4.3199,4.3722,4.8015,4.3801,4.3428,5.0396,4.8425,4.5588,4.5315,5.0115,6.8403,7.1651,6.5499,5.6173,6.5138,7.3407,6.8128,7.2489,7.28,8.1694,6.5892,7.1743,6.3355,6.7524,7.0531,6.563,7.3583,7.118,9.8946,8.392,9.177,8.3303,5.6547,5.2273,9.9589,7.7206,5.8322,7.2623,6.9072,6.9498,7.2915,8.9299,8.7054,6.6779,7.0419,6.8197,8.9017,8.6348,8.4771,8.7864,7.1599,6.1538,7.5085,6.9895,7.5377,6.2795,10.2145,10.787,7.808,7.7071,6.994,6.7006,8.4177,8.8216,9.3907,9.2524,9.2994,9.6818,9.7837,10.4123,10.2715,11.1478,11.0324,11.0527,10.7756,11.2911,11.7272,11.6624,11.5563,11.784,11.3438,10.5092,10.5206,11.7239,9.8747,6.5264,6.6059
6756.05,8.8006,8.4147,8.3861,8.4396,7.8275,7.8258,7.6805,6.8822,6.5514,6.585,6.4406,6.4806,6.2248,6.1267,5.9963,6.204,6.1756,5.6664,5.8831,5.7612,5.8207,5.5169,5.5719,5.4423,5.3323,5.5305,5.5308,5.3793,5.4462,5.3412,5.8329,4.9938,5.0813,5.1887,4.8029,4.7613,4.8389,4.7455,4.6759,5.7962,4.5687,4.657,4.7831,4.4373,4.5611,4.5559,4.3344,4.3215,4.1655,4.14,4.3534,4.2425,4.4024,4.1212,3.8859,3.9898,3.9141,3.9997,3.8152,3.3801,3.3459,3.1212,2.7787,2.7019,2.6916,2.3716,2.6105,2.5391,2.3165,2.4232,2.1305,2.2784,2.0609,1.931,1.941,1.7942,1.6124,1.5674,2.1642,1.9807,1.976,1.2848,1.3245,1.1305,1.0499,2.4477,1.0866,0.8197,2.2686,1.6176,0.8017,1.3326,0.6061,0.6271,2.252,1.6789,2.6444,1.8779,2.492,0.2466,1.4468,1.4023,0.0,0.5046,1.2143,0.584,1.0127,2.6731,0.6801,1.3995,0.7949,1.2086,2.2573,3.5424,9.8442,10.9524,4.0357,3.805,3.9639,3.897,2.6072,2.5159,2.6286,3.8914,3.7184,3.5742,3.8646,3.8263,4.6441,4.402,4.1718,4.5033,4.2563,4.2419,3.3617,2.8719,3.5398,3.031,3.0464,3.6674,3.2859,3.1769,3.9636,3.8493,3.2593,3.4822,4.0023,6.15,6.3113,5.7135,4.7372,5.5229,6.5365,6.0039,6.0655,6.1498,7.089,5.406,6.1765,5.0931,5.7821,6.1267,5.4269,6.4576,6.4073,8.7766,7.5065,8.0225,7.2144,4.4219,3.9485,8.9248,6.482,4.9562,6.5316,5.96,5.9471,6.3318,7.8576,7.7428,5.3852,6.0225,5.9244,7.9054,7.4955,7.3235,7.6852,6.335,5.302,6.5678,6.2354,6.356,5.1588,9.1879,9.7544,6.6468,6.8262,6.1263,5.9725,7.4909,7.8838,8.4109,8.2433,8.2399,8.6061,8.791,9.3035,9.3055,10.0843,9.9359,10.0882,9.8451,10.2848,10.6634,10.6666,10.5929,10.8559,10.4624,9.452,9.4996,10.7027,8.7157,5.72,5.8059
6765.01,8.7064,8.3187,8.3063,8.3747,7.7009,7.8239,7.7138,6.682,6.3824,6.409,6.2624,6.2484,6.0608,5.9098,5.798,5.9648,6.2705,5.4992,5.7103,5.567,5.5898,5.3554,5.3698,5.3268,5.1618,5.2971,5.5202,5.1668,5.1954,5.2941,5.9724,4.8208,4.9015,4.9371,4.7112,4.6127,4.655,4.5729,4.6736,6.0137,4.5162,4.4411,4.5676,4.3362,4.3386,4.3589,4.1498,4.2451,4.0823,3.9962,4.135,4.0692,4.4936,3.9173,3.7952,3.9143,3.7554,3.7565,3.595,3.3927,3.1303,2.901,2.7676,2.5752,2.4384,2.2137,2.3993,2.3244,2.0535,2.152,1.9297,2.4701,2.1096,1.6229,1.7006,1.5587,1.7858,1.7605,2.4916,2.3356,2.3369,1.3318,1.1386,0.9104,1.0534,2.8624,1.2326,0.6607,2.6943,2.015,0.5514,1.752,0.6279,0.5248,2.7175,2.1206,3.1115,2.3419,2.9679,0.3375,1.9341,1.8831,0.5046,0.0,1.7163,1.0727,1.5166,3.1688,1.1847,1.8999,1.1942,1.6399,2.693,4.03,10.26,11.2911,3.6148,3.3904,3.5323,3.4778,2.1227,2.0192,2.1254,3.4211,3.24,3.0939,3.3731,3.33,4.1781,3.9365,3.708,4.0237,3.8069,3.7572,2.8718,2.3835,3.0406,2.5313,2.5423,3.203,2.8375,2.7069,3.5144,3.428,2.7576,3.0464,3.5739,5.8071,5.9148,5.3263,4.344,5.0891,6.1543,5.6235,5.5802,5.6763,6.6256,4.9219,5.7378,4.5978,5.3531,5.709,4.9538,6.0461,6.0559,8.3017,7.0952,7.5407,6.7422,3.9296,3.4488,8.4695,5.9859,4.5623,6.1728,5.537,5.508,5.9034,7.3947,7.3087,4.8826,5.5783,5.5173,7.4619,7.0175,6.8427,7.2156,5.9475,4.913,6.1439,5.871,5.8706,4.6905,8.734,9.2983,6.1653,6.4189,5.7266,5.6185,7.0677,7.4563,7.9706,7.7956,7.7794,8.1412,8.3465,8.8301,8.8671,9.6204,9.4646,9.6489,9.4152,9.8346,10.1988,10.2184,10.1532,10.425,10.0449,8.9903,9.0468,10.2483,8.2322,5.3424,5.4298
6779.05,8.9976,8.6211,8.5545,8.5716,8.1145,7.8171,7.5895,7.356,6.9599,7.0089,6.8724,7.0346,6.6289,6.6531,6.4836,6.7791,5.9674,6.0916,6.3155,6.2452,6.3854,5.9334,6.0782,5.7566,5.7747,6.1075,5.5977,5.9138,6.0636,5.5007,5.5237,5.4522,5.5521,5.8143,5.0859,5.174,5.3269,5.2118,4.7569,5.2898,4.772,5.221,5.3421,4.7575,5.1429,5.0826,4.8432,4.5918,4.4592,4.5691,4.9341,4.731,4.2715,4.6804,4.212,4.2759,4.3873,4.6468,4.4228,3.5095,3.9695,3.7685,3.0236,3.1991,3.4327,2.967,3.2804,3.2222,3.1068,3.2181,2.8332,2.112,2.2892,2.8316,2.7343,2.5996,1.6771,1.5998,1.6154,1.3786,1.3528,1.7509,2.1454,2.0428,1.6937,1.5401,1.4618,1.7674,1.3394,0.9623,1.8371,0.7216,1.4904,1.6153,1.1612,0.7912,1.5283,0.831,1.3496,1.4052,0.3364,0.3631,1.2143,1.7163,0.0,0.6575,0.211,1.4668,0.5476,0.3993,0.995,0.9066,1.5458,2.4692,8.9828,10.3177,5.0444,4.805,4.9956,4.9045,3.7631,3.6983,3.8279,5.0052,4.8514,4.7126,5.0278,5.0019,5.7422,5.5009,5.2692,5.6342,5.3216,5.3863,4.5235,4.0334,4.7243,4.2184,4.2494,4.7709,4.3621,4.2974,5.0317,4.862,4.4521,4.5303,5.0266,6.9581,7.2378,6.6258,5.6764,6.5411,7.4285,6.8976,7.2046,7.2581,8.1685,6.5438,7.2011,6.2623,6.7873,7.103,6.5373,7.4172,7.2312,9.8812,8.458,9.1477,8.3159,5.5848,5.1334,9.9776,7.6511,5.8935,7.3705,6.9501,6.9744,7.3313,8.9332,8.7472,6.5783,7.0609,6.8787,8.9324,8.6113,8.4474,8.7784,7.2412,6.2237,7.555,7.0904,7.4946,6.2592,10.2362,10.8072,7.7742,7.773,7.062,6.8077,8.4707,8.8718,9.4278,9.2792,9.308,9.6848,9.8169,10.4031,10.3144,11.1569,11.0287,11.097,10.8309,11.3212,11.7366,11.6965,11.6015,11.8411,11.4154,10.52,10.5447,11.7491,9.8442,6.611,6.6926
6786.02,8.7456,8.3634,8.316,8.3518,7.8149,7.6692,7.4853,6.9637,6.5973,6.6391,6.4984,6.6041,6.2671,6.2339,6.0819,6.3382,5.9216,5.7174,5.9389,5.8441,5.9477,5.5626,5.666,5.4343,5.3908,5.6632,5.4003,5.4879,5.6011,5.2546,5.5332,5.059,5.1537,5.3471,4.7748,4.8006,4.9192,4.8135,4.5462,5.4148,4.4983,4.7781,4.9021,4.4256,4.6916,4.6556,4.4228,4.283,4.1376,4.1834,4.4819,4.3191,4.1709,4.236,3.8721,3.9562,3.9795,4.1637,3.9551,3.2593,3.4908,3.2776,2.7056,2.7652,2.8999,2.486,2.7739,2.7095,2.5511,2.6622,2.3061,1.9896,1.9578,2.2341,2.1715,2.03,1.3983,1.3331,1.7171,1.5077,1.4959,1.2776,1.5591,1.4268,1.1451,1.902,1.0018,1.1345,1.715,1.1072,1.1898,0.8074,0.8574,0.9699,1.6715,1.1182,2.0628,1.299,1.9083,0.7514,0.8636,0.8185,0.584,1.0727,0.6575,0.0,0.4791,2.0963,0.2425,0.9281,0.7852,1.0134,1.9627,3.0866,9.5215,10.7521,4.4256,4.1883,4.3696,4.2858,3.107,3.0407,3.1721,4.3574,4.1995,4.0597,4.3715,4.3445,5.0989,4.8571,4.6255,4.9833,4.6864,4.7328,3.8671,3.3768,4.0668,3.561,3.5945,4.1252,3.7224,3.6474,4.3953,4.2415,3.7951,3.8984,4.4029,6.4174,6.6516,6.0438,5.0825,5.9219,6.8557,6.3232,6.5528,6.6133,7.5319,5.892,6.5806,5.6056,6.1727,6.4987,5.8915,6.8192,6.6847,9.2384,7.8642,8.4995,7.6733,4.9287,4.4759,9.35,6.9946,5.3008,6.8183,6.3408,6.3528,6.7193,8.2982,8.1349,5.921,6.4359,6.2819,8.3126,7.9652,7.7993,8.1383,6.6626,5.6374,6.9475,6.5313,6.8429,5.6157,9.6102,10.1799,7.125,7.1801,6.4722,6.2558,7.8668,8.2653,8.8117,8.6567,8.6754,9.0492,9.198,9.7617,9.7015,10.5236,10.3894,10.4846,10.2264,10.6995,11.1033,11.0771,10.9894,11.2374,10.8233,9.8879,9.9198,11.1243,9.1953,6.037,6.1204
6816.07,9.0091,8.6304,8.5703,8.5937,8.1089,7.8621,7.6481,7.3159,6.9307,6.977,6.8388,6.9793,6.5997,6.602,6.4392,6.7194,6.042,6.0573,6.2805,6.2008,6.3268,5.9002,6.0293,5.7409,5.7364,6.046,5.6245,5.8595,5.9947,5.5111,5.614,5.41,5.5081,5.7432,5.0733,5.1389,5.279,5.1674,4.7779,5.4118,4.7718,5.1592,5.2816,4.7369,5.0776,5.0269,4.7898,4.5791,4.4417,4.5285,4.8682,4.6807,4.3264,4.6174,4.1874,4.2587,4.338,4.5679,4.35,3.514,3.8914,3.6849,3.003,3.1369,3.3304,2.8855,3.1893,3.1283,2.9935,3.1048,2.732,2.1489,2.2594,2.6969,2.6168,2.4785,1.6578,1.583,1.7134,1.4803,1.4581,1.6651,2.015,1.8964,1.5778,1.7084,1.3768,1.6101,1.5089,1.0562,1.6688,0.7809,1.3324,1.4486,1.3597,0.9349,1.7327,1.0162,1.5569,1.2129,0.5218,0.5237,1.0127,1.5166,0.211,0.4791,0.0,1.6765,0.3386,0.4643,0.8088,0.7946,1.573,2.6111,9.0802,10.3675,4.8985,4.6605,4.8449,4.7586,3.5827,3.5106,3.6347,4.8364,4.6778,4.5376,4.8466,4.8171,5.5778,5.3361,5.1045,5.4619,5.1642,5.2104,4.3423,3.8518,4.5366,4.0295,4.0549,4.6042,4.2008,4.1262,4.8733,4.715,4.2616,4.3753,4.8775,6.8552,7.1118,6.5019,5.5457,6.3953,7.3097,6.7779,7.031,7.0923,8.0101,6.3702,7.0545,6.0799,6.6445,6.9666,6.3706,7.2846,7.1256,9.7174,8.328,8.9784,8.1523,5.404,4.9458,9.8262,7.4692,5.7636,7.2622,6.8106,6.827,7.1902,8.7761,8.6061,6.3882,6.9112,6.7467,8.7864,8.4442,8.2782,8.617,7.1193,6.0974,7.4168,6.9786,7.3212,6.0947,10.0859,10.656,7.6038,7.6434,6.934,6.6993,8.3348,8.7343,9.2843,9.1313,9.1528,9.5272,9.6716,10.2406,10.1731,11.0012,10.868,10.956,10.6948,11.1741,11.5809,11.5509,11.4607,11.7056,11.2867,10.3652,10.3953,11.5997,9.6742,6.4914,6.5739
6830.04,9.2244,8.8681,8.7585,8.7321,8.4691,7.8311,7.5113,7.9448,7.4881,7.5527,7.4297,7.7217,7.164,7.3219,7.1157,7.4969,5.8148,6.6714,6.8939,6.8825,7.1048,6.5106,6.7462,6.2304,6.3872,6.8501,5.7996,6.6188,6.8506,5.8153,5.269,6.0975,6.2055,6.6191,5.5641,5.7859,6.0097,5.8781,5.034,4.7883,5.185,5.9881,6.0979,5.298,5.9318,5.8184,5.5742,5.0915,4.9944,5.2368,5.7326,5.4483,4.344,5.4719,4.802,4.8186,5.1123,5.5265,5.2775,3.9706,4.8696,4.705,3.6732,4.0566,4.4761,3.9348,4.2772,4.2353,4.2156,4.3217,3.9004,2.5601,3.0674,4.0435,3.8783,3.7654,2.5075,2.4355,1.8229,1.6681,1.6322,2.8433,3.3722,3.332,2.9011,1.1802,2.5899,3.1046,1.0997,1.5448,3.2047,1.6156,2.8425,2.9862,0.7067,1.2603,0.577,0.9695,0.4643,2.845,1.2417,1.3052,2.6731,3.1688,1.4668,2.0963,1.6765,0.0,2.0144,1.447,2.3711,2.0858,1.9319,1.712,8.2608,9.9172,6.2574,6.0151,6.2322,6.1195,5.1407,5.1032,5.2517,6.3242,6.1923,6.0608,6.4001,6.389,7.0357,6.798,6.5675,6.9648,6.586,6.7344,5.8985,5.4132,6.1243,5.625,5.6765,6.0825,5.6543,5.6331,6.3038,6.0829,5.8641,5.7925,6.2554,7.9223,8.325,7.708,6.8061,7.7381,8.475,7.9551,8.5337,8.5494,9.419,7.8754,8.3968,7.6344,7.9668,8.2468,7.8366,8.5381,8.2069,11.1534,9.5572,10.4496,9.592,6.953,6.5315,11.1843,9.0172,7.0165,8.36,8.1108,8.1758,8.4977,10.174,9.9046,7.9825,8.2738,8.0018,10.1149,9.9036,9.7508,10.0418,8.3061,7.3237,8.705,8.1026,8.8214,7.5497,11.4361,12.0094,9.0854,8.8751,8.162,7.8042,9.6023,10.009,10.5945,10.4697,10.5373,10.9251,10.9918,11.6666,11.4655,12.3826,12.2809,12.2433,11.9506,12.5006,12.9609,12.866,12.7448,12.9544,12.4918,11.7429,11.7387,12.939,11.1476,7.6709,7.7462
6854.05,8.9786,8.5969,8.5474,8.5809,8.0524,7.8875,7.6958,7.206,6.8386,6.8807,6.7402,6.8465,6.5084,6.4764,6.3243,6.5803,6.1194,5.9591,6.1807,6.0865,6.19,5.8041,5.9085,5.6729,5.6328,5.9054,5.6248,5.7304,5.8426,5.4856,5.7182,5.3012,5.396,5.5883,5.0123,5.0421,5.1617,5.0558,4.7718,5.5698,4.7319,5.0204,5.1444,4.6645,4.9336,4.8981,4.6653,4.5199,4.3756,4.4253,4.724,4.5615,4.3774,4.4784,4.1113,4.1939,4.2219,4.4043,4.1967,3.4885,3.7319,3.5181,2.9416,3.0077,3.1361,2.7276,3.0135,2.9485,2.7839,2.8947,2.544,2.192,2.1934,2.4559,2.4036,2.2609,1.6236,1.5557,1.8609,1.6397,1.6235,1.5201,1.7874,1.6441,1.3836,1.9628,1.2437,1.3436,1.7679,1.2223,1.3832,0.9228,1.0703,1.1687,1.6657,1.1735,2.0476,1.3062,1.8785,0.8929,0.8279,0.8071,0.6801,1.1847,0.5476,0.2425,0.3386,2.0144,0.0,0.7322,0.5984,0.7742,1.7247,2.892,9.293,10.5109,4.6331,4.3973,4.5726,4.4934,3.2713,3.1902,3.3078,4.5391,4.3743,4.2323,4.5331,4.4992,5.2857,5.0436,4.8124,5.1592,4.882,4.9032,4.0292,3.5387,4.2155,3.7073,3.7263,4.31,3.9147,3.8264,4.5901,4.4482,3.9372,4.0976,4.6074,6.6499,6.8723,6.2662,5.3013,6.128,7.0805,6.5478,6.7259,6.7973,7.7245,6.0655,6.7856,5.7644,6.3813,6.7123,6.0748,7.0354,6.916,9.4239,8.0817,8.6781,7.8596,5.0906,4.6244,9.5493,7.1537,5.5199,7.0484,6.5521,6.5572,6.929,8.4918,8.3438,6.0636,6.638,6.4987,8.5173,8.1469,7.9783,8.3271,6.8858,5.8586,7.1593,6.7599,7.0163,5.8021,9.8104,10.3792,7.3027,7.3982,6.6916,6.4861,8.0799,8.4771,9.0184,8.8595,8.8709,9.242,9.403,9.9488,9.9098,10.7181,10.5785,10.6929,10.4387,10.9024,11.2977,11.2813,11.1977,11.4498,11.0407,10.0835,10.1208,11.325,9.3728,6.2618,6.3457
6948.10,9.3946,9.0185,8.9506,8.966,8.5137,8.2026,7.9675,7.7518,7.3579,7.4064,7.2697,7.4256,7.0268,7.0456,6.8782,7.1683,6.335,6.4886,6.7124,6.6397,6.7749,6.3306,6.4713,6.1558,6.1708,6.4958,5.9912,6.305,6.4483,5.8982,5.8785,5.8473,5.9467,6.1978,5.4852,5.5707,5.7203,5.6062,5.1524,5.6084,5.1709,5.609,5.7307,5.1563,5.5292,5.4731,5.2345,4.9911,4.8583,4.9645,5.3201,5.1235,4.6535,5.0677,4.6103,4.6749,4.78,5.0255,4.8051,3.9082,4.3486,4.1441,3.4223,3.5863,3.7939,3.3436,3.6505,3.5902,3.4578,3.5691,3.1953,2.5049,2.6861,3.1582,3.081,2.9425,2.0753,1.9982,1.976,1.7388,1.7101,2.1236,2.4778,2.3541,2.0421,1.8014,1.8346,2.0623,1.603,1.3352,2.1114,1.115,1.7854,1.894,1.3372,1.122,1.6543,1.078,1.4578,1.6227,0.6449,0.708,1.3995,1.8999,0.3993,0.9281,0.4643,1.447,0.7322,0.0,0.929,0.665,1.1465,2.1615,8.6165,9.9237,5.3536,5.1164,5.2969,5.2138,4.0018,3.9154,4.025,5.2712,5.1064,4.9641,5.2622,5.2256,6.0172,5.7752,5.5439,5.8913,5.6107,5.6346,4.7587,4.2683,4.9392,4.4303,4.44,5.0418,4.6446,4.5586,5.3191,5.1694,4.6575,4.8244,5.3305,7.319,7.5744,6.965,6.0072,6.8499,7.7735,7.2416,7.4575,7.5293,8.4546,6.7972,7.5085,6.492,7.1008,7.4259,6.8068,7.7453,7.5897,10.1558,8.7894,9.4102,8.5914,5.8197,5.3478,10.2763,7.8811,6.2253,7.7264,7.2686,7.2805,7.6473,9.2216,9.0629,6.7823,7.3631,7.2076,9.2404,8.8791,8.7105,9.0583,7.5827,6.56,7.8751,7.4428,7.748,6.5337,10.5368,11.1062,8.0348,8.105,7.3961,7.1636,8.794,9.1929,9.7397,9.5841,9.5999,9.9721,10.1258,10.6804,10.6296,11.4476,11.3097,11.4126,11.1538,11.627,12.0272,12.0049,11.9174,12.1648,11.7483,10.8125,10.8468,12.0511,10.1049,6.9551,7.0378
6955.05,9.4982,9.1144,9.0737,9.1153,8.5494,8.4486,8.2693,7.6461,7.3008,7.3379,7.1949,7.2577,6.9723,6.8987,6.7609,6.9838,6.7062,6.417,6.636,6.5246,6.5983,6.2651,6.339,6.1643,6.0857,6.3093,6.1732,6.1509,6.2303,6.0152,6.3126,5.7494,5.8398,5.9733,5.5128,5.5055,5.6,5.5017,5.3179,6.1676,5.2523,5.4314,5.5571,5.1555,5.3381,5.3234,5.0976,5.0243,4.8741,4.8847,5.1295,5.0011,4.956,4.8928,4.6016,4.6947,4.6675,4.7841,4.5934,4.0261,4.1243,3.9019,3.455,3.4498,3.4814,3.1369,3.3912,3.3212,3.1089,3.2162,2.9118,2.7746,2.7125,2.7257,2.7317,2.5849,2.1757,2.1132,2.4582,2.2349,2.2176,1.9814,2.1118,1.9242,1.7882,2.5162,1.7315,1.6125,2.3172,1.8146,1.5952,1.5175,1.3793,1.42,2.1552,1.7361,2.5146,1.8227,2.3288,1.0375,1.3266,1.3325,0.7949,1.1942,0.995,0.7852,0.8088,2.3711,0.5984,0.929,0.0,0.4523,1.5001,2.8971,9.0694,10.1576,4.8039,4.5769,4.7246,4.6662,3.3018,3.1759,3.2495,4.6092,4.4221,4.2744,4.535,4.4794,5.3679,5.1267,4.899,5.2031,5.0011,4.9305,4.039,3.5558,4.1805,3.6729,3.6486,4.3942,4.0318,3.8962,4.7086,4.6171,3.8865,4.2394,4.7654,6.9444,7.0933,6.4989,5.5199,6.2823,7.3238,6.7915,6.7495,6.8599,7.8154,6.0941,6.9318,5.746,6.5454,6.8978,6.1383,7.2324,7.2009,9.4826,8.2817,8.7135,7.9262,5.0879,4.5842,9.6621,7.1284,5.7387,7.3242,6.7276,6.702,7.0956,8.5845,8.5022,5.9928,6.7725,6.7014,8.6561,8.1957,8.0174,8.4014,7.1205,6.0866,7.3349,7.027,7.0394,5.8786,9.9269,10.4905,7.3397,7.6034,6.9069,6.7657,8.2587,8.6485,9.1648,8.9896,8.9703,9.3298,9.5407,10.0122,10.0612,10.8092,10.6484,10.8431,10.6081,11.0281,11.3872,11.4123,11.3473,11.6182,11.2343,10.1804,10.2399,11.4409,9.4022,6.5083,6.5947
7023.04,9.7501,9.3689,9.3172,9.3481,8.8265,8.6389,8.4338,7.9724,7.6098,7.651,7.5099,7.6035,7.2798,7.2372,7.0894,7.3343,6.8348,6.7292,6.9504,6.8519,6.9457,6.5748,6.6716,6.447,6.4017,6.6592,6.3868,6.4902,6.5897,6.2554,6.4086,6.0689,6.1626,6.3341,5.7864,5.813,5.9267,5.8228,5.5357,6.1949,5.5042,5.7763,5.901,5.4385,5.6869,5.659,5.4282,5.294,5.1498,5.195,5.4775,5.3265,5.112,5.235,4.8852,4.968,4.9882,5.1465,4.9461,4.2572,4.4788,4.2608,3.7155,3.7717,3.8587,3.4794,3.7522,3.6846,3.4939,3.6031,3.2764,2.9286,2.9672,3.13,3.1139,2.9681,2.391,2.321,2.5059,2.2714,2.2479,2.2855,2.4917,2.3194,2.1265,2.4328,2.0142,2.0077,2.2322,1.8484,2.0078,1.5753,1.7556,1.8177,1.9959,1.6978,2.3192,1.7111,2.1227,1.4551,1.2336,1.2696,1.2086,1.6399,0.9066,1.0134,0.7946,2.0858,0.7742,0.665,0.4523,0.0,1.0539,2.4534,8.6362,9.7725,5.2399,5.0108,5.164,5.1016,3.753,3.6282,3.7007,5.0588,4.8732,4.7256,4.9873,4.9315,5.817,5.5756,5.3474,5.6546,5.4458,5.3826,4.4913,4.0078,4.6323,4.1248,4.0982,4.8425,4.4758,4.3453,5.1532,5.0533,4.3377,4.6799,5.2038,7.3476,7.5198,6.9218,5.9458,6.7226,7.7443,7.2116,7.2018,7.3109,8.2645,6.5463,7.3738,6.1979,6.9841,7.3325,6.589,7.6648,7.6078,9.9342,8.7139,9.1657,8.3771,5.5402,5.0355,10.1094,7.5798,6.1648,7.7344,7.1643,7.1441,7.5341,9.0336,8.9428,6.4412,7.2162,7.1322,9.0998,8.6475,8.4695,8.8519,7.5433,6.5105,7.7719,7.4399,7.4917,6.3283,10.3739,10.9382,7.7918,8.0341,7.3348,7.1742,8.6954,9.0868,9.6076,9.4346,9.4189,9.7794,9.9848,10.4635,10.5034,11.2588,11.0995,11.2856,11.0473,11.4742,11.837,11.8577,11.7901,12.0578,11.6688,10.6294,10.6866,11.8882,9.8545,6.9273,7.013
7175.05,10.5363,10.1612,10.0902,10.1018,9.66,9.3182,9.0659,8.8886,8.5003,8.5477,8.4101,8.5503,8.1692,8.1743,8.0121,8.2887,7.4123,7.6287,7.8521,7.7737,7.8967,7.4712,7.602,7.3018,7.3087,7.6146,7.126,7.4311,7.5586,7.0414,6.928,6.9829,7.081,7.3056,6.6315,6.7104,6.8519,6.7404,6.2915,6.5779,6.3169,6.7281,6.8511,6.3013,6.6447,6.5983,6.3618,6.1373,6.0038,6.1011,6.4351,6.2534,5.7659,6.186,5.7542,5.8205,5.9108,6.1247,5.9125,5.0538,5.4503,5.239,4.5668,4.7072,4.8608,4.4443,4.7365,4.6723,4.5063,4.6168,4.2685,3.6419,3.8277,4.1623,4.1257,3.9819,3.2194,3.1428,3.0677,2.8343,2.8025,3.2269,3.5064,3.3485,3.1077,2.7479,2.9416,3.0395,2.5677,2.4543,3.0509,2.2567,2.7768,2.8529,2.2015,2.2044,2.386,2.0746,2.1906,2.5036,1.7503,1.8274,2.2573,2.693,1.5458,1.9627,1.573,1.9319,1.7247,1.1465,1.5001,1.0539,0.0,1.5447,7.5886,8.797,6.2922,6.0621,6.2175,6.1537,4.7998,4.6667,4.7267,6.109,5.9204,5.7722,6.0247,5.9629,6.868,6.6268,6.3991,6.7,6.4996,6.425,5.532,5.0515,5.6603,5.1555,5.1144,5.8944,5.5296,5.3962,6.2069,6.1056,5.3619,5.7336,6.2569,8.3707,8.5656,7.9649,6.9917,7.7762,8.7848,8.2519,8.2406,8.358,9.3154,7.5872,8.4277,7.226,8.0372,8.3838,7.6369,8.7147,8.6347,10.9791,9.7636,10.2057,9.4244,6.5749,6.06,11.1621,8.6024,7.2107,8.7647,8.2166,8.1979,8.5872,10.0845,9.9964,7.4478,8.2701,8.1812,10.1537,9.691,9.5109,9.9003,8.5861,7.5546,8.8243,8.4733,8.53,7.3783,11.4268,11.9906,8.8333,9.0828,8.3816,8.2032,9.7477,10.1397,10.6615,10.4883,10.4705,10.8294,11.0387,11.5092,11.5572,12.309,12.1462,12.3395,12.1005,12.5276,12.8868,12.9113,12.844,13.1111,12.7197,11.6804,11.7397,12.9409,10.8924,7.9669,8.0519
7188.13,10.9357,10.5785,10.4702,10.444,10.1698,9.5361,9.2056,9.5954,9.1538,9.2146,9.0875,9.3383,8.8267,8.9438,8.7495,9.1006,7.5047,8.3197,8.5436,8.5136,8.7063,8.1589,8.3658,7.904,8.024,8.4408,7.5091,8.2238,8.4214,7.5147,6.9433,7.7217,7.8275,8.1803,7.2331,7.4193,7.6198,7.4935,6.7349,6.3942,6.8656,7.5633,7.6788,6.9494,7.4967,7.4061,7.1622,6.7521,6.6449,6.847,7.2917,7.041,6.0559,7.0325,6.4346,6.4654,6.6991,7.0425,6.8052,5.6296,6.3692,6.1819,5.2706,5.5702,5.8802,5.3844,5.7121,5.6588,5.5676,5.6785,5.2825,4.1914,4.5991,5.3006,5.199,5.0664,3.9952,3.9173,3.4772,3.2891,3.2524,4.1925,4.6146,4.5066,4.1603,2.8852,3.9078,4.2207,2.7808,3.0492,4.2728,2.9933,3.9431,4.055,2.3625,2.7445,2.2861,2.486,2.1683,3.7751,2.4667,2.5562,3.5424,4.03,2.4692,3.0866,2.6111,1.712,2.892,2.1615,2.8971,2.4534,1.5447,0.0,6.6082,8.2052,7.5093,7.2708,7.4559,7.3694,6.1492,6.0478,6.138,7.4294,7.2603,7.1165,7.4031,7.3578,8.1775,7.9354,7.7043,8.0454,7.7721,7.7841,6.9015,6.4126,7.0643,6.5551,6.5426,7.2015,6.806,6.7158,7.4806,7.3259,6.7747,6.985,7.4886,9.3965,9.7041,9.091,8.1451,9.0061,9.889,9.3594,9.6077,9.6881,10.616,8.9483,9.6655,8.626,9.2544,9.5722,8.9653,9.8861,9.6738,12.315,10.9261,11.5647,10.7511,7.9595,7.4706,12.4367,10.0127,8.3619,9.8175,9.4186,9.4381,9.7992,11.383,11.2152,8.8881,9.5222,9.3476,11.3974,11.0362,10.8655,11.219,9.7046,8.6906,10.0239,9.5429,9.8982,8.6937,12.6967,13.2665,10.189,10.2411,9.5295,9.2554,10.9399,11.3408,11.8945,11.7424,11.7612,12.1335,12.2824,12.8403,12.7823,13.609,13.4704,13.5651,13.3,13.7851,14.1887,14.1618,14.0697,14.3103,13.8827,12.9738,13.0062,14.2107,12.2581,9.0728,9.1533
8057.02,17.3942,17.0539,16.9204,16.8654,16.7048,15.8663,15.4665,16.1983,15.748,15.8114,15.6868,15.9464,15.4229,15.5519,15.3567,15.7074,13.7784,14.923,15.1464,15.121,15.3129,14.7621,14.974,14.4912,14.6303,15.0455,14.0089,14.8311,15.0204,14.0599,13.165,14.3296,14.4356,14.7762,13.8242,14.0261,14.2278,14.1017,13.2782,12.4214,13.4455,14.1653,14.2821,13.5507,14.0956,14.0113,13.7677,13.3487,13.2464,13.4551,13.8892,13.6474,12.5365,13.6312,13.0409,13.0681,13.3049,13.6231,13.3924,12.2262,12.9464,12.7495,11.8787,12.1593,12.4104,11.948,12.2631,12.2044,12.0711,12.1824,11.8116,10.7954,11.1996,11.7463,11.6924,11.5514,10.5902,10.5117,10.0718,9.8924,9.8557,10.7336,11.0799,10.9325,10.6571,9.4366,10.4445,10.6254,9.3582,9.6553,10.6395,9.5806,10.3588,10.4404,8.9488,9.3512,8.8049,9.094,8.7249,10.0908,9.043,9.133,9.8442,10.26,8.9828,9.5215,9.0802,8.2608,9.293,8.6165,9.0694,8.6362,7.5886,6.6082,0.0,2.6765,13.8733,13.6459,13.7923,13.7356,12.3175,12.1518,12.1657,13.6343,13.4293,13.2786,13.4834,13.3968,14.3946,14.1567,13.9342,14.1914,14.0565,13.9034,13.0128,12.5521,13.0856,12.6015,12.5093,13.4332,13.0918,12.9312,13.7654,13.6865,12.7795,13.3059,13.8339,15.9353,16.1542,15.553,14.5803,15.3479,16.3713,15.8384,15.6795,15.8479,16.8297,15.0447,15.9933,14.623,15.613,15.9672,15.1363,16.3008,16.2049,18.4373,17.35,17.6342,16.9082,14.0128,13.4627,18.6906,15.9501,14.7993,16.3397,15.7967,15.7633,16.1632,17.5958,17.5661,14.7427,15.8287,15.7684,17.7096,17.1469,16.9544,17.3902,16.1739,15.143,16.4038,16.0526,15.9631,14.8943,18.9582,19.5141,16.2827,16.6703,15.9701,15.777,17.3276,17.7161,18.2219,18.036,17.9873,18.3299,18.5915,18.9702,19.1196,19.8056,19.6126,19.8997,19.6739,20.0651,20.3783,20.4532,20.4029,20.683,20.3037,19.1878,19.2726,20.4663,18.3019,15.5529,15.6374
8358.03,19.1398,18.7805,18.675,18.6489,18.3517,17.7253,17.3725,17.6727,17.2663,17.3188,17.1844,17.3468,16.9357,16.9688,16.8013,17.0858,15.6691,16.405,16.6293,16.5629,16.6936,16.2459,16.3949,16.0406,16.091,16.4116,15.7105,16.2269,16.3532,15.699,15.0834,15.7698,15.8698,16.0992,15.3667,15.4888,15.6439,15.5296,14.9232,14.4299,15.0211,15.5252,15.6481,15.0562,15.4413,15.3944,15.1569,14.8762,14.754,14.8867,15.2317,15.0468,14.261,14.983,14.5185,14.5712,14.7035,14.9147,14.7071,13.7644,14.2428,14.0283,13.3308,13.5039,13.6309,13.238,13.5219,13.4553,13.2636,13.3719,13.0479,12.3199,12.6054,12.8816,12.8845,12.7382,11.991,11.9128,11.6414,11.4343,11.3983,12.0232,12.2625,12.0814,11.8921,11.0872,11.7385,11.7694,10.9723,11.1287,11.75,10.9924,11.5261,11.5771,10.5512,10.837,10.4904,10.6163,10.3721,11.1929,10.4543,10.5414,10.9524,11.2911,10.3177,10.7521,10.3675,9.9172,10.5109,9.9237,10.1576,9.7725,8.797,8.2052,2.6765,0.0,14.853,14.6437,14.7477,14.7217,13.1908,12.9876,12.9495,14.481,14.2555,14.1055,14.2417,14.1294,15.2249,14.9985,14.7907,14.9716,14.9558,14.6736,13.8133,13.3937,13.8198,13.3757,13.2355,14.309,14.0255,13.8134,14.6745,14.6686,13.5171,14.2631,14.7966,17.0956,17.1756,16.6021,15.6177,16.2647,17.4325,16.9048,16.3538,16.587,17.5896,15.7577,16.8802,15.2777,16.5405,16.926,15.9053,17.2755,17.3467,19.0824,18.3159,18.2543,17.6173,14.7305,14.1603,19.4486,16.5177,15.834,17.4637,16.7408,16.6532,17.0838,18.3375,18.4438,15.2963,16.6987,16.7614,18.544,17.8117,17.6066,18.0998,17.2205,16.1885,17.3366,17.161,16.6237,15.6951,19.7187,20.2515,16.9566,17.6553,16.983,16.9096,18.2508,18.6179,19.0623,18.8453,18.7328,19.0416,19.4063,19.6109,19.9553,20.4899,20.2517,20.7201,20.5422,20.8255,21.0465,21.2194,21.2144,21.5357,21.2212,19.899,20.0324,21.1962,18.8861,16.6265,16.7147
HB101,6.6747,6.3109,6.4112,6.5764,5.5482,6.5317,6.6871,4.1465,4.1138,4.0856,3.9484,3.5511,3.8878,3.3789,3.4262,3.2625,5.9191,3.4303,3.5473,3.2769,3.019,3.3686,3.07,3.693,3.1629,2.7759,4.5946,2.8431,2.5659,4.1707,5.9956,2.9193,2.9174,2.374,3.4638,2.9808,2.7325,2.773,4.0766,6.5775,3.6305,2.356,2.4301,3.1819,2.2479,2.4647,2.4614,3.311,3.1821,2.7055,2.1845,2.5131,4.5912,2.2144,3.0048,3.1593,2.5039,1.8443,1.9923,3.5129,1.9827,1.969,3.1979,2.5663,1.9067,2.4743,2.1487,2.158,2.0675,1.9707,2.3972,4.0933,3.3928,2.2233,2.3811,2.4921,3.8114,3.8722,4.7138,4.7444,4.7723,3.4143,2.9088,3.0028,3.3769,5.4064,3.6715,3.2916,5.3416,4.7276,3.2537,4.6464,3.5682,3.4647,5.6026,4.9985,5.9429,5.2887,5.8889,3.7899,5.1047,5.0215,4.0357,3.6148,5.0444,4.4256,4.8985,6.2574,4.6331,5.3536,4.8039,5.2399,6.2922,7.5093,13.8733,14.853,0.0,0.2423,0.1678,0.1399,1.7146,1.9582,2.0911,0.8111,1.005,1.0846,1.3321,1.496,0.9737,0.8216,0.7035,1.1627,0.4847,1.1881,1.3712,1.5844,1.6263,1.7713,2.0214,0.7649,0.8474,1.1311,0.4273,0.1868,1.7915,0.5947,0.1092,2.4386,2.3237,1.7719,0.8141,1.4968,2.598,2.0854,2.4625,2.358,3.1653,1.8774,2.1567,1.9591,1.7484,2.0943,1.7017,2.433,2.6278,4.9076,3.4815,4.2445,3.358,1.4826,1.6579,4.9376,3.0914,1.0117,2.7054,1.9244,1.9302,2.297,3.9168,3.7109,2.5281,2.0204,1.9098,3.8882,3.689,3.5585,3.7934,2.3785,1.3662,2.5321,2.3907,2.7244,1.406,5.1941,5.7661,2.9277,2.8087,2.1303,2.2027,3.4555,3.8482,4.3861,4.2349,4.2807,4.6677,4.7731,5.4144,5.2767,6.1279,6.0243,6.0598,5.8098,6.2768,6.7069,6.6526,6.5646,6.8207,6.4305,5.4887,5.5015,6.7056,4.9381,1.8259,1.916
HB103,6.682,6.3133,6.4039,6.5616,5.5585,6.4741,6.6105,4.1839,4.1197,4.0973,3.9569,3.6007,3.8795,3.4037,3.4321,3.3081,5.7896,3.4014,3.5314,3.2698,3.0417,3.3293,3.059,3.626,3.1196,2.7857,4.4865,2.8288,2.5851,4.07,5.8449,2.858,2.8651,2.3772,3.3567,2.8937,2.6669,2.6956,3.9359,6.4037,3.4995,2.2939,2.3778,3.0587,2.1812,2.3849,2.3589,3.1747,3.0391,2.576,2.097,2.3996,4.4191,2.1003,2.8477,3.0052,2.3615,1.7296,1.8528,3.3183,1.7991,1.7675,2.982,2.3469,1.6769,2.2417,1.9203,1.9268,1.8273,1.7316,2.1575,3.8601,3.1576,1.9819,2.1388,2.2498,3.5707,3.631,4.4754,4.504,4.5318,3.172,2.6677,2.7642,3.1354,5.1665,3.4294,3.0549,5.1006,4.4854,3.0197,4.4042,3.3311,3.2294,5.3605,4.7562,5.7013,5.0464,5.6468,3.5589,4.8634,4.78,3.805,3.3904,4.805,4.1883,4.6605,6.0151,4.3973,5.1164,4.5769,5.0108,6.0621,7.2708,13.6459,14.6437,0.2423,0.0,0.272,0.1073,1.5475,1.8,1.9538,0.8518,1.0002,1.0479,1.3556,1.5093,1.1714,0.9911,0.8307,1.3125,0.6699,1.2877,1.3039,1.4468,1.594,1.6696,1.9293,0.7343,0.6872,1.0016,0.5077,0.095,1.7214,0.4272,0.2635,2.5855,2.5326,1.9643,0.9859,1.7362,2.7944,2.2738,2.6822,2.5922,3.4072,2.082,2.3965,2.1195,1.9844,2.3217,1.925,2.6559,2.79,5.149,3.7051,4.4823,3.5981,1.5908,1.6853,5.1789,3.2987,1.1963,2.8775,2.1561,2.1707,2.5317,4.1591,3.9467,2.6755,2.2621,2.1274,4.1274,3.9273,3.7946,4.0349,2.5786,1.553,2.7638,2.5641,2.9484,1.6283,5.4351,6.0072,3.1592,3.0287,2.3414,2.3582,3.6863,4.081,4.6238,4.475,4.5229,4.91,5.0119,5.6563,5.5132,6.3699,6.2666,6.2963,6.0428,6.5165,6.9489,6.8915,6.8011,7.0539,6.6581,5.7307,5.742,6.946,5.1767,2.0057,2.0957
HB105,6.8407,6.4764,6.5754,6.7395,5.7144,6.6855,6.835,4.3142,4.2794,4.2518,4.1143,3.7189,4.0516,3.546,3.5917,3.4303,6.044,3.5902,3.7097,3.4406,3.186,3.5262,3.2331,3.8433,3.3195,2.9416,4.7297,3.0055,2.7324,4.3089,6.1081,3.0709,3.0716,2.5387,3.5989,3.1238,2.8826,2.9194,4.1949,6.6735,3.7541,2.5069,2.5839,3.3093,2.3972,2.6099,2.5978,3.4315,3.2987,2.8293,2.3266,2.6447,4.6884,2.3454,3.1124,3.269,2.6204,1.9745,2.1099,3.5903,2.0699,2.0394,3.2505,2.6143,1.9376,2.4986,2.182,2.1856,2.0684,1.9766,2.3998,4.1147,3.4094,2.1898,2.3648,2.469,3.8066,3.8651,4.7193,4.7415,4.7686,3.3922,2.8706,2.9528,3.3411,5.4051,3.6429,3.2352,5.3344,4.7097,3.1902,4.6182,3.5127,3.4042,5.5851,4.9756,5.9311,5.2651,5.8716,3.7191,5.0665,4.9845,3.9639,3.5323,4.9956,4.3696,4.8449,6.2322,4.5726,5.2969,4.7246,5.164,6.2175,7.4559,13.7923,14.7477,0.1678,0.272,0.0,0.18,1.5848,1.8221,1.9447,0.6468,0.8372,0.9178,1.1669,1.3298,0.9012,0.7196,0.5696,1.0457,0.3994,1.0432,1.2075,1.4402,1.4587,1.6139,1.861,0.5988,0.7243,0.9869,0.2672,0.178,1.6274,0.4875,0.0614,2.5905,2.4373,1.9014,0.9628,1.559,2.7222,2.2167,2.4188,2.3449,3.1872,1.8123,2.2137,1.8509,1.8208,2.184,1.6655,2.5292,2.773,4.9225,3.5746,4.2412,3.3652,1.3424,1.4938,4.982,3.0292,1.1514,2.8455,2.0068,1.9849,2.3711,3.9456,3.7791,2.4112,2.0663,2.0147,3.9449,3.6881,3.5497,3.8099,2.5001,1.5018,2.6125,2.5306,2.6881,1.3686,5.2412,5.8117,2.9069,2.908,2.2421,2.3517,3.5361,3.924,4.4478,4.2872,4.3154,4.6975,4.8306,5.4344,5.3417,6.1643,6.05,6.1245,5.8835,6.3301,6.7439,6.7087,6.6293,6.8938,6.515,5.5263,5.5504,6.7548,4.9372,1.9637,2.0535
HB106,6.7019,6.3353,6.43,6.591,5.5769,6.5214,6.6655,4.1899,4.1395,4.1146,3.9756,3.601,3.9054,3.4149,3.4516,3.31,5.865,3.4357,3.5603,3.2948,3.0536,3.368,3.0855,3.6763,3.1598,2.803,4.5535,2.8566,2.5981,4.134,5.9281,2.9055,2.9089,2.3969,3.4229,2.9517,2.716,2.7496,4.0152,6.495,3.575,2.3412,2.4211,3.131,2.2302,2.4395,2.4226,3.252,3.1189,2.6504,2.1544,2.4677,4.5096,2.1683,2.9325,3.089,2.4407,1.7973,1.9303,3.416,1.8926,1.8668,3.0857,2.4514,1.7834,2.3487,2.0267,2.0336,1.9342,1.8387,2.2646,3.9672,3.2648,2.0841,2.2441,2.3541,3.6773,3.7375,4.5825,4.6108,4.6385,3.2767,2.7693,2.8629,3.2376,5.2734,3.533,3.1518,5.2071,4.5908,3.1143,4.508,3.4284,3.325,5.466,4.8609,5.8074,5.151,5.7523,3.6511,4.9654,4.8822,3.897,3.4778,4.9045,4.2858,4.7586,6.1195,4.4934,5.2138,4.6662,5.1016,6.1537,7.3694,13.7356,14.7217,0.1399,0.1073,0.18,0.0,1.5997,1.8477,1.9907,0.8021,0.9709,1.0332,1.3161,1.4747,1.0704,0.8972,0.7489,1.2257,0.5702,1.2181,1.3047,1.483,1.5796,1.688,1.9435,0.7139,0.7328,1.0321,0.437,0.0561,1.7247,0.4745,0.1598,2.5395,2.454,1.8945,0.9248,1.6367,2.7229,2.2064,2.5769,2.4849,3.3017,1.98,2.2965,2.0304,1.888,2.2316,1.819,2.5688,2.7365,5.0429,3.6177,4.3751,3.4913,1.5189,1.6453,5.077,3.1963,1.1296,2.819,2.063,2.07,2.4364,4.0545,3.8505,2.5912,2.1597,2.0435,4.0281,3.8202,3.6873,3.9289,2.505,1.4858,2.6708,2.5047,2.8424,1.5223,5.3338,5.9057,3.0521,2.9435,2.2614,2.3078,3.594,3.9872,4.5259,4.3748,4.4192,4.8056,4.913,5.5507,5.4164,6.2667,6.1617,6.1995,5.9488,6.4167,6.8458,6.7925,6.7044,6.9599,6.5681,5.6276,5.6412,6.8453,5.0695,1.9426,2.0327
HB201,7.9628,7.582,7.6381,7.7668,6.8612,7.5046,7.5476,5.5786,5.4315,5.426,5.2794,5.0311,5.1535,4.7813,4.7596,4.7345,6.4439,4.6229,4.7911,4.5647,4.4225,4.5176,4.3499,4.6936,4.3029,4.1427,5.3164,4.1191,3.9712,4.9582,6.3494,3.9892,4.0295,3.7336,4.2519,3.9168,3.7944,3.7745,4.5975,6.7047,4.2515,3.4621,3.5734,3.8898,3.3432,3.4795,3.3604,3.9192,3.7548,3.4189,3.1904,3.3451,4.8177,3.0796,3.49,3.6505,3.1582,2.7618,2.7465,3.5955,2.4284,2.2542,3.0499,2.477,1.8352,2.1632,2.0175,1.9671,1.6447,1.6339,1.8856,3.5198,2.8417,1.395,1.6818,1.6931,2.9987,3.0319,3.9382,3.8857,3.9039,2.4711,1.8745,1.8399,2.3062,4.5324,2.6404,2.037,4.4145,3.728,1.9381,3.557,2.299,2.1589,4.5721,3.9412,4.9526,4.2137,4.851,2.3791,3.9093,3.8389,2.6072,2.1227,3.7631,3.107,3.5827,5.1407,3.2713,4.0018,3.3018,3.753,4.7998,6.1492,12.3175,13.1908,1.7146,1.5475,1.5848,1.5997,0.0,0.2635,0.4869,1.3169,1.1206,0.9726,1.2647,1.2488,2.0775,1.8392,1.6179,1.9019,1.7652,1.635,0.7605,0.2725,1.0005,0.5536,0.7469,1.1221,0.8676,0.6228,1.4846,1.5437,0.794,1.1254,1.6397,4.1328,4.0188,3.4847,2.5244,3.074,4.307,3.7992,3.4586,3.5583,4.5204,2.7996,3.6976,2.4998,3.3497,3.739,2.8371,4.0917,4.3357,6.1812,5.1267,5.4179,4.6246,1.8217,1.3993,6.3757,3.8881,2.7262,4.4184,3.5512,3.4688,3.8935,5.289,5.2692,2.8493,3.5233,3.5904,5.3965,4.8955,4.7199,5.1006,4.0848,3.0808,4.1458,4.104,3.749,2.582,6.6425,7.2018,4.0425,4.4732,3.8227,3.9052,5.0616,5.4343,5.9114,5.7192,5.6774,6.0315,6.2759,6.7105,6.8093,7.511,7.3467,7.5868,7.3771,7.7483,8.0882,8.1358,8.0888,8.3813,8.0375,6.8847,6.9566,8.1535,6.1099,3.5403,3.6304
HB202,8.2198,7.8384,7.8923,8.0189,7.12,7.7428,7.777,5.8415,5.6916,5.6868,5.5401,5.2946,5.412,5.0441,5.0208,4.998,6.646,4.8794,5.0493,4.8248,4.6854,4.7725,4.61,4.9403,4.5579,4.4053,5.5409,4.3796,4.2344,5.1895,6.5343,4.2421,4.2841,3.9963,4.487,4.1631,4.0477,4.0249,4.8087,6.8618,4.4738,3.7186,3.8309,4.1216,3.5998,3.7321,3.6081,4.1431,3.9773,3.655,3.4443,3.5892,4.9977,3.3277,3.7082,3.8674,3.393,3.0151,2.9922,3.7727,2.6603,2.4783,3.209,2.6577,2.042,2.327,2.2097,2.1545,1.8193,1.8208,2.0329,3.6069,2.9472,1.519,1.8093,1.8007,3.0532,3.0802,3.9828,3.9151,3.9311,2.513,1.9195,1.8534,2.3242,4.551,2.6575,2.0158,4.4238,3.7307,1.9021,3.5422,2.2646,2.118,4.5582,3.9284,4.9438,4.1937,4.833,2.2985,3.8646,3.7981,2.5159,2.0192,3.6983,3.0407,3.5106,5.1032,3.1902,3.9154,3.1759,3.6282,4.6667,6.0478,12.1518,12.9876,1.9582,1.8,1.8221,1.8477,0.2635,0.0,0.2562,1.4959,1.2796,1.1286,1.3592,1.3108,2.25,2.017,1.8042,2.0421,1.9743,1.7605,0.8663,0.4062,1.0261,0.5218,0.6232,1.3239,1.1151,0.8407,1.7024,1.7916,0.7623,1.3749,1.8787,4.3851,4.2475,3.7235,2.7708,3.2809,4.542,4.0388,3.5742,3.702,4.678,2.9206,3.893,2.5786,3.5586,3.9546,2.9859,4.3094,4.584,6.3153,5.3382,5.539,4.7668,1.9131,1.4352,6.5391,3.9668,2.9695,4.6635,3.7638,3.6657,4.0981,5.4447,5.4603,2.8817,3.7137,3.8156,5.5769,5.0257,4.8444,5.2461,4.3184,3.3226,4.3528,4.3488,3.8638,2.7432,6.8071,7.3623,4.1668,4.6915,4.0509,4.1553,5.2637,5.6308,6.0935,5.8938,5.8356,6.1822,6.4523,6.8464,6.9908,7.6606,7.4852,7.7655,7.5652,7.9148,8.236,8.3041,8.2661,8.5664,8.2345,7.0384,7.1217,8.3145,6.2267,3.7835,3.8735
HB203,8.446,8.0658,8.1235,8.2531,7.3423,7.9894,8.0278,6.0479,5.9106,5.9035,5.7574,5.4929,5.6352,5.2519,5.2363,5.1966,6.9021,5.1068,5.2732,5.044,4.8919,5.0028,4.829,5.1804,4.788,4.6147,5.7933,4.5979,4.4386,5.4394,6.79,4.4754,4.5148,4.2043,4.7351,4.4036,4.2804,4.2612,5.0639,7.113,4.7268,3.9463,4.0568,4.3712,3.8273,3.9658,3.8473,4.3956,4.2302,3.9025,3.6763,3.8315,5.2531,3.5665,3.9621,4.1216,3.6411,3.248,3.2331,4.0279,2.9096,2.7304,3.4616,2.9135,2.2974,2.5809,2.4659,2.4107,2.0749,2.077,2.2842,3.8356,3.1845,1.7662,2.0564,2.042,3.2671,3.2908,4.1893,4.1127,4.1274,2.7222,2.1338,2.0509,2.5209,4.7407,2.8518,2.1896,4.6076,3.9117,2.0666,3.7116,2.4266,2.2765,4.7256,4.098,5.1142,4.3575,4.9968,2.4228,4.0104,3.9472,2.6286,2.1254,3.8279,3.1721,3.6347,5.2517,3.3078,4.025,3.2495,3.7007,4.7267,6.138,12.1657,12.9495,2.0911,1.9538,1.9447,1.9907,0.4869,0.2562,0.0,1.5423,1.3094,1.1612,1.3177,1.2392,2.2757,2.0522,1.8531,2.0331,2.0511,1.7403,0.8639,0.5077,0.9337,0.4358,0.4257,1.4032,1.2678,0.96,1.7955,1.9349,0.637,1.5267,2.0037,4.5288,4.3426,3.8383,2.9048,3.3444,4.6477,4.1545,3.5253,3.6831,4.6719,2.8814,3.9378,2.4993,3.6238,4.0287,2.9768,4.3858,4.7175,6.2786,5.4027,5.4898,4.7425,1.8548,1.3348,6.5363,3.879,3.096,4.7895,3.8339,3.7133,4.1552,5.4345,5.495,2.7573,3.7523,3.9056,5.5973,4.9875,4.8003,5.2245,4.422,3.4447,4.4126,4.4747,3.8128,2.7504,6.8054,7.355,4.1246,4.7678,4.1455,4.2938,5.3144,5.6729,6.1152,5.9059,5.8276,6.1648,6.4661,6.8111,7.0104,7.6399,7.4521,7.7806,7.5931,7.9144,8.2128,8.3055,8.2788,8.5894,8.2741,7.0234,7.1202,8.3068,6.1716,3.9071,3.9968
HB301,7.4854,7.1219,7.222,7.3863,6.3586,7.3229,7.4623,4.9501,4.9248,4.8961,4.7593,4.3496,4.6983,4.1873,4.2372,4.0636,6.6209,4.2357,4.3564,4.0874,3.8283,4.1696,3.8799,4.4764,3.9618,3.5868,5.3325,3.6522,3.376,4.9189,6.6529,3.7068,3.711,3.185,4.2041,3.7454,3.5166,3.5472,4.7597,7.1717,4.3331,3.1424,3.2232,3.8987,3.0308,3.2365,3.2087,4.0046,3.8634,3.4132,2.9488,3.2459,5.1964,2.9471,3.6567,3.817,3.1896,2.5772,2.6864,4.0499,2.5775,2.5052,3.6419,3.0035,2.2974,2.8182,2.5396,2.5256,2.329,2.2576,2.6521,4.3939,3.6832,2.3236,2.5534,2.6288,3.9992,4.0486,4.9369,4.9289,4.9526,3.5292,2.9603,2.9936,3.4277,5.5923,3.7504,3.2423,5.5006,4.8424,3.1687,4.713,3.5171,3.3901,5.7113,5.0867,6.0757,5.3706,5.9961,3.655,5.1175,5.0409,3.8914,3.4211,5.0052,4.3574,4.8364,6.3242,4.5391,5.2712,4.6092,5.0588,6.109,7.4294,13.6343,14.481,0.8111,0.8518,0.6468,0.8021,1.3169,1.4959,1.5423,0.0,0.2434,0.3826,0.5213,0.6869,0.7607,0.5227,0.3109,0.6449,0.5392,0.4835,0.6936,1.0899,0.8569,1.1405,1.3485,0.2465,0.6912,0.7147,0.3853,0.769,1.0819,0.6687,0.702,3.1287,2.8247,2.3631,1.5237,1.8029,3.145,2.6771,2.2094,2.2588,3.2066,1.552,2.3996,1.4058,2.0826,2.4909,1.5359,2.8488,3.2805,4.8857,3.8606,4.1425,3.3231,0.7824,0.847,5.0593,2.7273,1.6756,3.3304,2.2942,2.1735,2.6131,3.9757,3.9646,1.9106,2.2182,2.3832,4.0829,3.6081,3.4422,3.7948,2.917,1.9977,2.8704,3.019,2.4974,1.2695,5.3258,5.8858,2.7694,3.2302,2.628,2.8798,3.774,4.137,4.5988,4.4032,4.3626,4.7206,4.9605,5.4121,5.4964,6.2001,6.0448,6.2725,6.0694,6.4314,6.7782,6.819,6.7739,7.071,6.7402,5.5716,5.6399,6.8374,4.839,2.454,2.541
HB302,7.6724,7.3062,7.4006,7.5603,6.5471,7.4681,7.593,5.1514,5.1102,5.0846,4.946,4.5556,4.8759,4.3818,4.4223,4.2674,6.7064,4.4015,4.5297,4.2654,4.0212,4.3293,4.0558,4.6178,4.1192,3.7732,5.4406,3.8264,3.5666,5.0342,6.7163,3.8535,3.8633,3.3677,4.3167,3.8748,3.6611,3.6839,4.8403,7.2064,4.4249,3.2901,3.3765,3.9997,3.1761,3.3729,3.3299,4.0934,3.9471,3.5122,3.0818,3.3588,5.2407,3.0619,3.7284,3.8903,3.2796,2.6952,2.785,4.0732,2.6371,2.5449,3.6355,3.0018,2.2931,2.7892,2.5302,2.5091,2.2843,2.2223,2.5987,4.3357,3.6273,2.2318,2.4775,2.5413,3.9104,3.9563,4.8526,4.8337,4.8561,3.424,2.8441,2.8609,3.3061,5.4946,3.6335,3.0967,5.3958,4.7283,3.0149,4.5869,3.3686,3.2369,5.5921,4.9644,5.9617,5.2455,5.8756,3.4856,4.9759,4.9012,3.7184,3.24,4.8514,4.1995,4.6778,6.1923,4.3743,5.1064,4.4221,4.8732,5.9204,7.2603,13.4293,14.2555,1.005,1.0002,0.8372,0.9709,1.1206,1.2796,1.3094,0.2434,0.0,0.151,0.3687,0.5107,0.9715,0.7432,0.5485,0.7851,0.7815,0.5437,0.4526,0.8771,0.6272,0.9003,1.1051,0.2718,0.6483,0.5594,0.5954,0.9291,0.8392,0.7184,0.8966,3.3649,3.0678,2.6052,1.7522,2.0408,3.3884,2.9196,2.3533,2.4378,3.4026,1.6925,2.6284,1.4689,2.3205,2.7309,1.7165,3.089,3.5204,5.0618,4.0968,4.3045,3.5041,0.7995,0.6936,5.2613,2.8308,1.9107,3.572,2.5334,2.4039,2.8474,4.1706,4.1882,1.9256,2.4437,2.6261,4.2986,3.7778,3.6052,3.98,3.1604,2.237,3.1055,3.2602,2.6434,1.4651,5.5289,6.0858,2.9288,3.4701,2.8712,3.117,4.0051,4.3641,4.8156,4.6142,4.5601,4.9117,5.173,5.5906,5.7125,6.3911,6.2263,6.4863,6.2899,6.6362,6.968,7.0251,6.9867,7.2893,6.9662,5.7658,5.8434,7.0379,4.9986,2.6945,2.7818
HB303,7.7298,7.3612,7.4507,7.6065,6.6061,7.4916,7.6056,5.223,5.1675,5.1445,5.0045,4.6322,4.9267,4.4476,4.4798,4.3421,6.6885,4.4432,4.5773,4.3173,4.0861,4.3663,4.1062,4.6406,4.1548,3.8328,5.4388,3.8756,3.6301,5.0378,6.6842,3.8814,3.8954,3.4249,4.3194,3.89,3.6877,3.7047,4.8208,7.1564,4.4134,3.3198,3.4102,3.9949,3.2044,3.3941,3.3404,4.0804,3.9309,3.507,3.1013,3.3634,5.1981,3.0687,3.705,3.8675,3.2691,2.7055,2.7816,4.0195,2.6092,2.5052,3.5656,2.9361,2.2287,2.709,2.4619,2.4369,2.1975,2.1409,2.5062,4.2376,3.5312,2.1215,2.3741,2.432,3.7981,3.8423,4.7416,4.7177,4.7395,3.3049,2.7211,2.7311,3.1803,5.3772,3.5092,2.9617,5.2754,4.6043,2.8771,4.4582,3.2324,3.0992,5.4657,4.8371,5.8373,5.117,5.7486,3.3425,4.8413,4.7673,3.5742,3.0939,4.7126,4.0597,4.5376,6.0608,4.2323,4.9641,4.2744,4.7256,5.7722,7.1165,13.2786,14.1055,1.0846,1.0479,0.9178,1.0332,0.9726,1.1286,1.1612,0.3826,0.151,0.0,0.4075,0.5104,1.1224,0.8929,0.6927,0.9298,0.911,0.6745,0.3134,0.7265,0.5467,0.7586,0.9749,0.3203,0.5909,0.4359,0.6972,0.9865,0.7194,0.7145,0.9789,3.4776,3.2039,2.7309,1.857,2.1853,3.5209,3.0462,2.4937,2.5859,3.5528,1.8332,2.7773,1.5855,2.465,2.8734,1.8653,3.2313,3.6398,5.2087,4.2426,4.4483,3.6522,0.9073,0.7031,5.412,2.9578,2.0237,3.6957,2.6768,2.5523,2.9942,4.3206,4.3384,2.0185,2.5934,2.7631,4.4495,3.9236,3.7495,4.1287,3.2933,2.3561,3.2519,3.3828,2.7841,1.6157,5.6797,6.2363,3.0726,3.6128,3.0071,3.2318,4.1533,4.5136,4.9665,4.7653,4.7103,5.0612,5.324,5.7379,5.8634,6.5405,6.3741,6.6374,6.4405,6.787,7.1172,7.176,7.1377,7.4401,7.116,5.9156,5.9942,7.1884,5.1417,2.8158,2.9038
HB304,8.0066,7.643,7.7423,7.9055,6.8799,7.829,7.9582,5.4697,5.4459,5.4174,5.2805,4.8676,5.2182,4.7084,4.7583,4.5826,7.0744,4.7519,4.8752,4.6073,4.3495,4.6831,4.3993,4.9796,4.4742,4.108,5.809,4.1711,3.8973,5.402,7.0806,4.2132,4.2207,3.7057,4.6847,4.2399,4.0216,4.047,5.208,7.5613,4.7935,3.6492,3.7332,4.3683,3.5361,3.736,3.6965,4.4619,4.3152,3.8809,3.4457,3.7266,5.6,3.4294,4.0951,4.2571,3.6482,3.0621,3.1536,4.4252,3.0023,2.9052,3.9731,3.3435,2.6361,3.1151,2.8694,2.8443,2.6017,2.5469,2.9074,4.6336,3.9292,2.5081,2.7674,2.8191,4.1793,4.2211,5.1236,5.0925,5.1133,3.6763,3.0866,3.0811,3.5384,5.749,3.8702,3.2956,5.6418,4.9644,3.2012,4.8071,3.5609,3.4225,5.8191,5.1889,6.195,5.4654,6.1003,3.6403,5.1719,5.1004,3.8646,3.3731,5.0278,4.3715,4.8466,6.4001,4.5331,5.2622,4.535,4.9873,6.0247,7.4031,13.4834,14.2417,1.3321,1.3556,1.1669,1.3161,1.2647,1.3592,1.3177,0.5213,0.3687,0.4075,0.0,0.1702,1.0331,0.8549,0.7393,0.732,1.0169,0.4327,0.5043,0.9948,0.431,0.8819,1.0086,0.639,0.995,0.8251,0.9065,1.2787,0.7257,1.0866,1.223,3.6073,3.2272,2.812,2.0258,2.158,3.5626,3.1208,2.2159,2.3662,3.3587,1.5659,2.6935,1.2355,2.4344,2.8549,1.6657,3.2118,3.7425,4.9635,4.1862,4.1813,3.4248,0.5576,0.3298,5.2233,2.6234,2.1631,3.7802,2.653,2.4783,2.9351,4.119,4.2212,1.6264,2.4979,2.7843,4.3041,3.6727,3.4883,3.9068,3.3344,2.4684,3.1955,3.4733,2.5052,1.4579,5.4928,6.0399,2.8113,3.5879,3.0333,3.355,4.0691,4.41,4.8224,4.6039,4.5128,4.8474,5.1647,5.4956,5.7138,6.3222,6.1361,6.4789,6.305,6.6019,6.8951,6.9939,6.9748,7.2945,7.0003,5.7062,5.8075,6.9912,4.8678,2.9154,3.0
HB305,8.1705,7.8061,7.9037,8.0656,7.0441,7.9788,8.1022,5.6369,5.6092,5.5815,5.4441,5.0357,5.3793,4.8739,4.9214,4.7502,7.1985,4.9093,5.035,4.7685,4.5146,4.8385,4.5598,5.1285,4.6288,4.2714,5.944,4.3311,4.0618,5.5403,7.1938,4.3642,4.3736,3.8681,4.8222,4.3844,4.1718,4.1944,5.3309,7.659,4.922,3.8007,3.8866,4.5012,3.6868,3.8834,3.8382,4.5894,4.4405,4.0134,3.592,3.865,5.7047,3.5689,4.2153,4.3778,3.7773,3.2033,3.287,4.5209,3.1196,3.0138,4.0539,3.4293,2.7247,3.187,2.9537,2.9249,2.6686,2.6196,2.9664,4.6808,3.9806,2.5468,2.8136,2.8573,4.2077,4.2468,5.1517,5.1129,5.1327,3.6955,3.102,3.0837,3.5463,5.7658,3.8795,3.2859,5.6536,4.9712,3.1852,4.805,3.5468,3.4052,5.8195,5.1887,6.1986,5.4621,6.099,3.6067,5.156,5.0864,3.8263,3.33,5.0019,4.3445,4.8171,6.389,4.4992,5.2256,4.4794,4.9315,5.9629,7.3578,13.3968,14.1294,1.496,1.5093,1.3298,1.4747,1.2488,1.3108,1.2392,0.6869,0.5107,0.5104,0.1702,0.0,1.1837,1.0165,0.9089,0.8626,1.187,0.5661,0.5027,0.9764,0.3119,0.8075,0.8955,0.7819,1.099,0.8865,1.072,1.4353,0.6181,1.2172,1.3868,3.7764,3.3864,2.9784,2.1959,2.3114,3.7239,3.2863,2.2869,2.4638,3.4625,1.6483,2.8333,1.2681,2.5864,3.008,1.7766,3.364,3.91,5.0424,4.3294,4.2507,3.5148,0.6166,0.1933,5.3257,2.656,2.3331,3.9461,2.8056,2.6211,3.0798,4.2181,4.3488,1.6042,2.6355,2.9438,4.4229,3.7513,3.5623,3.998,3.4958,2.6372,3.3402,3.6399,2.5739,1.5852,5.5956,6.1384,2.8876,3.7385,3.1932,3.5239,4.2058,4.5411,4.9409,4.7169,4.6128,4.9404,5.2778,5.5751,5.8295,6.4115,6.2169,6.5911,6.4247,6.7043,6.9824,7.0971,7.085,7.4103,7.1256,5.7999,5.9101,7.0887,4.9325,3.0831,3.1674
HB401,7.3217,6.9742,7.1005,7.2846,6.1961,7.3424,7.5361,4.7356,4.7929,4.7498,4.6237,4.1168,4.6074,4.0222,4.1189,3.8495,6.8543,4.2059,4.2913,4.0055,3.6789,4.1674,3.8125,4.5418,3.9735,3.4767,5.5048,3.5987,3.2508,5.0721,6.953,3.7679,3.7497,3.1053,4.3783,3.8708,3.5915,3.6508,5.0275,7.549,4.5729,3.2167,3.2724,4.1179,3.1183,3.3509,3.3785,4.2599,4.1373,3.6506,3.0861,3.4428,5.5625,3.1477,3.9704,4.1229,3.4611,2.7828,2.95,4.4849,2.9563,2.9371,4.1516,3.5149,2.8331,3.3884,3.0782,3.0785,2.938,2.8524,3.2689,4.9986,4.2901,3.0029,3.2072,3.2982,4.6579,4.7125,5.5834,5.5929,5.6185,4.2148,3.6636,3.7152,4.1346,6.2576,4.45,3.9754,6.177,5.5339,3.9091,5.4207,4.252,4.1295,6.4074,5.7883,6.7637,6.0751,6.6934,4.4058,5.8422,5.7635,4.6441,4.1781,5.7422,5.0989,5.5778,7.0357,5.2857,6.0172,5.3679,5.817,6.868,8.1775,14.3946,15.2249,0.9737,1.1714,0.9012,1.0704,2.0775,2.25,2.2757,0.7607,0.9715,1.1224,1.0331,1.1837,0.0,0.2421,0.4734,0.3686,0.5018,0.6252,1.4121,1.8457,1.462,1.8542,2.025,0.9767,1.3834,1.4717,0.7446,1.0789,1.7434,1.2548,0.9106,2.6909,2.2114,1.8519,1.2677,1.1282,2.5557,2.147,1.5304,1.5168,2.4475,0.9112,1.6691,1.0259,1.4027,1.8244,0.8011,2.1803,2.7894,4.1395,3.1555,3.4143,2.5745,0.7776,1.2457,4.2986,2.1281,1.3276,2.8071,1.6219,1.4496,1.9036,3.2167,3.2193,1.6102,1.4788,1.771,3.3272,2.8715,2.7151,3.0417,2.3289,1.5634,2.1639,2.5103,1.8078,0.517,4.5651,5.1253,2.0521,2.5553,2.0208,2.4351,3.0473,3.3989,3.8442,3.6443,3.6027,3.9632,4.2025,4.6632,4.7411,5.4422,5.293,5.5154,5.3189,5.6708,6.0208,6.0586,6.0162,6.3178,5.9987,4.8125,4.8792,6.0768,4.1122,1.975,2.053
HB402,7.3288,6.9756,7.0935,7.2714,6.2013,7.2907,7.4678,4.7553,4.7852,4.7467,4.6167,4.1409,4.5858,4.0231,4.1047,3.8663,6.7375,4.1634,4.2604,3.979,3.6732,4.1161,3.7805,4.4707,3.9171,3.4571,5.4038,3.5613,3.2349,4.9759,6.8171,3.6953,3.6839,3.0736,4.274,3.7792,3.5139,3.5647,4.8979,7.3921,4.4502,3.1373,3.201,3.9997,3.0342,3.2601,3.2715,4.1319,4.0036,3.5255,2.987,3.3283,5.4065,3.0305,3.8252,3.9803,3.3255,2.6617,2.8138,4.3087,2.7894,2.7567,3.956,3.3174,2.6277,3.177,2.873,2.8702,2.7173,2.6344,3.0473,4.7818,4.0721,2.7691,2.9782,3.0665,4.4293,4.4829,5.3578,5.3637,5.389,3.9808,3.4264,3.4753,3.897,6.0284,4.2138,3.7343,5.9455,5.2994,3.6673,5.1834,4.0107,3.8878,6.1723,5.5521,6.5302,5.8385,6.4582,4.1637,5.6023,5.524,4.402,3.9365,5.5009,4.8571,5.3361,6.798,5.0436,5.7752,5.1267,5.5756,6.6268,7.9354,14.1567,14.9985,0.8216,0.9911,0.7196,0.8972,1.8392,2.017,2.0522,0.5227,0.7432,0.8929,0.8549,1.0165,0.2421,0.0,0.2317,0.3517,0.3382,0.4974,1.191,1.6116,1.2735,1.637,1.8207,0.7346,1.1441,1.2307,0.5254,0.8964,1.542,1.027,0.7412,2.7828,2.3726,1.9672,1.2708,1.3127,2.7078,2.2725,1.7546,1.7575,2.689,1.1181,1.8858,1.1375,1.5915,2.0084,1.0391,2.3664,2.9025,4.3813,3.3605,3.6531,2.8163,0.7308,1.1079,4.5382,2.3302,1.3683,2.9331,1.808,1.6622,2.1092,3.4581,3.4455,1.7085,1.7006,1.9296,3.5605,3.1117,2.9535,3.2839,2.4797,1.6437,2.3684,2.6291,2.0359,0.7586,4.8045,5.3654,2.2879,2.7452,2.1785,2.5282,3.2631,3.621,4.0767,3.8804,3.8437,4.205,4.4378,4.9052,4.9742,5.684,5.5352,5.7498,5.5486,5.9094,6.2626,6.2967,6.2512,6.5494,6.2231,5.0538,5.1183,6.3167,4.351,2.0782,2.1605
HB407,7.3218,6.9636,7.0734,7.2452,6.194,7.2278,7.389,4.7644,4.7681,4.7341,4.6008,4.156,4.5559,4.0164,4.0832,3.8753,6.6135,4.1146,4.2224,3.9461,3.6614,4.0589,3.7431,4.3936,3.8557,3.4329,5.2964,3.5196,3.2154,4.8737,6.6753,3.6191,3.6143,3.0398,4.1655,3.6843,3.4335,3.476,4.764,7.2304,4.3236,3.0568,3.1279,3.8785,2.9497,3.168,3.1635,4.0009,3.8675,3.3989,2.8879,3.2127,5.2471,2.9136,3.6784,3.8357,3.1894,2.5428,2.6792,4.1315,2.6246,2.5787,3.7611,3.1216,2.4258,2.9686,2.6709,2.665,2.5009,2.4206,2.8298,4.5675,3.8571,2.5416,2.7544,2.8404,4.2054,4.2582,5.1361,5.1392,5.1641,3.753,3.1964,3.2439,3.6668,5.8038,3.9843,3.5026,5.7193,5.071,3.4357,4.9532,3.779,3.6562,5.9434,5.3226,6.3023,5.6086,6.2292,3.9331,5.3709,5.2926,4.1718,3.708,5.2692,4.6255,5.1045,6.5675,4.8124,5.5439,4.899,5.3474,6.3991,7.7043,13.9342,14.7907,0.7035,0.8307,0.5696,0.7489,1.6179,1.8042,1.8531,0.3109,0.5485,0.6927,0.7393,0.9089,0.4734,0.2317,0.0,0.4858,0.2835,0.49,1.0011,1.398,1.1298,1.4487,1.6491,0.505,0.9133,1.0043,0.3303,0.7363,1.3768,0.8079,0.6062,2.8681,2.524,2.0805,1.2954,1.4928,2.8493,2.3921,1.979,1.9892,2.918,1.335,2.0895,1.2938,1.7725,2.1824,1.2704,2.5405,3.0069,4.6129,3.55,3.8844,3.0479,0.7794,1.0338,4.7641,2.5398,1.4248,3.0492,1.985,1.8631,2.3021,3.687,3.6562,1.8449,1.9095,2.0815,3.7787,3.3434,3.1846,3.5148,2.621,1.7299,2.5595,2.7402,2.2622,0.9902,5.0298,5.5919,2.5179,2.9216,2.3279,2.6162,3.4633,3.8272,4.2938,4.1018,4.0715,4.4345,4.6581,5.1366,5.1917,5.9132,5.7662,5.9689,5.7621,6.1338,6.492,6.5203,6.4709,6.7649,6.4306,5.2824,5.3434,6.5428,4.5822,2.1794,2.2648
HB408,7.6632,7.3124,7.4336,7.6137,6.5364,7.6414,7.8195,5.0832,5.1251,5.0848,4.9563,4.4663,4.9301,4.3594,4.4466,4.1953,7.0818,4.5124,4.607,4.3244,4.0119,4.4664,4.1273,4.8224,4.268,3.8003,5.7526,3.9092,3.5769,5.3256,7.1534,4.047,4.0354,3.42,4.6224,4.1298,3.8656,3.9159,5.2379,7.7151,4.7932,3.4889,3.5527,4.3445,3.3856,3.611,3.6197,4.473,4.3424,3.8682,3.3368,3.6746,5.7312,3.3763,4.1582,4.3146,3.6641,3.0066,3.1528,4.6172,3.1094,3.0644,4.2419,3.6023,2.903,3.439,3.1476,3.1391,2.9606,2.8847,3.2867,5.0279,4.3169,2.9683,3.1956,3.273,4.6429,4.6929,5.5796,5.5734,5.5972,4.1741,3.604,3.633,4.0705,6.2369,4.3943,3.8759,6.1455,5.4867,3.7972,5.3551,4.1492,4.0192,6.355,5.7298,6.7202,6.013,6.6397,4.2707,5.7538,5.6781,4.5033,4.0237,5.6342,4.9833,5.4619,6.9648,5.1592,5.8913,5.2031,5.6546,6.7,8.0454,14.1914,14.9716,1.1627,1.3125,1.0457,1.2257,1.9019,2.0421,2.0331,0.6449,0.7851,0.9298,0.732,0.8626,0.3686,0.3517,0.4858,0.0,0.6855,0.2994,1.1786,1.649,1.1609,1.6002,1.7406,0.891,1.334,1.3371,0.8161,1.2177,1.4576,1.2734,1.075,3.0589,2.5676,2.2203,1.6023,1.4756,2.9154,2.5144,1.5713,1.6601,2.6398,0.9112,1.9717,0.8081,1.744,2.1671,0.945,2.5196,3.1578,4.2796,3.4695,3.5194,2.7257,0.4102,0.8972,4.5037,2.0843,1.6807,3.174,1.964,1.7619,2.2222,3.4046,3.4897,1.3663,1.7732,2.1297,3.573,2.9938,2.8202,3.2042,2.6895,1.929,2.4824,2.8783,1.8608,0.7259,4.7726,5.324,2.1437,2.8894,2.3792,2.8032,3.3432,3.6798,4.0914,3.8755,3.7967,4.1402,4.4362,4.8093,4.9837,5.6184,5.4464,5.7507,5.5734,5.8815,6.194,6.2725,6.2477,6.5641,6.2684,4.9969,5.0874,6.2761,4.2136,2.3435,2.4216
HB409,7.0423,6.6852,6.7971,6.9707,5.9144,6.9687,7.1391,4.4821,4.4906,4.4555,4.3229,3.873,4.2821,3.7364,3.8067,3.5928,6.3994,3.848,3.9514,3.6732,3.3823,3.7962,3.4717,4.1422,3.5951,3.1569,5.0672,3.2498,2.9381,4.6402,6.4801,3.3668,3.3581,2.7667,3.9371,3.4449,3.1838,3.232,4.5601,7.0603,4.1121,2.807,2.8735,3.6616,2.7025,2.9263,2.9345,3.7939,3.6661,3.1873,2.6514,2.9904,5.0743,2.6925,3.4895,3.6441,2.9881,2.3236,2.4764,3.9862,2.4611,2.4368,3.6499,3.0135,2.3341,2.8923,2.5789,2.5809,2.4515,2.3628,2.7829,4.5059,3.7989,2.5436,2.7341,2.8317,4.1819,4.2385,5.1011,5.1173,5.1436,3.753,3.2159,3.2829,3.6875,5.7817,3.9964,3.5551,5.7062,5.0724,3.4994,4.9704,3.8328,3.7171,5.9474,5.333,6.2984,5.6214,6.2338,4.0141,5.4063,5.3258,4.2563,3.8069,5.3216,4.6864,5.1642,6.586,4.882,5.6107,5.0011,5.4458,6.4996,7.7721,14.0565,14.9558,0.4847,0.6699,0.3994,0.5702,1.7652,1.9743,2.0511,0.5392,0.7815,0.911,1.0169,1.187,0.5018,0.3382,0.2835,0.6855,0.0,0.7621,1.2244,1.5713,1.3915,1.6671,1.8846,0.6511,0.9706,1.1424,0.2928,0.5772,1.6207,0.7944,0.4111,2.5955,2.295,1.8239,1.0123,1.3089,2.61,2.1381,2.0234,1.9693,2.847,1.4129,1.9385,1.4749,1.5852,1.9811,1.2757,2.3369,2.7424,4.5693,3.3641,3.87,3.0063,1.0361,1.3168,4.669,2.6298,1.1468,2.7912,1.7895,1.7089,2.1284,3.612,3.5122,2.0467,1.7725,1.8558,3.6554,3.3201,3.1747,3.4607,2.3824,1.4608,2.3808,2.4799,2.2956,0.9798,4.9316,5.4987,2.5236,2.7191,2.098,2.345,3.2967,3.672,4.1658,3.9888,3.9892,4.3634,4.5397,5.0865,5.0633,5.8371,5.7085,5.844,5.6212,6.0291,6.4169,6.412,6.3479,6.6283,6.2741,5.2018,5.2433,6.4465,4.5674,1.9154,2.0022
HB410,7.8034,7.447,7.5592,7.7325,6.6756,7.7171,7.8753,5.2384,5.2527,5.2173,5.085,4.6265,5.0436,4.4972,4.5689,4.349,7.0767,4.6045,4.7114,4.4342,4.1439,4.5488,4.2319,4.881,4.3454,3.919,5.7716,4.0089,3.7002,5.3519,7.1216,4.1069,4.1033,3.5278,4.641,4.1667,3.9205,3.9607,5.2203,7.651,4.7868,3.544,3.6165,4.3464,3.436,3.6519,3.6406,4.461,4.3234,3.8637,3.3695,3.6854,5.6734,3.386,4.1238,4.2831,3.6469,3.015,3.1396,4.5322,3.0518,2.9855,4.1249,3.4868,2.7802,3.297,3.022,3.0069,2.8024,2.7341,3.1224,4.8631,4.1531,2.7714,3.012,3.0799,4.45,4.4969,5.3912,5.3751,5.3978,3.9669,3.3878,3.4037,3.8498,6.0367,4.1772,3.6362,5.9389,5.272,3.5514,5.1301,3.9069,3.7734,6.1357,5.508,6.5054,5.7888,6.4192,4.0122,5.5158,5.4416,4.2419,3.7572,5.3863,4.7328,5.2104,6.7344,4.9032,5.6346,4.9305,5.3826,6.425,7.7841,13.9034,14.6736,1.1881,1.2877,1.0432,1.2181,1.635,1.7605,1.7403,0.4835,0.5437,0.6745,0.4327,0.5661,0.6252,0.4974,0.49,0.2994,0.7621,0.0,0.8943,1.375,0.8616,1.3059,1.4413,0.7181,1.158,1.1027,0.7818,1.1968,1.1584,1.152,1.0864,3.2792,2.8362,2.4574,1.7569,1.7524,3.179,2.7591,1.8236,1.9447,2.9317,1.1647,2.2673,0.9327,2.0252,2.4477,1.2369,2.8026,3.3943,4.5549,3.7633,3.7839,3.0076,0.3046,0.6216,4.7963,2.287,1.8638,3.42,2.2449,2.055,2.5141,3.6944,3.7891,1.4271,2.07,2.3952,3.8716,3.266,3.087,3.4881,2.9517,2.1407,2.7744,3.1187,2.1141,1.0253,5.0655,5.6148,2.4093,3.1754,2.645,3.0243,3.6407,3.9789,4.39,4.1725,4.0874,4.4266,4.7333,5.0859,5.2817,5.9034,5.7248,6.0477,5.8723,6.1745,6.4779,6.566,6.5441,6.8623,6.5679,5.2845,5.3803,6.5666,4.475,2.572,2.6534
HB501,7.9744,7.6027,7.6852,7.8352,6.8537,7.6852,7.7812,5.4877,5.414,5.3946,5.2528,4.9036,5.1646,4.7062,4.7276,4.6115,6.8098,4.669,4.8113,4.5576,4.3439,4.5853,4.3449,4.837,4.3721,4.0843,5.5919,4.1132,3.887,5.2013,6.7777,4.0877,4.108,3.6741,4.483,4.0761,3.8925,3.9006,4.9428,7.2121,4.5513,3.5308,3.6268,4.1465,3.4137,3.5917,3.5209,4.2167,4.062,3.6599,3.2974,3.5341,5.2728,3.2444,3.8233,3.9863,3.4137,2.8891,2.9419,4.0745,2.726,2.5995,3.5862,2.9704,2.2734,2.7108,2.4945,2.4606,2.1886,2.1464,2.4783,4.1835,3.4858,2.0473,2.3172,2.3572,3.7051,3.7441,4.6491,4.6103,4.6302,3.1929,2.5998,2.5851,3.0459,5.2637,3.3788,2.794,5.1525,4.4714,2.6979,4.309,3.0581,2.9189,5.3224,4.6918,5.7002,4.9668,5.6028,3.1365,4.6689,4.5979,3.3617,2.8718,4.5235,3.8671,4.3423,5.8985,4.0292,4.7587,4.039,4.4913,5.532,6.9015,13.0128,13.8133,1.3712,1.3039,1.2075,1.3047,0.7605,0.8663,0.8639,0.6936,0.4526,0.3134,0.5043,0.5027,1.4121,1.191,1.0011,1.1786,1.2244,0.8943,0.0,0.4906,0.3491,0.4477,0.6632,0.6121,0.7242,0.4325,1.0031,1.2541,0.4205,0.921,1.269,3.7835,3.517,3.0432,2.1592,2.4933,3.8344,3.3587,2.7107,2.8371,3.8178,2.0553,3.0765,1.7393,2.7731,3.1834,2.1235,3.5415,3.9495,5.449,4.5486,4.6745,3.9012,1.0617,0.6759,5.6809,3.1277,2.3308,4.0072,2.986,2.8532,3.2986,4.5831,4.6314,2.1057,2.8896,3.0761,4.7341,4.1596,3.979,4.3811,3.6068,2.6661,3.5571,3.694,3.0008,1.8892,5.9495,6.5022,3.3013,3.9227,3.3202,3.5391,4.4541,4.8102,5.2519,5.0445,4.9749,5.3184,5.6044,5.9801,6.1475,6.7961,6.619,6.9187,6.7294,7.0581,7.3711,7.4484,7.4176,7.7261,7.4107,6.1754,6.2643,7.4543,5.3635,3.1266,3.2148
HB502,7.9884,7.6105,7.676,7.8125,6.8787,7.5898,7.6515,5.564,5.4429,5.4324,5.2872,5.0021,5.1744,4.7704,4.7641,4.7062,6.5928,4.6549,4.8143,4.5775,4.4092,4.557,4.3626,4.7606,4.3421,4.1356,5.4319,4.1307,3.9541,5.0615,6.5199,4.0377,4.071,3.7243,4.349,3.9869,3.842,3.832,4.7362,6.9025,4.3731,3.4975,3.6039,3.9948,3.3785,3.5306,3.4284,4.039,3.8774,3.5163,3.238,3.4233,4.9954,3.1475,3.621,3.7831,3.2594,2.8137,2.8231,3.7791,2.5401,2.3821,3.2523,2.6615,1.994,2.366,2.1928,2.1483,1.8423,1.8192,2.1036,3.7669,3.0814,1.6326,1.9147,1.9367,3.259,3.2939,4.2003,4.1516,4.1703,2.7356,2.1395,2.1104,2.5756,4.8003,2.9096,2.3096,4.684,3.9986,2.2103,3.8292,2.5713,2.4309,4.844,4.2132,5.2241,4.486,5.1231,2.646,4.1815,4.1112,2.8719,2.3835,4.0334,3.3768,3.8518,5.4132,3.5387,4.2683,3.5558,4.0078,5.0515,6.4126,12.5521,13.3937,1.5844,1.4468,1.4402,1.483,0.2725,0.4062,0.5077,1.0899,0.8771,0.7265,0.9948,0.9764,1.8457,1.6116,1.398,1.649,1.5713,1.375,0.4906,0.0,0.7341,0.3431,0.5906,0.9203,0.762,0.4536,1.304,1.4272,0.559,1.02,1.4987,4.0215,3.8523,3.3381,2.3984,2.8762,4.1518,3.6541,3.1969,3.3087,4.2791,2.5394,3.4868,2.229,3.1543,3.5523,2.5898,3.9078,4.2118,5.9276,4.9342,5.1588,4.3746,1.5523,1.1286,6.1385,3.6178,2.5915,4.2857,3.3605,3.2596,3.6928,5.0467,5.0541,2.5775,3.3075,3.4182,5.1719,4.6399,4.4619,4.8524,3.9271,2.9417,3.9479,3.9708,3.4872,2.3422,6.4061,6.9627,3.7843,4.29,3.6554,3.7871,4.8579,5.2247,5.6882,5.4899,5.4367,5.7864,6.0481,6.4578,6.5857,7.2654,7.0953,7.3609,7.1593,7.5133,7.8417,7.9021,7.8618,8.1608,7.8283,6.6414,6.7205,7.9148,5.8493,3.4038,3.4936
HB503,8.2759,7.9068,7.9948,8.149,7.1525,8.018,8.1205,5.7689,5.7137,5.6911,5.5509,5.1767,5.4714,4.9943,5.0261,4.8872,7.1585,4.9843,5.121,4.8624,4.6328,4.9048,4.6509,5.168,4.6925,4.3794,5.9365,4.42,4.1768,5.5435,7.1265,4.4138,4.4309,3.9712,4.8249,4.411,4.2193,4.2315,5.2913,7.5564,4.8981,3.8543,3.9473,4.4909,3.738,3.9217,3.8575,4.5637,4.4096,4.0039,3.6278,3.8737,5.6203,3.5823,4.1718,4.3349,3.7591,3.224,3.2838,4.4197,3.0744,2.9486,3.9247,3.3128,2.6188,3.0456,2.8374,2.8017,2.5218,2.4839,2.8038,4.4921,3.8005,2.3545,2.6311,2.6619,3.9926,4.0279,4.9343,4.8853,4.9038,3.4696,2.8733,2.8394,3.3065,5.5328,3.6407,3.0268,5.4146,4.7272,2.92,4.5512,3.2825,3.1381,5.5672,4.9364,5.9495,5.2062,5.8446,3.3243,4.8875,4.8197,3.5398,3.0406,4.7243,4.0668,4.5366,6.1243,4.2155,4.9392,4.1805,4.6323,5.6603,7.0643,13.0856,13.8198,1.6263,1.594,1.4587,1.5796,1.0005,1.0261,0.9337,0.8569,0.6272,0.5467,0.431,0.3119,1.462,1.2735,1.1298,1.1609,1.3915,0.8616,0.3491,0.7341,0.0,0.5094,0.5845,0.8658,1.0642,0.7816,1.2225,1.5332,0.3063,1.2403,1.5191,3.9853,3.6442,3.2099,2.3783,2.5833,3.9752,3.5218,2.5964,2.7755,3.7735,1.96,3.1244,1.566,2.8608,3.2801,2.0855,3.6376,4.1333,5.3529,4.6166,4.5591,3.8267,0.9272,0.4091,5.637,2.9488,2.5325,4.1785,3.0787,2.9089,3.3651,4.5298,4.6505,1.8582,2.9289,3.2011,4.7295,4.0619,3.872,4.3098,3.7468,2.8522,3.6254,3.8688,2.8826,1.8865,5.9068,6.4501,3.198,4.0148,3.4493,3.7358,4.5001,4.8403,5.2477,5.0258,4.9243,5.2523,5.5867,5.8857,6.1375,6.7233,6.5276,6.9003,6.731,7.0157,7.294,7.4084,7.3949,7.7183,7.4289,6.1118,6.2214,7.4005,5.2391,3.306,3.3923
HB505,8.2832,7.9073,7.9785,8.1194,7.169,7.9157,7.9842,5.8331,5.7307,5.7168,5.5728,5.2608,5.4689,5.0436,5.0483,4.9662,6.9353,4.9568,5.1107,4.8676,4.6815,4.8632,4.6532,5.0805,4.6486,4.4131,5.7686,4.4211,4.2249,5.3949,6.8628,4.3497,4.3792,4.0015,4.6809,4.309,4.1538,4.1488,5.0776,7.241,4.7117,3.8036,3.907,4.3294,3.6849,3.8448,3.7505,4.3773,4.2165,3.849,3.5511,3.7495,5.3377,3.4701,3.9617,4.1239,3.5937,3.1301,3.1499,4.1204,2.8778,2.723,3.5887,3.0022,2.337,2.7019,2.5348,2.4893,2.1793,2.1592,2.4327,4.0725,3.3953,1.9482,2.2342,2.2466,3.5432,3.5741,4.4794,4.4197,4.4367,3.0099,2.4136,2.3624,2.8324,5.0607,3.1665,2.535,4.9369,4.2456,2.4232,4.0613,2.7858,2.6395,5.0775,4.4472,5.4621,4.7139,5.353,2.8168,4.3864,4.3199,3.031,2.5313,4.2184,3.561,4.0295,5.625,3.7073,4.4303,3.6729,4.1248,5.1555,6.5551,12.6015,13.3757,1.7713,1.6696,1.6139,1.688,0.5536,0.5218,0.4358,1.1405,0.9003,0.7586,0.8819,0.8075,1.8542,1.637,1.4487,1.6002,1.6671,1.3059,0.4477,0.3431,0.5094,0.0,0.2677,1.0358,1.0123,0.6795,1.4321,1.6342,0.2455,1.2543,1.6749,4.203,3.9616,3.4792,2.5753,2.941,4.2762,3.7952,3.0911,3.2476,4.2375,2.4459,3.5214,2.0731,3.2207,3.631,2.5428,3.989,4.3773,5.8434,4.9959,5.0561,4.3067,1.4212,0.9175,6.1021,3.4577,2.7551,4.4399,3.4337,3.2988,3.7456,4.9995,5.0721,2.3604,3.3329,3.5213,5.1688,4.5523,4.3657,4.7887,4.0489,3.096,4.0042,4.1259,3.3791,2.3204,6.3713,6.9202,3.6896,4.3703,3.7647,3.9617,4.8994,5.2532,5.687,5.475,5.3928,5.7292,6.0354,6.3757,6.5812,7.2041,7.0166,7.35,7.1666,7.4804,7.777,7.8718,7.8475,8.1609,7.8521,6.5878,6.6861,7.8718,5.7392,3.5578,3.6467
HB506,8.551,8.175,8.2461,8.3865,7.4366,8.1778,8.2419,6.0986,5.9982,5.9842,5.8402,5.5246,5.7366,5.3099,5.3156,5.2304,7.1762,5.2243,5.3784,5.1353,4.9477,5.1304,4.9209,5.3449,4.9157,4.68,6.0223,4.6888,4.4909,5.652,7.0923,4.616,4.6461,4.2683,4.9392,4.5726,4.4201,4.414,5.3226,7.4513,4.9628,4.0707,4.1744,4.5854,3.952,4.1106,4.014,4.6289,4.4669,4.1067,3.8171,4.0113,5.5625,3.7333,4.209,4.3707,3.85,3.3953,3.4113,4.3414,3.1303,2.97,3.7964,3.2227,2.5708,2.9099,2.7604,2.7117,2.3916,2.3791,2.6289,4.2291,3.5651,2.1275,2.4168,2.4165,3.6755,3.7017,4.603,4.5311,4.5464,3.1339,2.5416,2.4685,2.9391,5.1622,3.2712,2.614,5.0307,4.3354,2.492,4.1369,2.8522,2.7022,5.1512,4.5234,5.5395,4.7831,5.4225,2.8443,4.435,4.3722,3.0464,2.5423,4.2494,3.5945,4.0549,5.6765,3.7263,4.44,3.6486,4.0982,5.1144,6.5426,12.5093,13.2355,2.0214,1.9293,1.861,1.9435,0.7469,0.6232,0.4257,1.3485,1.1051,0.9749,1.0086,0.8955,2.025,1.8207,1.6491,1.7406,1.8846,1.4413,0.6632,0.5906,0.5845,0.2677,0.0,1.2722,1.2788,0.9458,1.6656,1.8905,0.2832,1.5179,1.9224,4.4447,4.1723,3.7058,2.8186,3.1328,4.4934,4.021,3.1702,3.3592,4.3579,2.5405,3.6934,2.122,3.412,3.8271,2.6698,4.1854,4.6125,5.928,5.1792,5.1283,4.408,1.5067,0.955,6.2212,3.4887,2.993,4.6702,3.6277,3.4747,3.9271,5.1134,5.2291,2.346,3.5005,3.7303,5.3123,4.6378,4.4453,4.8914,4.2654,3.3293,4.187,4.3571,3.4543,2.4664,6.491,7.0335,3.7736,4.5651,3.9759,4.2011,5.0711,5.4164,5.8306,5.6099,5.5081,5.8342,6.1708,6.4609,6.7211,7.3035,7.1034,7.4846,7.3134,7.5998,7.8732,7.9926,7.9793,8.3019,8.0086,6.6938,6.8056,7.9836,5.8038,3.7897,3.878
HB601,7.4139,7.0462,7.138,7.2959,6.2896,7.1971,7.3212,4.9031,4.8515,4.8276,4.688,4.3119,4.6135,4.1289,4.1636,4.0219,6.4404,4.135,4.2657,4.0035,3.7675,4.0611,3.7931,4.3466,3.8506,3.5158,5.1702,3.563,3.3119,4.763,6.4569,3.583,3.5937,3.1087,4.0457,3.6031,3.3904,3.4124,4.5753,6.9589,4.1571,3.0199,3.1072,3.7301,2.9056,3.1015,3.0582,3.8262,3.681,3.2428,2.8101,3.0876,4.9885,2.7905,3.4656,3.627,3.0118,2.4236,2.5154,3.8307,2.3776,2.2934,3.41,2.7729,2.0652,2.5789,2.3059,2.2896,2.0859,2.0164,2.4078,4.1495,3.4389,2.0773,2.307,2.3823,3.7526,3.8022,4.6904,4.6825,4.7063,3.2836,2.7164,2.7533,3.1845,5.346,3.5063,3.0059,5.2547,4.5975,2.9356,4.4704,3.2815,3.1565,5.4671,4.8431,5.8307,5.1275,5.7522,3.4292,4.8788,4.8015,3.6674,3.203,4.7709,4.1252,4.6042,6.0825,4.31,5.0418,4.3942,4.8425,5.8944,7.2015,13.4332,14.309,0.7649,0.7343,0.5988,0.7139,1.1221,1.3239,1.4032,0.2465,0.2718,0.3203,0.639,0.7819,0.9767,0.7346,0.505,0.891,0.6511,0.7181,0.6121,0.9203,0.8658,1.0358,1.2722,0.0,0.4449,0.5021,0.3964,0.6685,1.0302,0.4555,0.66,3.1726,2.9394,2.4443,1.5473,1.9571,3.2467,2.7605,2.4518,2.4881,3.4229,1.7959,2.5756,1.6475,2.2347,2.6322,1.7665,2.9879,3.3423,5.114,4.0143,4.3779,3.5496,1.0076,0.9654,5.2684,2.9738,1.7212,3.4041,2.4403,2.347,2.775,4.1919,4.1472,2.1401,2.4014,2.5025,4.2772,3.8405,3.6776,4.0182,3.0203,2.0604,3.0291,3.0901,2.739,1.4922,5.5338,6.0964,3.0067,3.3701,2.7423,2.9291,3.9419,4.3127,4.7912,4.6032,4.5765,4.9393,5.1583,5.6388,5.6892,6.4181,6.2694,6.4677,6.2551,6.637,6.9968,7.023,6.9703,7.2598,6.9161,5.7873,5.8472,7.0471,5.075,2.5221,2.6109
HB602,7.277,6.9026,6.9788,7.1246,6.1604,6.9615,7.0574,4.821,4.7214,4.7062,4.5626,4.2512,4.4635,4.0313,4.0378,3.9561,6.1065,3.9588,4.1071,3.8599,3.6692,3.8709,3.6459,4.1141,3.657,3.4012,4.8729,3.4138,3.2126,4.4793,6.0949,3.3679,3.3909,2.9896,3.7607,3.352,3.1724,3.1779,4.2385,6.5664,3.838,2.8137,2.9125,3.4274,2.6959,2.8697,2.7967,3.5041,3.352,2.9401,2.5752,2.8103,4.6072,2.5202,3.1208,3.2836,2.6967,2.1651,2.2196,3.4304,2.0235,1.9148,2.9872,2.3538,1.6452,2.1437,1.8819,1.8611,1.6446,1.5783,1.9645,3.7058,2.9955,1.6357,1.8623,1.9392,3.309,3.3591,4.246,4.2398,4.2638,2.8447,2.2837,2.3318,2.7537,4.9036,3.0723,2.5947,4.8143,4.161,2.5335,4.0402,2.8719,2.7525,5.0323,4.4103,5.3933,4.696,5.3178,3.0439,4.4588,4.3801,3.2859,2.8375,4.3621,3.7224,4.2008,5.6543,3.9147,4.6446,4.0318,4.4758,5.5296,6.806,13.0918,14.0255,0.8474,0.6872,0.7243,0.7328,0.8676,1.1151,1.2678,0.6912,0.6483,0.5909,0.995,1.099,1.3834,1.1441,0.9133,1.334,0.9706,1.158,0.7242,0.762,1.0642,1.0123,1.2788,0.4449,0.0,0.333,0.6778,0.6767,1.109,0.2602,0.7765,3.2704,3.1614,2.6188,1.657,2.2581,3.4433,2.9327,2.8862,2.9,3.8101,2.2338,2.9017,2.0899,2.5275,2.902,2.1832,3.25,3.4693,5.5196,4.2929,4.7972,3.9542,1.4384,1.2923,5.639,3.4179,1.8587,3.5509,2.7205,2.6717,3.0766,4.5771,4.4743,2.5698,2.7408,2.7386,4.6243,4.2548,4.0976,4.4165,3.2223,2.2137,3.323,3.2365,3.1715,1.8996,5.9019,6.4687,3.4311,3.6298,2.9663,3.0402,4.245,4.6275,5.1333,4.9591,4.9567,5.3275,5.5091,6.041,6.0301,6.8035,6.6673,6.8116,6.5826,6.9996,7.383,7.3823,7.3158,7.5913,7.2249,6.1692,6.2138,7.4168,5.4951,2.6728,2.7629
HB603,7.6086,7.2338,7.3086,7.4528,6.4927,7.2765,7.3632,5.1536,5.0538,5.039,4.8953,4.5824,4.7948,4.3642,4.3705,4.2876,6.3781,4.2877,4.4379,4.1919,4.0021,4.1979,3.9778,4.4322,3.9837,3.7342,5.1667,3.7456,3.5454,4.7798,6.3455,3.6911,3.7164,3.3226,4.0622,3.6663,3.4954,3.4971,4.5115,6.7854,4.1227,3.1395,3.24,3.7217,3.0213,3.1902,3.1092,3.788,3.6324,3.2361,2.8958,3.1174,4.8422,2.8309,3.3919,3.5549,2.9876,2.481,2.522,3.647,2.2951,2.167,3.1689,2.5476,1.8467,2.3005,2.0716,2.0407,1.7826,1.7332,2.0838,3.8086,3.1042,1.6868,1.9428,1.9976,3.3625,3.4065,4.3062,4.2818,4.3036,2.8692,2.2865,2.3015,2.7473,4.9413,3.0754,2.5393,4.84,4.1703,2.4603,4.0275,2.8121,2.6822,5.0332,4.4053,5.4036,4.6862,5.3166,2.941,4.4179,4.3428,3.1769,2.7069,4.2974,3.6474,4.1262,5.6331,3.8264,4.5586,3.8962,4.3453,5.3962,6.7158,12.9312,13.8134,1.1311,1.0016,0.9869,1.0321,0.6228,0.8407,0.96,0.7147,0.5594,0.4359,0.8251,0.8865,1.4717,1.2307,1.0043,1.3371,1.1424,1.1027,0.4325,0.4536,0.7816,0.6795,0.9458,0.5021,0.333,0.0,0.8638,0.9766,0.7844,0.5787,1.0452,3.5689,3.4068,2.8863,1.945,2.4513,3.7024,3.2021,2.9083,2.973,3.9193,2.2477,3.0758,2.021,2.7272,3.1183,2.25,3.4719,3.7582,5.5999,4.5049,4.8524,4.0376,1.3432,1.0753,5.7682,3.3895,2.138,3.8324,2.9295,2.8468,3.2707,4.6884,4.6482,2.4492,2.903,2.9752,4.7794,4.3207,4.1524,4.5094,3.4783,2.4886,3.5231,3.5175,3.1978,1.9837,6.0341,6.5958,3.4777,3.8538,3.2102,3.3338,4.4388,4.812,5.2933,5.105,5.0743,5.4343,5.6604,6.1266,6.1913,6.9136,6.7595,6.9698,6.7565,7.138,7.492,7.5243,7.4724,7.7616,7.415,6.2842,6.3477,7.5469,5.548,2.9506,3.0404
HB608,7.1003,6.7371,6.8383,7.0037,5.9734,6.9526,7.101,4.5656,4.54,4.511,4.3743,3.9662,4.3151,3.8021,3.8526,3.6796,6.2971,3.8565,3.9745,3.7041,3.443,3.7932,3.4973,4.11,3.5866,3.202,4.9899,3.2702,2.9909,4.5709,6.3511,3.3379,3.3388,2.8009,3.8594,3.3883,3.1494,3.1851,4.4436,6.901,4.007,2.7738,2.8511,3.5652,2.6639,2.8754,2.8595,3.6823,3.5467,3.0831,2.591,2.9036,4.9182,2.6042,3.3534,3.5114,2.8692,2.2333,2.3604,3.8013,2.2952,2.2484,3.4349,2.7957,2.1032,2.6516,2.3485,2.345,2.1943,2.1101,2.5249,4.2573,3.5479,2.2644,2.4635,2.5566,3.9139,3.9689,4.8387,4.849,4.8748,3.4756,2.9321,2.9947,3.4037,5.5137,3.7152,3.2648,5.4345,4.7951,3.2078,4.6882,3.5424,3.4258,5.6696,5.0529,6.0234,5.3407,5.9558,3.7214,5.1197,5.0396,3.9636,3.5144,5.0317,4.3953,4.8733,6.3038,4.5901,5.3191,4.7086,5.1532,6.2069,7.4806,13.7654,14.6745,0.4273,0.5077,0.2672,0.437,1.4846,1.7024,1.7955,0.3853,0.5954,0.6972,0.9065,1.072,0.7446,0.5254,0.3303,0.8161,0.2928,0.7818,1.0031,1.304,1.2225,1.4321,1.6656,0.3964,0.6778,0.8638,0.0,0.4155,1.4164,0.5126,0.3188,2.781,2.5486,2.048,1.1602,1.5926,2.8524,2.3642,2.2743,2.2464,3.137,1.6432,2.2285,1.624,1.8665,2.2546,1.5413,2.6081,2.9471,4.855,3.6421,4.1475,3.2908,1.0838,1.231,4.9615,2.8555,1.3277,3.0079,2.0666,1.9986,2.4126,3.9028,3.802,2.172,2.0644,2.1141,3.9476,3.6,3.4503,3.7482,2.6265,1.6645,2.663,2.694,2.5525,1.2491,5.2243,5.7913,2.7927,2.99,2.3517,2.536,3.5816,3.9595,4.4576,4.2815,4.2809,4.6539,4.8321,5.3737,5.3548,6.1285,5.9973,6.1359,5.9109,6.3219,6.7081,6.7047,6.6398,6.9186,6.5603,5.4935,5.536,6.7392,4.8454,2.126,2.2147
HB609,6.7456,6.3783,6.4715,6.6313,5.6211,6.5542,6.6945,4.2377,4.1831,4.159,4.0195,3.6502,3.9469,3.4611,3.4952,3.3588,5.8817,3.4739,3.6006,3.3365,3.0996,3.4044,3.1267,3.7075,3.1956,2.8473,4.5756,2.8973,2.6437,4.1579,5.939,2.938,2.9431,2.4403,3.4455,2.9789,2.7477,2.7789,4.0291,6.4987,3.5916,2.3736,2.4554,3.1497,2.2618,2.4684,2.4465,3.2673,3.1324,2.6677,2.1818,2.489,4.5141,2.1896,2.9421,3.0993,2.4546,1.8187,1.9453,3.4127,1.894,1.8615,3.0732,2.4374,1.7636,2.3266,2.0076,2.0126,1.9046,1.8106,2.2355,3.944,3.2402,2.0448,2.2096,2.3177,3.6461,3.7057,4.5545,4.5803,4.6078,3.2407,2.729,2.8197,3.198,5.2433,3.4953,3.1072,5.1753,4.5561,3.0682,4.4705,3.3841,3.2796,5.4314,4.8248,5.7744,5.1148,5.7178,3.6036,4.9254,4.8425,3.8493,3.428,4.862,4.2415,4.715,6.0829,4.4482,5.1694,4.6171,5.0533,6.1056,7.3259,13.6865,14.6686,0.1868,0.095,0.178,0.0561,1.5437,1.7916,1.9349,0.769,0.9291,0.9865,1.2787,1.4353,1.0789,0.8964,0.7363,1.2177,0.5772,1.1968,1.2541,1.4272,1.5332,1.6342,1.8905,0.6685,0.6767,0.9766,0.4155,0.0,1.6737,0.4186,0.1772,2.5955,2.5073,1.9496,0.9807,1.6804,2.7776,2.2617,2.5935,2.5106,3.3368,1.9899,2.3396,2.0245,1.934,2.2811,1.838,2.6195,2.7926,5.0763,3.6681,4.4036,3.5226,1.4992,1.6083,5.1178,3.2068,1.1851,2.8749,2.111,2.1124,2.483,4.0914,3.8963,2.5811,2.2002,2.0954,4.0715,3.8493,3.7142,3.9626,2.5593,1.5412,2.7187,2.5607,2.8612,1.5411,5.3751,5.9467,3.0756,2.9948,2.3144,2.3639,3.6422,4.0345,4.5705,4.4172,4.4576,4.8428,4.9566,5.5855,5.4617,6.3055,6.198,6.2448,5.9959,6.4595,6.8848,6.8359,6.7497,7.0069,6.6173,5.6667,5.683,6.8873,5.0987,1.9984,2.0884
HB610,8.3815,8.0084,8.0869,8.2335,7.2627,8.0597,8.1415,5.9041,5.823,5.8052,5.6628,5.322,5.5695,5.1206,5.1375,5.0295,7.1238,5.0676,5.2142,4.9641,4.7583,4.9799,4.7507,5.2165,4.7659,4.4963,5.9366,4.5187,4.3012,5.5552,7.0648,4.475,4.4995,4.0854,4.8387,4.4498,4.2794,4.2814,5.2616,7.4589,4.8855,3.9223,4.0215,4.4935,3.8044,3.9745,3.8922,4.5507,4.3921,4.0098,3.6801,3.8981,5.5449,3.6133,4.1431,4.3058,3.7579,3.265,3.3009,4.3318,3.0521,2.9073,3.8103,3.2156,2.5396,2.9245,2.7447,2.7022,2.4005,2.375,2.6623,4.3137,3.6336,2.1852,2.4697,2.486,3.788,3.8192,4.7247,4.6652,4.6823,3.2553,2.6589,2.6076,3.0777,5.306,3.4118,2.7778,5.1818,4.4901,2.6644,4.3042,3.0268,2.8798,5.3203,4.6903,5.7055,4.956,5.5953,3.0487,4.6246,4.5588,3.2593,2.7576,4.4521,3.7951,4.2616,5.8641,3.9372,4.6575,3.8865,4.3377,5.3619,6.7747,12.7795,13.5171,1.7915,1.7214,1.6274,1.7247,0.794,0.7623,0.637,1.0819,0.8392,0.7194,0.7257,0.6181,1.7434,1.542,1.3768,1.4576,1.6207,1.1584,0.4205,0.559,0.3063,0.2455,0.2832,1.0302,1.109,0.7844,1.4164,1.6737,0.0,1.3276,1.6888,4.197,3.9008,3.4444,2.5755,2.8546,4.2251,3.7588,2.9016,3.0811,4.0783,2.2663,3.4112,1.8648,3.1335,3.5499,2.3885,3.908,4.3577,5.6586,4.8983,4.8633,4.133,1.2333,0.6982,5.9422,3.2422,2.743,4.411,3.3499,3.193,3.6463,4.8354,4.946,2.1266,3.2179,3.4582,5.0297,4.3677,4.1772,4.6161,3.9969,3.074,3.9063,4.0989,3.1874,2.1834,6.212,6.7559,3.5037,4.2872,3.7047,3.951,4.7887,5.1333,5.548,5.3282,5.2299,5.5585,5.8891,6.1914,6.4389,7.0296,6.8334,7.2031,7.0306,7.3209,7.6003,7.7134,7.6982,8.0197,7.7255,6.4179,6.5266,7.7064,5.5421,3.5327,3.6203
HB611,7.0547,6.6824,6.7642,6.9145,5.9352,6.78,6.8912,4.5819,4.4955,4.4777,4.3352,4.0067,4.244,3.7953,3.8099,3.7125,5.988,3.7485,3.8903,3.6376,3.433,3.6662,3.4245,3.9293,3.4534,3.1691,4.7268,3.1928,2.976,4.324,6.0015,3.1736,3.191,2.7581,3.6057,3.1762,2.9792,2.9929,4.122,6.5064,3.7072,2.6142,2.7081,3.2841,2.4978,2.6827,2.626,3.3754,3.2287,2.7963,2.3892,2.6492,4.5342,2.3542,3.011,3.1726,2.5619,1.9911,2.0698,3.3818,1.9221,1.84,2.9765,2.3374,1.6334,2.1656,1.877,1.8665,1.6931,1.6136,2.022,3.7599,3.0494,1.7519,1.9524,2.0442,3.4033,3.4577,4.3308,4.3381,4.3637,2.963,2.4217,2.4898,2.8933,5.0029,3.2034,2.7653,4.9225,4.2825,2.7144,4.1769,3.0431,2.9304,5.157,4.5408,5.5108,4.8287,5.4433,3.238,4.6122,4.5315,3.4822,3.0464,4.5303,3.8984,4.3753,5.7925,4.0976,4.8244,4.2394,4.6799,5.7336,6.985,13.3059,14.2631,0.5947,0.4272,0.4875,0.4745,1.1254,1.3749,1.5267,0.6687,0.7184,0.7145,1.0866,1.2172,1.2548,1.027,0.8079,1.2734,0.7944,1.152,0.921,1.02,1.2403,1.2543,1.5179,0.4555,0.2602,0.5787,0.5126,0.4186,1.3276,0.0,0.5337,3.0103,2.9165,2.3661,1.3993,2.043,3.1927,2.679,2.7815,2.7588,3.6397,2.1423,2.6945,2.0646,2.3071,2.6713,2.0534,3.0157,3.2104,5.3637,4.0617,4.6599,3.8004,1.4505,1.4065,5.452,3.347,1.6032,3.2935,2.4942,2.465,2.8573,4.4032,4.2631,2.579,2.5415,2.4983,4.4235,4.1118,3.9628,4.2549,2.9731,1.9589,3.0997,2.9793,3.0616,1.7617,5.7128,6.2819,3.305,3.3938,2.7223,2.7806,4.0232,4.4101,4.9288,4.7631,4.7779,5.1549,5.3092,5.8807,5.8239,6.6267,6.502,6.6064,6.3689,6.8056,7.2064,7.1859,7.111,7.3788,7.0023,5.9902,6.0232,7.2274,5.3577,2.4168,2.5069
HB612,6.7839,6.42,6.5201,6.685,5.6574,6.6367,6.7894,4.2551,4.2229,4.1948,4.0576,3.6591,3.9966,3.488,3.5353,3.3708,6.0093,3.5378,3.6557,3.3857,3.1282,3.4752,3.1786,3.7963,3.2691,2.885,4.6903,2.9515,2.6751,4.268,6.0788,3.0232,3.0225,2.483,3.5594,3.0805,2.8357,2.8744,4.163,6.6513,3.7198,2.4595,2.535,3.2733,2.3507,2.5655,2.5575,3.3986,3.2674,2.7948,2.2836,2.6066,4.6655,2.3076,3.085,3.2407,2.5891,1.9369,2.0779,3.5752,2.0504,2.0265,3.245,2.6103,1.9396,2.5034,2.1833,2.189,2.0814,1.9877,2.4124,4.1211,3.4174,2.2149,2.384,2.4907,3.8223,3.8816,4.7315,4.7567,4.7841,3.4139,2.8976,2.9838,3.3675,5.4199,3.6669,3.2684,5.3512,4.7302,3.2257,4.6422,3.5457,3.4388,5.6056,4.9978,5.9496,5.2876,5.892,3.7571,5.094,5.0115,4.0023,3.5739,5.0266,4.4029,4.8775,6.2554,4.6074,5.3305,4.7654,5.2038,6.2569,7.4886,13.8339,14.7966,0.1092,0.2635,0.0614,0.1598,1.6397,1.8787,2.0037,0.702,0.8966,0.9789,1.223,1.3868,0.9106,0.7412,0.6062,1.075,0.4111,1.0864,1.269,1.4987,1.5191,1.6749,1.9224,0.66,0.7765,1.0452,0.3188,0.1772,1.6888,0.5337,0.0,2.5301,2.3854,1.8454,0.9026,1.5214,2.6677,2.1604,2.4187,2.3333,3.1637,1.8202,2.1782,1.8769,1.7803,2.1386,1.662,2.4821,2.7138,4.9018,3.5286,4.2267,3.3468,1.3833,1.5489,4.9513,3.0365,1.0928,2.7873,1.9634,1.95,2.3304,3.92,3.7406,2.4413,2.0343,1.965,3.91,3.6727,3.5371,3.7884,2.4462,1.4443,2.57,2.4724,2.6853,1.3651,5.2096,5.7807,2.8984,2.86,2.1906,2.2917,3.4938,3.8832,4.4115,4.2539,4.2879,4.6716,4.7956,5.4119,5.3044,6.1363,6.0257,6.0874,5.8436,6.2967,6.7158,6.6744,6.5922,6.8541,6.4718,5.4979,5.5183,6.7227,4.922,1.9058,1.9957
JC002,4.8623,4.5551,4.7302,4.9497,3.777,5.2993,5.633,2.2938,2.5512,2.4745,2.3938,1.6978,2.5083,1.8093,2.029,1.5266,5.5092,2.381,2.3312,2.0603,1.6049,2.4446,1.9728,2.9557,2.3538,1.6115,4.1068,1.8835,1.4363,3.6791,5.8369,2.3906,2.3001,1.5381,3.2106,2.6836,2.3323,2.4686,4.0516,6.6742,3.5924,2.1341,2.0718,3.1849,2.1368,2.3399,2.549,3.4169,3.3975,2.944,2.2954,2.6791,4.8662,2.5406,3.4278,3.5048,2.9526,2.4071,2.664,4.2667,3.0529,3.2226,4.3173,3.8661,3.5258,4.0135,3.6845,3.7389,3.8663,3.7553,4.1251,5.429,4.8552,4.2193,4.2463,4.3893,5.427,5.5025,6.1584,6.2696,6.304,5.2099,4.8643,5.0283,5.2783,6.8753,5.4978,5.34,6.873,6.3945,5.3493,6.408,5.5957,5.5305,7.2203,6.6955,7.4908,6.9783,7.4927,5.907,6.9298,6.8403,6.15,5.8071,6.9581,6.4174,6.8552,7.9223,6.6499,7.319,6.9444,7.3476,8.3707,9.3965,15.9353,17.0956,2.4386,2.5855,2.5905,2.5395,4.1328,4.3851,4.5288,3.1287,3.3649,3.4776,3.6073,3.7764,2.6909,2.7828,2.8681,3.0589,2.5955,3.2792,3.7835,4.0215,3.9853,4.203,4.4447,3.1726,3.2704,3.5689,2.781,2.5955,4.197,3.0103,2.5301,0.0,0.9548,0.8636,1.6279,1.7462,0.7824,0.6507,3.1843,2.7715,2.7907,3.0574,1.8227,3.5252,1.6005,1.3522,2.7007,1.2886,0.2905,4.2455,1.8946,3.955,3.1295,3.4685,3.8877,3.8368,3.8436,1.4543,0.4611,1.4614,1.8154,1.6145,3.2291,2.4712,4.0583,1.9376,1.1468,2.7864,3.4835,3.4949,3.3147,0.7956,1.1402,1.5824,0.3666,3.2656,2.6005,4.0237,4.5582,3.2079,1.3673,0.9944,0.2558,2.0852,2.455,3.1076,3.128,3.4297,3.8237,3.5003,4.6143,3.8329,5.0207,5.081,4.5532,4.1933,4.9164,5.5493,5.2277,5.0266,5.1537,4.6303,4.4239,4.2698,5.3743,4.503,0.7211,0.6531
JC003,5.7645,5.4713,5.6564,5.8815,4.6993,6.2539,6.5863,3.2282,3.5052,3.4274,3.3484,2.6453,3.4608,2.7627,2.9767,2.4814,6.41,3.3041,3.2707,2.9924,2.5421,3.3534,2.8857,3.8556,3.2409,2.5123,4.999,2.768,2.313,4.5627,6.7051,3.2276,3.1487,2.3569,4.0374,3.4917,3.1371,3.2629,4.8634,7.5082,4.3916,2.8746,2.8402,3.9569,2.8476,3.0789,3.2545,4.1774,4.1317,3.6446,2.9655,3.3765,5.637,3.1804,4.1127,4.2132,3.5987,2.959,3.2177,4.9029,3.5258,3.6515,4.8493,4.3209,3.8505,4.3925,4.0487,4.0897,4.1393,4.0291,4.4371,5.9228,5.2909,4.4175,4.5052,4.6382,5.8187,5.8897,6.6274,6.7104,6.7428,5.5229,5.0969,5.2283,5.5443,7.3452,5.8022,5.532,7.3193,6.7809,5.5147,6.754,5.8023,5.7151,7.6363,7.0729,7.9373,7.3619,7.917,6.0647,7.2524,7.1651,6.3113,5.9148,7.2378,6.6516,7.1118,8.325,6.8723,7.5744,7.0933,7.5198,8.5656,9.7041,16.1542,17.1756,2.3237,2.5326,2.4373,2.454,4.0188,4.2475,4.3426,2.8247,3.0678,3.2039,3.2272,3.3864,2.2114,2.3726,2.524,2.5676,2.295,2.8362,3.517,3.8523,3.6442,3.9616,4.1723,2.9394,3.1614,3.4068,2.5486,2.5073,3.9008,2.9165,2.3854,0.9548,0.0,0.6169,1.5741,1.0973,0.3607,0.4213,2.3262,1.8896,1.8372,2.3263,0.9181,2.8533,0.8528,0.4699,1.9761,0.3378,0.8299,3.3542,1.2326,3.0112,2.175,2.9563,3.4571,3.0444,2.9523,1.3551,0.7417,0.6474,0.9776,0.6739,2.317,1.6713,3.3312,1.0731,0.4431,1.9551,2.5305,2.5401,2.3771,0.1733,1.0144,0.6307,0.5919,2.3689,1.9609,3.2595,3.8192,2.2783,0.5573,0.1971,0.815,1.3153,1.7207,2.3544,2.3137,2.5562,2.9601,2.7588,3.7585,3.1737,4.2561,4.269,3.9383,3.628,4.2426,4.8095,4.586,4.4342,4.6295,4.1791,3.6345,3.5333,4.6957,3.5813,0.6732,0.6162
JC006,5.6883,5.369,5.531,5.7413,4.5868,6.0034,6.2953,3.0973,3.2861,3.2203,3.1204,2.4818,3.1872,2.5102,2.6867,2.2641,5.9854,2.9443,2.9479,2.6575,2.2323,2.969,2.5184,3.4503,2.8299,2.1398,4.5716,2.3661,1.9202,4.1289,6.2417,2.7675,2.7003,1.9092,3.5565,3.0046,2.6543,2.7705,4.3637,7.012,3.8872,2.3586,2.3409,3.4402,2.3171,2.5576,2.7137,3.652,3.5933,3.0962,2.4147,2.8303,5.1072,2.6148,3.5532,3.6624,3.03,2.3708,2.6269,4.3221,2.9181,3.0386,4.2455,3.7086,3.2336,3.7759,3.4319,3.4728,3.5246,3.4142,3.8209,5.3119,4.6758,3.8104,3.8921,4.0262,5.2018,5.2728,6.0135,6.0947,6.1271,4.9074,4.4872,4.6227,4.9321,6.731,5.1874,4.9281,6.7037,6.1639,4.9148,6.1378,5.1968,5.1126,7.0196,6.456,7.3215,6.745,7.3004,5.4671,6.6374,6.5499,5.7135,5.3263,6.6258,6.0438,6.5019,7.708,6.2662,6.965,6.4989,6.9218,7.9649,9.091,15.553,16.6021,1.7719,1.9643,1.9014,1.8945,3.4847,3.7235,3.8383,2.3631,2.6052,2.7309,2.812,2.9784,1.8519,1.9672,2.0805,2.2203,1.8239,2.4574,3.0432,3.3381,3.2099,3.4792,3.7058,2.4443,2.6188,2.8863,2.048,1.9496,3.4444,2.3661,1.8454,0.8636,0.6169,0.0,0.9843,0.8892,0.8307,0.3163,2.3738,1.9885,2.2211,2.1991,1.1152,2.6615,0.785,0.697,1.8435,0.8665,0.9377,3.8556,1.8494,3.4227,2.5357,2.6273,3.0747,3.6177,3.0529,0.7687,0.9688,0.7097,1.0375,1.0059,2.8063,2.2576,3.1967,1.1732,0.4115,2.5218,2.903,2.8721,2.8172,0.6216,0.4137,1.1068,0.6619,2.4881,1.7369,3.8426,4.4079,2.4804,1.1699,0.4655,0.6144,1.9175,2.3254,2.9479,2.884,3.0843,3.4916,3.3525,4.2891,3.7827,4.8341,4.8251,4.5509,4.2443,4.846,5.3943,5.1941,5.0481,5.2464,4.794,4.2053,4.1241,5.2971,4.0387,0.1612,0.2106
JC008,6.061,5.7104,5.8339,6.017,4.9342,6.0913,6.3043,3.4845,3.5258,3.4838,3.3566,2.8705,3.3406,2.7575,2.8512,2.5956,5.7301,2.9516,3.0283,2.7407,2.4118,2.9226,2.551,3.3242,2.7363,2.21,4.3453,2.3419,1.9835,3.904,5.8918,2.5599,2.529,1.8456,3.2399,2.7053,2.3965,2.4746,3.9635,6.5704,3.4912,2.0328,2.0691,3.0289,1.9486,2.1935,2.2706,3.2042,3.107,2.6004,1.9622,2.3592,4.6026,2.0859,2.9961,3.1316,2.462,1.7575,1.9817,3.6614,2.1565,2.2287,3.4781,2.8915,2.3386,2.9009,2.5563,2.5873,2.5951,2.487,2.9057,4.4882,3.8205,2.849,2.9514,3.0802,4.3113,4.3791,5.1628,5.2247,5.2556,3.9798,3.5319,3.6573,3.9854,5.8743,4.254,3.9596,5.8321,5.2621,3.9408,5.2165,4.231,4.1419,6.1282,5.5477,6.4459,5.8382,6.412,4.4907,5.7037,5.6173,4.7372,4.344,5.6764,5.0825,5.5457,6.8061,5.3013,6.0072,5.5199,5.9458,6.9917,8.1451,14.5803,15.6177,0.8141,0.9859,0.9628,0.9248,2.5244,2.7708,2.9048,1.5237,1.7522,1.857,2.0258,2.1959,1.2677,1.2708,1.2954,1.6023,1.0123,1.7569,2.1592,2.3984,2.3783,2.5753,2.8186,1.5473,1.657,1.945,1.1602,0.9807,2.5755,1.3993,0.9026,1.6279,1.5741,0.9843,0.0,1.0308,1.8149,1.2898,2.4096,2.1626,2.7623,1.9789,1.6435,2.2693,1.1978,1.4407,1.6847,1.7415,1.8138,4.4978,2.7823,3.9284,3.0165,2.0003,2.3291,4.403,3.0981,0.219,1.8942,1.3128,1.4463,1.7003,3.4632,3.0988,2.8527,1.5701,1.2028,3.3187,3.3748,3.285,3.3969,1.6041,0.5708,1.8992,1.5801,2.6188,1.4434,4.6468,5.2197,2.7357,2.0977,1.3906,1.3893,2.8008,3.2057,3.7897,3.6777,3.7952,4.1973,4.1889,4.9764,4.6599,5.6153,5.5566,5.4391,5.1583,5.6971,6.1883,6.0602,5.9417,6.1674,5.7411,4.9765,4.9439,6.139,4.599,1.0199,1.1098
JC009,6.5736,6.2507,6.4077,6.614,5.4678,6.8307,7.0964,3.9789,4.1425,4.0816,3.9747,3.3604,4.0199,3.3612,3.5172,3.1309,6.6624,3.7239,3.7546,3.4612,3.0602,3.7271,3.3012,4.1787,3.5653,2.9288,5.2584,3.1231,2.7005,4.8136,6.8625,3.4464,3.3966,2.6364,4.1846,3.6367,3.3044,3.4011,4.9444,7.5716,4.4679,2.9639,2.9767,4.0073,2.8957,3.1438,3.2513,4.1957,4.1088,3.6009,2.9411,3.35,5.6151,3.0898,4.0137,4.1444,3.4786,2.7767,3.0078,4.6922,3.1844,3.2466,4.4998,3.9019,3.3116,3.8815,3.5406,3.5642,3.5272,3.4241,3.8505,5.4873,4.8061,3.7166,3.8604,3.9776,5.2673,5.3316,6.1444,6.1927,6.2222,4.896,4.4032,4.4996,4.8696,6.8492,5.1589,4.7876,6.7963,6.2011,4.7469,6.132,5.0645,4.9594,7.0738,6.4779,7.4046,6.7686,7.3595,5.278,6.5977,6.5138,5.5229,5.0891,6.5411,5.9219,6.3953,7.7381,6.128,6.8499,6.2823,6.7226,7.7762,9.0061,15.3479,16.2647,1.4968,1.7362,1.559,1.6367,3.074,3.2809,3.3444,1.8029,2.0408,2.1853,2.158,2.3114,1.1282,1.3127,1.4928,1.4756,1.3089,1.7524,2.4933,2.8762,2.5833,2.941,3.1328,1.9571,2.2581,2.4513,1.5926,1.6804,2.8546,2.043,1.5214,1.7462,1.0973,0.8892,1.0308,0.0,1.4519,1.1215,1.5242,1.1911,1.737,1.3112,0.6605,1.7933,0.2797,0.6969,0.9549,1.0543,1.7732,3.4798,2.0588,2.8976,1.9856,1.8596,2.3702,3.4469,2.217,0.8848,1.7552,0.4955,0.4378,0.82,2.4571,2.2202,2.3133,0.5467,0.671,2.3914,2.3444,2.2595,2.3727,1.2308,0.8248,1.0721,1.4875,1.6798,0.8769,3.701,4.2737,1.7431,1.4326,0.9154,1.5019,1.989,2.3694,2.8904,2.7391,2.8058,3.2013,3.2763,3.9685,3.7831,4.6458,4.5623,4.566,4.3262,4.7803,5.2233,5.1557,5.0709,5.3359,4.9681,4.0058,4.0068,5.2104,3.5692,1.0455,1.098
JC013,5.4689,5.1859,5.3792,5.6094,4.4207,6.0301,6.3827,2.9675,3.2819,3.199,3.1312,2.4073,3.2661,2.5669,2.7978,2.2731,6.2916,3.1623,3.1065,2.8397,2.3832,3.227,2.7552,3.7379,3.1344,2.3931,4.8888,2.663,2.2126,4.4601,6.6163,3.1585,3.0714,2.2949,3.9771,3.442,3.0881,3.2208,4.8144,7.4461,4.3498,2.8601,2.8106,3.9303,2.8478,3.0665,3.2603,4.1581,4.1267,3.655,2.9863,3.3871,5.6146,3.2169,4.133,4.222,3.6351,3.0312,3.2916,4.9494,3.6342,3.7774,4.9413,4.4411,4.0145,4.5409,4.2004,4.2463,4.3222,4.2111,4.6087,6.0335,5.4223,4.6253,4.6946,4.8314,5.9678,6.0407,6.7495,6.8435,6.8768,5.6985,5.297,5.4389,5.7355,7.4683,5.9816,5.7461,7.4515,6.9342,5.7366,6.9216,6.0127,5.9319,7.7804,7.23,8.0704,7.5174,8.0584,6.2904,7.429,7.3407,6.5365,6.1543,7.4285,6.8557,7.3097,8.475,7.0805,7.7735,7.3238,7.7443,8.7848,9.889,16.3713,17.4325,2.598,2.7944,2.7222,2.7229,4.307,4.542,4.6477,3.145,3.3884,3.5209,3.5626,3.7239,2.5557,2.7078,2.8493,2.9154,2.61,3.179,3.8344,4.1518,3.9752,4.2762,4.4934,3.2467,3.4433,3.7024,2.8524,2.7776,4.2251,3.1927,2.6677,0.7824,0.3607,0.8307,1.8149,1.4519,0.0,0.5329,2.6667,2.2243,2.0649,2.686,1.2547,3.214,1.2128,0.8259,2.3365,0.5998,0.5703,3.4641,1.1478,3.1996,2.4084,3.3078,3.8006,3.0654,3.277,1.5994,0.4345,1.0079,1.3331,0.9885,2.4536,1.6937,3.6901,1.4219,0.7858,2.0056,2.7508,2.7829,2.5543,0.2284,1.2441,0.8739,0.4377,2.6936,2.3198,3.2605,3.8045,2.5797,0.5863,0.5371,0.7411,1.3107,1.6929,2.3444,2.3503,2.6474,3.0414,2.7425,3.8328,3.1081,4.2594,4.3068,3.8517,3.5151,4.1892,4.7972,4.5157,4.3379,4.5013,4.0176,3.6544,3.5163,4.6462,3.7291,0.8187,0.736
JC014,5.5129,5.2048,5.3778,5.5954,4.4259,5.9147,6.23,2.9404,3.175,3.1025,3.0135,2.3375,3.1064,2.4142,2.6137,2.1467,6.0068,2.9167,2.8962,2.6125,2.1691,2.9583,2.4944,3.4553,2.8379,2.1179,4.594,2.3661,1.9117,4.1558,6.2926,2.8133,2.7366,1.9431,3.6205,3.0734,2.7191,2.8438,4.4443,7.0901,3.9718,2.4535,2.4201,3.536,2.4264,2.6577,2.8336,3.7562,3.7105,3.2241,2.5456,2.956,5.2158,2.7628,3.6933,3.7927,3.1814,2.5495,2.809,4.4883,3.1309,3.2655,4.4485,3.9325,3.4885,4.0203,3.6784,3.7227,3.792,3.681,4.0811,5.5307,4.909,4.0924,4.1634,4.2997,5.4476,5.5199,6.2411,6.33,6.363,5.1703,4.7647,4.906,5.2043,6.9596,5.4526,5.2131,6.9386,6.4128,5.2038,6.3957,5.4799,5.399,7.2626,6.7074,7.5572,6.9954,7.5417,5.7578,6.9009,6.8128,6.0039,5.6235,6.8976,6.3232,6.7779,7.9551,6.5478,7.2416,6.7915,7.2116,8.2519,9.3594,15.8384,16.9048,2.0854,2.2738,2.2167,2.2064,3.7992,4.0388,4.1545,2.6771,2.9196,3.0462,3.1208,3.2863,2.147,2.2725,2.3921,2.5144,2.1381,2.7591,3.3587,3.6541,3.5218,3.7952,4.021,2.7605,2.9327,3.2021,2.3642,2.2617,3.7588,2.679,2.1604,0.6507,0.4213,0.3163,1.2898,1.1215,0.5329,0.0,2.5337,2.1219,2.2106,2.4264,1.1824,2.9139,0.9535,0.7156,2.0693,0.7428,0.6535,3.7693,1.6209,3.3999,2.5409,2.9185,3.3784,3.4645,3.194,1.0776,0.6609,0.8112,1.1649,1.0002,2.7281,2.09,3.4322,1.2884,0.4962,2.3762,2.9029,2.8956,2.7739,0.3526,0.7209,1.0246,0.3682,2.6173,1.993,3.6776,4.2353,2.5701,0.9662,0.3709,0.4442,1.7283,2.1306,2.7698,2.7344,2.9753,3.3799,3.1736,4.1784,3.5765,4.675,4.6902,4.3345,4.0126,4.6501,5.2264,4.9885,4.8269,5.0074,4.5372,4.0548,3.9488,5.1046,3.9858,0.2867,0.2092
JC018,8.0462,7.735,7.9021,8.1144,6.9542,8.3545,8.6193,5.4656,5.6566,5.5927,5.4899,4.8536,5.5422,4.8774,5.0396,4.6375,8.1363,5.2458,5.2787,4.9854,4.5826,5.245,4.8241,5.6866,5.078,4.4526,6.7438,4.6425,4.224,6.3003,8.2997,4.9407,4.8978,4.1522,5.6473,5.1081,4.7883,4.875,6.3699,8.9584,5.8993,4.4335,4.4593,5.4371,4.3543,4.6006,4.6793,5.6073,5.5031,4.9997,4.3715,4.7649,6.9787,4.4852,5.3708,5.5142,4.843,4.1412,4.3434,5.9567,4.4201,4.4262,5.6604,5.0279,4.3564,4.9157,4.6008,4.604,4.4684,4.3827,4.7991,6.5283,5.8202,4.5198,4.7327,4.8194,6.1838,6.2371,7.1122,7.118,7.143,5.7304,5.1679,5.2028,5.6363,7.7826,5.9575,5.4472,7.6981,7.0471,5.3679,6.9221,5.7204,5.5899,7.918,7.2948,8.2794,7.5793,8.2033,5.8354,7.3249,7.2489,6.0655,5.5802,7.2046,6.5528,7.031,8.5337,6.7259,7.4575,6.7495,7.2018,8.2406,9.6077,15.6795,16.3538,2.4625,2.6822,2.4188,2.5769,3.4586,3.5742,3.5253,2.2094,2.3533,2.4937,2.2159,2.2869,1.5304,1.7546,1.979,1.5713,2.0234,1.8236,2.7107,3.1969,2.5964,3.0911,3.1702,2.4518,2.8862,2.9083,2.2743,2.5935,2.9016,2.7815,2.4187,3.1843,2.3262,2.3738,2.4096,1.5242,2.6667,2.5337,0.0,0.4519,1.3174,0.6608,1.412,1.0764,1.5921,1.8625,0.7636,2.0832,3.1383,2.7578,2.6568,1.9655,1.2699,1.6705,2.2176,3.1135,0.6958,2.3336,3.0673,1.7251,1.3706,1.6861,2.0053,2.407,1.2319,1.257,2.0376,2.3679,1.4684,1.2756,1.7488,2.4972,2.346,1.8711,2.8671,0.2905,1.0569,3.3824,3.9008,0.6049,2.3279,2.2143,2.9614,2.4216,2.6367,2.8604,2.5929,2.3973,2.6883,3.1386,3.2907,3.701,4.1425,3.9333,4.4247,4.3209,4.4809,4.7079,4.8754,4.9018,5.2628,5.0641,3.5453,3.6928,4.8427,2.6528,2.5349,2.5704
JC019,7.6321,7.3266,7.4993,7.7154,6.5478,7.9897,8.2706,5.0617,5.2736,5.2063,5.1084,4.4549,5.1737,4.4987,4.6721,4.2491,7.8518,4.9032,4.9235,4.631,4.2161,4.9119,4.4786,5.3684,4.7536,4.1031,6.4491,4.3069,3.877,6.0044,8.0426,4.6375,4.5876,3.8238,5.3706,4.8244,4.4944,4.5892,6.119,8.733,5.6442,4.1505,4.1663,5.1823,4.079,4.327,4.4242,5.3638,5.2693,4.7622,4.1143,4.5177,6.7641,4.248,5.1563,5.2936,4.6232,3.9184,4.1355,5.7877,4.2562,4.2848,5.5339,4.9114,4.2644,4.8323,4.5055,4.516,4.4133,4.3208,4.7447,6.4513,5.7498,4.5106,4.7032,4.8008,6.1497,6.207,7.0641,7.0849,7.1116,5.7213,5.1772,5.2318,5.6486,7.749,5.9615,5.4918,7.6753,7.0409,5.4236,6.9339,5.7681,5.6444,7.9156,7.2993,8.2677,7.587,8.2019,5.9138,7.3588,7.28,6.1498,5.6763,7.2581,6.6133,7.0923,8.5494,6.7973,7.5293,6.8599,7.3109,8.358,9.6881,15.8479,16.587,2.358,2.5922,2.3449,2.4849,3.5583,3.702,3.6831,2.2588,2.4378,2.5859,2.3662,2.4638,1.5168,1.7575,1.9892,1.6601,1.9693,1.9447,2.8371,3.3087,2.7755,3.2476,3.3592,2.4881,2.9,2.973,2.2464,2.5106,3.0811,2.7588,2.3333,2.7715,1.8896,1.9885,2.1626,1.1911,2.2243,2.1219,0.4519,0.0,1.0043,0.8344,0.9717,1.3693,1.2043,1.4324,0.723,1.636,2.7096,2.6269,2.2213,1.9011,1.0663,1.8568,2.4269,2.8627,1.0721,2.0541,2.6313,1.3109,0.9589,1.2393,1.7543,2.0185,1.6393,0.8339,1.6286,2.0184,1.3549,1.2056,1.5441,2.0619,2.0124,1.4193,2.4436,0.4997,1.0005,3.1327,3.6748,0.5786,1.8759,1.7887,2.5576,1.9986,2.2413,2.5269,2.2792,2.149,2.482,2.8366,3.1539,3.3957,3.959,3.7886,4.143,4.0059,4.2411,4.5341,4.6342,4.6316,4.9721,4.7339,3.3402,3.447,4.6256,2.5989,2.1492,2.1764
JC020,7.5072,7.2366,7.4364,7.6694,6.478,8.0862,8.4234,5.0324,5.3365,5.2563,5.1817,4.468,5.298,4.5997,4.8131,4.3162,8.2033,5.1272,5.1035,4.8218,4.3751,5.1667,4.7046,5.6592,5.0396,4.3274,6.7892,4.5704,4.1177,6.3476,8.462,4.9885,4.9201,4.1271,5.7755,5.2231,4.8743,4.9882,6.5745,9.2205,6.0969,4.569,4.5581,5.6442,4.519,4.7636,4.9024,5.8482,5.7769,5.2718,4.5959,5.0116,7.292,4.7708,5.7068,5.829,5.1734,4.4804,4.7209,6.416,4.9188,4.9835,6.2366,5.6378,5.0358,5.6069,5.2685,5.2889,5.2296,5.1302,5.5575,7.2185,6.5316,5.3771,5.5458,5.6543,6.9742,7.0359,7.8655,7.905,7.9335,6.5774,6.0565,6.1295,6.5275,8.565,6.8301,6.4018,8.5047,7.8925,6.3435,7.8054,6.6794,6.5622,8.7677,8.1615,9.1078,8.4513,9.054,6.8494,8.2507,8.1694,7.089,6.6256,8.1685,7.5319,8.0101,9.419,7.7245,8.4546,7.8154,8.2645,9.3154,10.616,16.8297,17.5896,3.1653,3.4072,3.1872,3.3017,4.5204,4.678,4.6719,3.2066,3.4026,3.5528,3.3587,3.4625,2.4475,2.689,2.918,2.6398,2.847,2.9317,3.8178,4.2791,3.7735,4.2375,4.3579,3.4229,3.8101,3.9193,3.137,3.3368,4.0783,3.6397,3.1637,2.7907,1.8372,2.2211,2.7623,1.737,2.0649,2.2106,1.3174,1.0043,0.0,1.8382,1.1423,2.359,1.5798,1.5262,1.6951,1.5022,2.6302,1.7471,1.5552,1.2022,0.3441,2.8592,3.4304,1.8647,1.5793,2.5952,2.4984,1.5377,1.3175,1.2199,0.7692,1.1392,2.542,1.1924,1.8097,1.054,0.6935,0.7226,0.6358,1.9958,2.4206,1.2085,2.4251,1.1223,1.9384,2.1341,2.6845,0.8175,1.5294,1.8402,2.6431,1.2656,1.3762,1.5431,1.2813,1.1576,1.5176,1.8352,2.2491,2.3959,2.9953,2.8631,3.1389,3.0108,3.2432,3.5744,3.6353,3.6274,3.9694,3.7487,2.365,2.4488,3.6367,1.8432,2.3601,2.3481
JC022,7.8714,7.5423,7.6913,7.8912,6.7592,8.0453,8.2757,5.2733,5.4053,5.3504,5.2362,4.6522,5.2573,4.6232,4.7571,4.4107,7.6884,4.9097,4.9674,4.6752,4.3032,4.891,4.4978,5.3026,4.71,4.1389,6.316,4.2996,3.9088,5.8768,7.8154,4.5387,4.5075,3.8025,5.2003,4.6751,4.3736,4.4472,5.8851,8.4363,5.4224,4.0064,4.047,4.9627,3.9172,4.1584,4.2115,5.1179,5.003,4.5075,3.9099,4.2863,6.4508,3.9971,4.8502,4.9993,4.3318,3.6401,3.824,5.3901,3.8576,3.8454,5.0628,4.426,3.7422,4.2944,3.9875,3.9864,3.8346,3.7524,4.1641,5.8998,5.1899,3.8693,4.0881,4.1711,5.5385,5.5904,6.4707,6.4714,6.4959,5.0783,4.5122,4.5439,4.9797,7.1357,5.3022,4.7869,7.048,6.3933,4.7071,6.2649,5.0598,4.9291,7.263,6.6387,7.6263,6.9226,7.548,5.1753,6.665,6.5892,5.406,4.9219,6.5438,5.892,6.3702,7.8754,6.0655,6.7972,6.0941,6.5463,7.5872,8.9483,15.0447,15.7577,1.8774,2.082,1.8123,1.98,2.7996,2.9206,2.8814,1.552,1.6925,1.8332,1.5659,1.6483,0.9112,1.1181,1.335,0.9112,1.4129,1.1647,2.0553,2.5394,1.96,2.4459,2.5405,1.7959,2.2338,2.2477,1.6432,1.9899,2.2663,2.1423,1.8202,3.0574,2.3263,2.1991,1.9789,1.3112,2.686,2.4264,0.6608,0.8344,1.8382,0.0,1.5009,0.5671,1.4879,1.862,0.3572,2.1629,3.0723,3.3977,2.9438,2.6195,1.8676,1.0338,1.5984,3.691,1.2169,1.9545,3.0372,1.6795,1.3612,1.7887,2.5799,2.8232,1.008,1.3009,1.9494,2.8459,2.1068,1.9238,2.351,2.4832,2.0594,2.0258,2.788,0.951,0.5356,3.961,4.4968,1.2462,2.4811,2.1722,2.8128,2.7566,3.0373,3.3576,3.1132,2.9751,3.2941,3.671,3.9299,4.2298,4.7634,4.5708,4.9771,4.8387,5.0679,5.3341,5.4617,5.4648,5.8065,5.5628,4.1537,4.2747,5.4454,3.3103,2.3532,2.4087
JC023,6.6726,6.3729,6.5517,6.7723,5.597,7.0933,7.3991,4.1163,4.3569,4.2849,4.1948,3.5182,4.2807,3.5926,3.784,3.3287,7.094,4.0578,4.0551,3.7666,3.3335,4.0842,3.6322,4.5645,3.9443,3.2534,5.681,3.4813,3.035,5.2373,7.3353,3.8717,3.8085,3.0207,4.6477,4.0953,3.7496,3.8596,5.439,8.0828,4.9612,3.4354,3.4296,4.5066,3.382,3.6277,3.762,4.7084,4.6353,4.1299,3.4548,3.8702,6.1501,3.6285,4.5647,4.6867,4.0315,3.3401,3.5826,5.2805,3.7956,3.8722,5.1207,4.534,3.9602,4.5285,4.1859,4.2119,4.184,4.0801,4.5058,6.1273,5.4519,4.3771,4.5197,4.6376,5.9217,5.9867,6.7923,6.8448,6.8747,5.5554,5.0637,5.1592,5.5301,7.4996,5.819,5.4462,7.4496,6.8586,5.4037,6.7917,5.7233,5.617,7.7307,7.1365,8.0592,7.4273,8.0162,5.9321,7.2582,7.1743,6.1765,5.7378,7.2011,6.5806,7.0545,8.3968,6.7856,7.5085,6.9318,7.3738,8.4277,9.6655,15.9933,16.8802,2.1567,2.3965,2.2137,2.2965,3.6976,3.893,3.9378,2.3996,2.6284,2.7773,2.6935,2.8333,1.6691,1.8858,2.0895,1.9717,1.9385,2.2673,3.0765,3.4868,3.1244,3.5214,3.6934,2.5756,2.9017,3.0758,2.2285,2.3396,3.4112,2.6945,2.1782,1.8227,0.9181,1.1152,1.6435,0.6605,1.2547,1.1824,1.412,0.9717,1.1423,1.5009,0.0,2.0594,0.446,0.4705,1.1798,0.6789,1.7418,2.8577,1.4997,2.3389,1.4355,2.3091,2.8611,2.7876,2.0355,1.4637,1.6597,0.4074,0.23,0.289,1.8198,1.5737,2.4801,0.2053,0.7127,1.732,1.8034,1.7599,1.7678,1.0907,1.2788,0.5296,1.4821,1.4527,1.2655,3.0408,3.6137,1.3877,0.9803,0.8292,1.6261,1.3783,1.7379,2.2344,2.0786,2.1559,2.5557,2.6174,3.3329,3.1296,3.9896,3.9162,3.9119,3.6827,4.1202,4.5663,4.4965,4.4165,4.6902,4.3415,3.3496,3.3463,4.5499,2.9846,1.2669,1.2737
JC024,8.28,7.941,8.0777,8.2688,7.1595,8.3588,8.5594,5.6833,5.7759,5.7276,5.6064,5.0614,5.6048,4.9983,5.1108,4.8062,7.8712,5.2197,5.2971,5.0086,4.6639,5.1859,4.8202,5.5665,4.9943,4.4758,6.5284,4.6106,4.2476,6.0968,7.9546,4.7932,4.7736,4.1148,5.4005,4.8961,4.6173,4.6766,6.0349,8.5229,5.5856,4.2426,4.2977,5.1334,4.1441,4.3761,4.3994,5.2685,5.141,4.6613,4.1095,4.4602,6.5386,4.1634,4.9619,5.1174,4.4629,3.7959,3.9512,5.4244,3.9174,3.8718,5.0405,4.401,3.698,4.2239,3.9415,3.9296,3.7334,3.6633,4.0545,5.7955,5.0854,3.7008,3.944,4.01,5.3793,5.425,6.3214,6.3019,6.324,4.8902,4.3064,4.3109,4.7639,6.9621,5.0938,4.5303,6.8609,6.1889,4.4367,6.038,4.7963,4.6579,7.048,6.4186,7.4213,6.6967,7.3302,4.8715,6.4073,6.3355,5.0931,4.5978,6.2623,5.6056,6.0799,7.6344,5.7644,6.492,5.746,6.1979,7.226,8.626,14.623,15.2777,1.9591,2.1195,1.8509,2.0304,2.4998,2.5786,2.4993,1.4058,1.4689,1.5855,1.2355,1.2681,1.0259,1.1375,1.2938,0.8081,1.4749,0.9327,1.7393,2.229,1.566,2.0731,2.122,1.6475,2.0899,2.021,1.624,2.0245,1.8648,2.0646,1.8769,3.5252,2.8533,2.6615,2.2693,1.7933,3.214,2.9139,1.0764,1.3693,2.359,0.5671,2.0594,0.0,2.0032,2.397,0.8848,2.7113,3.5663,3.8215,3.5109,3.0113,2.3444,0.6818,1.1681,4.1862,1.3894,2.2936,3.5453,2.2066,1.9062,2.3453,3.0757,3.3797,0.5853,1.8569,2.4555,3.3876,2.5379,2.3378,2.8248,3.0038,2.4629,2.587,3.2807,1.3482,0.9246,4.4556,4.977,1.679,3.0392,2.689,3.2742,3.3224,3.5969,3.8942,3.64,3.4693,3.7646,4.1934,4.3539,4.7547,5.2157,4.997,5.4901,5.3693,5.5562,5.7785,5.9508,5.9714,6.3251,6.1018,4.6214,4.7669,5.919,3.6825,2.8079,2.872
JC027,6.4578,6.1439,6.31,6.5225,5.3627,6.7856,7.0706,3.8738,4.071,4.005,3.9054,3.2616,3.9695,3.2949,3.4681,3.0484,6.7039,3.7087,3.7226,3.4308,3.0125,3.724,3.2832,4.192,3.5735,2.9061,5.2936,3.1187,2.6819,4.849,6.9283,3.4803,3.4227,2.6443,4.2423,3.6908,3.3497,3.4547,5.0226,7.6618,4.5448,3.0246,3.0258,4.0876,2.9656,3.2128,3.3381,4.2849,4.2074,3.7007,3.0294,3.4434,5.7205,3.1959,4.1296,4.2541,3.5955,2.9009,3.1412,4.8374,3.3497,3.4265,4.6748,4.0889,3.5205,4.0876,3.7444,3.7717,3.7518,3.6468,4.0715,5.6835,5.0103,3.9584,4.0925,4.213,5.4857,5.5515,6.3515,6.4066,6.4367,5.1277,4.6456,4.7481,5.1098,7.06,5.3941,5.0392,7.0122,6.4266,5.0021,6.365,5.3155,5.213,7.2974,6.7066,7.6231,6.9974,7.5825,5.5367,6.837,6.7524,5.7821,5.3531,6.7873,6.1727,6.6445,7.9668,6.3813,7.1008,6.5454,6.9841,8.0372,9.2544,15.613,16.5405,1.7484,1.9844,1.8208,1.888,3.3497,3.5586,3.6238,2.0826,2.3205,2.465,2.4344,2.5864,1.4027,1.5915,1.7725,1.744,1.5852,2.0252,2.7731,3.1543,2.8608,3.2207,3.412,2.2347,2.5275,2.7272,1.8665,1.934,3.1335,2.3071,1.7803,1.6005,0.8528,0.785,1.1978,0.2797,1.2128,0.9535,1.5921,1.2043,1.5798,1.4879,0.446,2.0032,0.0,0.4231,1.133,0.7776,1.5884,3.3032,1.78,2.768,1.8582,2.1202,2.6405,3.22,2.268,1.0184,1.5494,0.22,0.2748,0.5503,2.2657,1.9625,2.4959,0.4138,0.4637,2.1497,2.2242,2.1626,2.2098,1.0006,0.8574,0.7965,1.3062,1.7039,1.1092,3.4695,4.043,1.7122,1.1541,0.6864,1.3711,1.7175,2.1032,2.6405,2.5029,2.5988,3.0,3.0314,3.7787,3.5288,4.4269,4.36,4.3119,4.0633,4.5388,5.0023,4.9106,4.8167,5.0739,4.6974,3.7872,3.772,4.9734,3.4228,0.946,0.9784
JC032,6.2037,5.9029,6.0812,6.3017,5.1266,6.6302,6.9424,3.6457,3.8903,3.8173,3.7291,3.0484,3.8204,3.1294,3.326,2.8621,6.6774,3.6145,3.6033,3.3169,2.8785,3.6477,3.1898,4.1359,3.5159,2.8114,5.2633,3.0483,2.5976,4.8215,6.9384,3.4627,3.3939,2.601,4.2534,3.7016,3.3512,3.4674,5.0598,7.7079,4.583,3.0541,3.0378,4.1346,3.0102,3.252,3.4029,4.3443,4.2818,3.7816,3.1009,3.5172,5.797,3.2923,4.2318,4.3455,3.704,3.0294,3.2807,4.9817,3.537,3.6365,4.8684,4.3058,3.7775,4.3366,3.9914,4.0248,4.0345,3.9268,4.3463,5.9091,5.252,4.2715,4.3872,4.5132,5.7512,5.8193,6.5944,6.6615,6.6927,5.4182,4.9577,5.072,5.4163,7.3081,5.6906,5.3686,7.2696,6.7028,5.3391,6.6555,5.6431,5.5464,7.5685,6.9883,7.8843,7.2788,7.8522,5.8805,7.1389,7.0531,6.1267,5.709,7.103,6.4987,6.9666,8.2468,6.7123,7.4259,6.8978,7.3325,8.3838,9.5722,15.9672,16.926,2.0943,2.3217,2.184,2.2316,3.739,3.9546,4.0287,2.4909,2.7309,2.8734,2.8549,3.008,1.8244,2.0084,2.1824,2.1671,1.9811,2.4477,3.1834,3.5523,3.2801,3.631,3.8271,2.6322,2.902,3.1183,2.2546,2.2811,3.5499,2.6713,2.1386,1.3522,0.4699,0.697,1.4407,0.6969,0.8259,0.7156,1.8625,1.4324,1.5262,1.862,0.4705,2.397,0.4231,0.0,1.5152,0.3583,1.2774,3.1679,1.3909,2.7268,1.8459,2.542,3.0635,2.9804,2.5014,1.2326,1.2063,0.203,0.5078,0.3089,2.118,1.6583,2.8646,0.6061,0.2886,1.8878,2.2118,2.1912,2.1205,0.637,0.9626,0.459,1.013,1.9199,1.5225,3.2175,3.7888,1.8565,0.7394,0.3588,1.1598,1.3681,1.7691,2.3499,2.2494,2.4115,2.8186,2.7503,3.6129,3.2199,4.197,4.1649,4.0,3.7282,4.2576,4.7653,4.6196,4.5034,4.7389,4.3365,3.5617,3.5102,4.7012,3.3424,0.834,0.8263
JC034,7.5208,7.1937,7.3452,7.5472,6.4106,7.7192,7.9595,4.9235,5.0646,5.008,4.8957,4.303,4.9233,4.2822,4.422,4.0648,7.4126,4.5885,4.6395,4.3466,3.9668,4.5753,4.1732,4.9978,4.3987,3.8104,6.03,3.9795,3.5802,5.5885,7.5591,4.2399,4.204,3.4836,4.9224,4.3898,4.0798,4.1593,5.6281,8.2043,5.1605,3.7174,3.7516,4.699,3.6327,3.8768,3.9433,4.8631,4.7548,4.2539,3.6378,4.0243,6.2223,3.7403,4.6157,4.7609,4.0903,3.3911,3.5878,5.1934,3.6568,3.663,4.8991,4.2679,3.6015,4.164,3.8453,3.8505,3.7271,3.6384,4.0586,5.7799,5.0738,3.8035,4.0046,4.0976,5.4544,5.5099,6.3763,6.3897,6.4156,5.0153,4.4647,4.5143,4.9356,7.0543,5.2511,4.7716,6.9757,6.3346,4.702,6.2217,5.0476,4.923,7.2083,6.5894,7.5639,6.8763,7.4944,5.1909,6.6412,6.563,5.4269,4.9538,6.5373,5.8915,6.3706,7.8366,6.0748,6.8068,6.1383,6.589,7.6369,8.9653,15.1363,15.9053,1.7017,1.925,1.6655,1.819,2.8371,2.9859,2.9768,1.5359,1.7165,1.8653,1.6657,1.7766,0.8011,1.0391,1.2704,0.945,1.2757,1.2369,2.1235,2.5898,2.0855,2.5428,2.6698,1.7665,2.1832,2.25,1.5413,1.838,2.3885,2.0534,1.662,2.7007,1.9761,1.8435,1.6847,0.9549,2.3365,2.0693,0.7636,0.723,1.6951,0.3572,1.1798,0.8848,1.133,1.5152,0.0,1.8265,2.7155,3.3499,2.6551,2.614,1.7884,1.1913,1.7633,3.5595,1.4259,1.6382,2.6822,1.3287,1.0215,1.4634,2.4596,2.5915,1.3642,0.9756,1.5934,2.6487,2.074,1.9144,2.2635,2.1308,1.7176,1.7092,2.4311,1.0234,0.2969,3.8286,4.3791,1.2516,2.1575,1.8185,2.4568,2.4887,2.7949,3.1661,2.9404,2.8516,3.1966,3.5013,3.8768,4.053,4.6756,4.5109,4.8148,4.6504,4.9377,5.252,5.3291,5.3097,5.6338,5.3585,4.0525,4.1434,5.3311,3.3119,1.9983,2.0527
JC035,6.0654,5.7788,5.9686,6.1963,5.0105,6.5854,6.9215,3.5471,3.8359,3.7569,3.6803,2.9714,3.7964,3.0977,3.3135,2.8143,6.745,3.6417,3.6084,3.3302,2.8797,3.6901,3.2228,4.1912,3.5756,2.8489,5.3332,3.103,2.648,4.8961,7.0352,3.5561,3.479,2.6858,4.3629,3.8152,3.4611,3.5849,5.1851,7.8317,4.7116,3.1895,3.1598,4.2729,3.1576,3.3924,3.561,4.4907,4.4401,3.9482,3.2672,3.6808,5.9496,3.4746,4.411,4.516,3.8914,3.2369,3.4933,5.1875,3.7797,3.8933,5.1089,4.5638,4.0627,4.6148,4.2697,4.3067,4.3341,4.2252,4.6404,6.1681,5.5231,4.5877,4.6927,4.8217,6.0363,6.1058,6.8636,6.9386,6.9704,5.7193,5.2721,5.3927,5.7268,7.5798,5.9948,5.6921,7.5474,6.9934,5.6666,6.9549,5.9653,5.8718,7.8549,7.2819,8.1639,7.5719,8.1373,6.2111,7.4447,7.3583,6.4576,6.0461,7.4172,6.8192,7.2846,8.5381,7.0354,7.7453,7.2324,7.6648,8.7147,9.8861,16.3008,17.2755,2.433,2.6559,2.5292,2.5688,4.0917,4.3094,4.3858,2.8488,3.089,3.2313,3.2118,3.364,2.1803,2.3664,2.5405,2.5196,2.3369,2.8026,3.5415,3.9078,3.6376,3.989,4.1854,2.9879,3.25,3.4719,2.6081,2.6195,3.908,3.0157,2.4821,1.2886,0.3378,0.8665,1.7415,1.0543,0.5998,0.7428,2.0832,1.636,1.5022,2.1629,0.6789,2.7113,0.7776,0.3583,1.8265,0.0,1.1408,3.0268,1.0493,2.6734,1.8416,2.8893,3.4167,2.7518,2.6804,1.5261,1.0281,0.5588,0.8052,0.3971,1.9854,1.3924,3.1534,0.8661,0.5387,1.6565,2.195,2.2096,2.0397,0.494,1.2171,0.2939,0.9231,2.0975,1.8602,2.9762,3.542,1.9802,0.3822,0.404,1.1523,1.0648,1.4726,2.0841,2.0183,2.2365,2.6423,2.4885,3.4411,2.9315,3.9679,3.9646,3.7061,3.4174,3.9868,4.5279,4.3399,4.2069,4.4259,4.006,3.3401,3.2586,4.4359,3.2461,0.9605,0.9193
JC038,4.9347,4.642,4.8291,5.0559,3.8713,5.4604,5.8126,2.4066,2.7117,2.6293,2.5608,1.8384,2.698,1.9994,2.2344,1.7037,5.7485,2.6137,2.5477,2.2869,1.8298,2.6869,2.2153,3.2008,2.6079,1.8643,4.3528,2.1417,1.7015,3.9299,6.0905,2.6614,2.5682,1.8177,3.4811,2.9596,2.6102,2.7479,4.3237,6.9381,3.868,2.421,2.3561,3.4657,2.4256,2.6263,2.8374,3.6988,3.6824,3.2322,2.5855,2.9678,5.1447,2.8311,3.7164,3.7918,3.2429,2.6956,2.953,4.5567,3.338,3.5048,4.6068,4.1514,3.7985,4.293,3.9619,4.0151,4.1339,4.0227,4.398,5.7176,5.1403,4.478,4.5132,4.6552,5.7094,5.7845,6.4462,6.5559,6.5902,5.4848,5.1291,5.2891,5.548,7.1634,5.7721,5.6003,7.1599,6.6771,5.6059,6.6873,5.8584,5.7902,7.5055,6.9776,7.7779,7.2611,7.7785,6.1634,7.2073,7.118,6.4073,6.0559,7.2312,6.6847,7.1256,8.2069,6.916,7.5897,7.2009,7.6078,8.6347,9.6738,16.2049,17.3467,2.6278,2.79,2.773,2.7365,4.3357,4.584,4.7175,3.2805,3.5204,3.6398,3.7425,3.91,2.7894,2.9025,3.0069,3.1578,2.7424,3.3943,3.9495,4.2118,4.1333,4.3773,4.6125,3.3423,3.4693,3.7582,2.9471,2.7926,4.3577,3.2104,2.7138,0.2905,0.8299,0.9377,1.8138,1.7732,0.5703,0.6535,3.1383,2.7096,2.6302,3.0723,1.7418,3.5663,1.5884,1.2774,2.7155,1.1408,0.0,4.0199,1.6285,3.7699,2.9729,3.5641,4.0104,3.5796,3.7771,1.623,0.1764,1.4194,1.771,1.5036,3.019,2.2241,4.0796,1.8814,1.1247,2.5452,3.3184,3.3452,3.1244,0.6572,1.2837,1.4284,0.2857,3.1945,2.6462,3.7598,4.2883,3.108,1.1504,0.9243,0.4383,1.8359,2.1938,2.8452,2.8795,3.1992,3.5876,3.2339,4.373,3.5537,4.7546,4.8253,4.2686,3.9059,4.6368,5.2779,4.9446,4.74,4.8641,4.3398,4.1642,4.0002,5.0948,4.2948,0.8275,0.7426
JC051,8.5763,8.3574,8.5857,8.8336,7.6456,9.404,9.7939,6.2995,6.6865,6.5964,6.5473,5.8049,6.7074,6.013,6.2534,5.7116,9.7527,6.6263,6.5674,6.3034,5.8466,6.6887,6.2173,7.1973,6.5877,5.851,8.3457,6.1146,5.6605,7.9125,10.059,6.5817,6.5028,5.7111,7.3897,6.8418,6.4878,6.6109,8.2104,10.8579,7.7359,6.2102,6.1847,7.2934,6.1722,6.4111,6.569,7.5072,7.4485,6.9493,6.2683,6.6845,8.9628,6.4595,7.399,7.5134,6.8696,6.1874,6.434,8.1344,6.6527,6.7244,7.9757,7.3816,6.7829,7.354,7.0155,7.036,6.974,6.8753,7.3026,8.965,8.2787,7.1099,7.2858,7.3915,8.7185,8.7797,9.6123,9.6503,9.6786,8.3147,7.7851,7.8491,8.2567,10.3109,8.5635,8.114,10.2489,9.6319,8.0486,9.5384,8.3909,8.269,10.5073,9.8979,10.8503,10.1871,10.7938,8.5407,9.9747,9.8946,8.7766,8.3017,9.8812,9.2384,9.7174,11.1534,9.4239,10.1558,9.4826,9.9342,10.9791,12.315,18.4373,19.0824,4.9076,5.149,4.9225,5.0429,6.1812,6.3153,6.2786,4.8857,5.0618,5.2087,4.9635,5.0424,4.1395,4.3813,4.6129,4.2796,4.5693,4.5549,5.449,5.9276,5.3529,5.8434,5.928,5.114,5.5196,5.5999,4.855,5.0763,5.6586,5.3637,4.9018,4.2455,3.3542,3.8556,4.4978,3.4798,3.4641,3.7693,2.7578,2.6269,1.7471,3.3977,2.8577,3.8215,3.3032,3.1679,3.3499,3.0268,4.0199,0.0,2.4789,0.8366,1.5654,4.4259,4.9752,0.8829,2.5857,4.3213,3.8564,3.2267,3.0522,2.863,1.0499,1.8293,3.7977,2.9333,3.4559,1.4977,1.2912,1.484,1.1143,3.4791,4.1143,2.7549,3.8878,2.4755,3.6226,1.0295,1.3193,2.1549,2.8782,3.42,4.1596,2.2102,1.9422,1.4248,1.2275,0.8245,0.4863,1.2663,0.5329,1.6178,1.4216,1.1758,2.0444,2.1619,1.9017,1.9646,2.278,2.4176,2.8506,2.9042,0.9249,1.2358,2.1743,0.4675,3.9739,3.9421
JC052,6.1401,5.9035,6.1246,6.3696,5.1779,6.9257,7.321,3.8209,4.2177,4.126,4.0833,3.3385,4.2573,3.5722,3.8232,3.2666,7.3644,4.2293,4.1468,3.8987,3.4435,4.3097,3.8394,4.8245,4.236,3.4925,5.9759,3.7702,3.3283,5.5563,7.7174,4.2851,4.1939,3.4299,5.1051,4.5768,4.2244,4.3592,5.946,8.5662,5.4857,4.0061,3.9538,5.0722,3.9954,4.2127,4.408,5.3015,5.273,4.8028,4.1336,4.5349,6.7558,4.3626,5.2807,5.3696,4.7811,4.1665,4.4266,6.0943,4.7512,4.8818,6.0693,5.5503,5.0821,5.6252,5.2812,5.322,5.3659,5.2562,5.6668,7.1504,6.5227,5.6312,5.7289,5.8599,7.0512,7.1221,7.8579,7.9426,7.9751,6.7507,6.3141,6.4383,6.7659,8.5761,7.0286,6.7388,8.5515,8.0129,6.7148,7.9836,7.0114,6.9192,8.8689,8.3044,9.1696,8.5937,9.1496,7.2601,8.479,8.392,7.5065,7.0952,8.458,7.8642,8.328,9.5572,8.0817,8.7894,8.2817,8.7139,9.7636,10.9261,17.35,18.3159,3.4815,3.7051,3.5746,3.6177,5.1267,5.3382,5.4027,3.8606,4.0968,4.2426,4.1862,4.3294,3.1555,3.3605,3.55,3.4695,3.3641,3.7633,4.5486,4.9342,4.6166,4.9959,5.1792,4.0143,4.2929,4.5049,3.6421,3.6681,4.8983,4.0617,3.5286,1.8946,1.2326,1.8494,2.7823,2.0588,1.1478,1.6209,2.6568,2.2213,1.5552,2.9438,1.4997,3.5109,1.78,1.3909,2.6551,1.0493,1.6285,2.4789,0.0,2.4227,1.8619,3.808,4.3607,1.9554,3.0913,2.5647,1.4536,1.5755,1.7084,1.2521,1.5872,0.6519,3.8571,1.7022,1.5832,0.9826,2.1145,2.2281,1.7948,1.2694,2.2383,0.9922,1.5804,2.5588,2.7648,2.1313,2.664,2.318,0.6851,1.3981,1.8881,0.3067,0.5686,1.2172,1.2787,1.6584,2.016,1.606,2.7777,1.9618,3.1267,3.2014,2.7139,2.3957,3.0417,3.6557,3.3717,3.2061,3.3972,2.9591,2.537,2.3756,3.4985,2.8182,1.8969,1.829
JC053,8.5499,8.3004,8.5127,8.7525,7.5583,9.2273,9.5818,6.1453,6.4809,6.397,6.3307,5.6038,6.4613,5.7617,5.9839,5.4713,9.4016,6.3137,6.2815,6.0036,5.5529,6.3581,5.8932,6.8541,6.2354,5.5174,7.9877,5.7648,5.311,7.5468,9.6641,6.1896,6.1202,5.3266,6.9777,6.4254,6.0764,6.1904,7.776,10.4211,7.2983,5.7708,5.7603,6.8448,5.7198,5.9648,6.1009,7.0473,6.9736,6.4676,5.7936,6.2087,8.4877,5.9638,6.8972,7.022,6.3628,5.6658,5.902,7.5898,6.078,6.129,7.3832,6.7723,6.1444,6.7147,6.3826,6.3971,6.3081,6.2137,6.6391,8.3331,7.6361,6.4117,6.6031,6.7016,8.0477,8.1058,8.9576,8.9827,9.0097,7.6224,7.0773,7.1283,7.5485,9.6463,7.8623,7.3838,9.5747,8.942,7.3111,8.8343,7.6591,7.5326,9.8167,9.2003,10.1684,9.4878,10.1031,7.79,9.2551,9.177,8.0225,7.5407,9.1477,8.4995,8.9784,10.4496,8.6781,9.4102,8.7135,9.1657,10.2057,11.5647,17.6342,18.2543,4.2445,4.4823,4.2412,4.3751,5.4179,5.539,5.4898,4.1425,4.3045,4.4483,4.1813,4.2507,3.4143,3.6531,3.8844,3.5194,3.87,3.7839,4.6745,5.1588,4.5591,5.0561,5.1283,4.3779,4.7972,4.8524,4.1475,4.4036,4.8633,4.6599,4.2267,3.955,3.0112,3.4227,3.9284,2.8976,3.1996,3.3999,1.9655,1.9011,1.2022,2.6195,2.3389,3.0113,2.768,2.7268,2.614,2.6734,3.7699,0.8366,2.4227,0.0,0.9124,3.635,4.1735,1.4989,1.7494,3.7736,3.6239,2.7385,2.4986,2.4192,0.8443,1.8032,2.9636,2.3661,3.0114,1.5121,0.5574,0.7003,0.6484,3.1608,3.6173,2.3813,3.5885,1.677,2.8999,1.7254,2.1232,1.3757,2.6279,3.0317,3.8247,2.1189,1.9951,1.7145,1.4245,0.9737,0.9854,1.7498,1.3576,2.2375,2.2583,1.9974,2.7972,2.8402,2.7137,2.7974,3.0978,3.2094,3.6274,3.6044,1.7331,1.9906,3.0073,0.698,3.5601,3.5453
JC055,7.8504,7.5805,7.7804,8.0134,6.8221,8.4269,8.761,5.3759,5.6773,5.5976,5.5219,4.8101,5.6353,4.9376,5.1487,4.6557,8.5211,5.4562,5.4364,5.1534,4.7085,5.4926,5.0326,5.9818,5.3617,4.6547,7.1072,4.894,4.4427,6.6646,8.77,5.302,5.236,4.4447,6.0825,5.53,5.1833,5.2945,6.8743,9.5171,6.3965,4.871,4.8643,5.9413,4.8171,5.063,5.1946,6.1414,6.0654,5.5588,4.8866,5.3011,7.5787,5.0538,5.9861,6.1118,5.4515,4.7538,4.9896,6.6776,5.1678,5.2219,6.4763,5.8687,5.2493,5.8203,5.4857,5.5024,5.4253,5.3287,5.7552,7.437,6.7436,5.5489,5.7299,5.8332,7.1685,7.2282,8.0708,8.1021,8.1298,6.756,6.222,6.2842,6.6937,8.7644,7.0022,6.5487,8.6979,8.0744,6.4835,7.9766,6.8256,6.7038,8.9498,8.338,9.2961,8.6268,9.2363,6.9777,8.4101,8.3303,7.2144,6.7422,8.3159,7.6733,8.1523,9.592,7.8596,8.5914,7.9262,8.3771,9.4244,10.7511,16.9082,17.6173,3.358,3.5981,3.3652,3.4913,4.6246,4.7668,4.7425,3.3231,3.5041,3.6522,3.4248,3.5148,2.5745,2.8163,3.0479,2.7257,3.0063,3.0076,3.9012,4.3746,3.8267,4.3067,4.408,3.5496,3.9542,4.0376,3.2908,3.5226,4.133,3.8004,3.3468,3.1295,2.175,2.5357,3.0165,1.9856,2.4084,2.5409,1.2699,1.0663,0.3441,1.8676,1.4355,2.3444,1.8582,1.8459,1.7884,1.8416,2.9729,1.5654,1.8619,0.9124,0.0,2.9014,3.4641,1.8439,1.3769,2.8612,2.8421,1.8397,1.5874,1.5439,0.7401,1.3802,2.4479,1.4541,2.1247,1.2241,0.368,0.38,0.4835,2.3356,2.7109,1.5485,2.7646,1.0219,2.0577,2.1126,2.6342,0.6851,1.8728,2.17,2.9767,1.5632,1.6152,1.6605,1.371,1.1285,1.4268,1.8935,2.0893,2.4538,2.8975,2.7224,3.1606,3.0785,3.2119,3.4706,3.6064,3.6336,4.0011,3.8335,2.2863,2.4229,3.58,1.5886,2.679,2.6714
JC057,8.0596,7.7064,7.8237,8.0006,6.9322,8.0037,8.1681,5.4844,5.5155,5.4774,5.3472,4.8689,5.3137,4.754,4.8343,4.5957,7.3803,4.884,4.9856,4.7058,4.4038,4.8321,4.5058,5.1723,4.6304,4.186,6.0721,4.2848,3.9646,5.6511,7.4262,4.3975,4.3914,3.7998,4.9414,4.4633,4.2124,4.2553,5.5245,7.9535,5.0903,3.8356,3.9056,4.649,3.7289,3.9473,3.9402,4.7649,4.6276,4.1668,3.6666,3.9866,5.9768,3.6872,4.4284,4.5877,3.9509,3.3163,3.4432,4.8322,3.3557,3.2873,4.4176,3.7805,3.0728,3.582,3.3133,3.296,3.0813,3.0167,3.3975,5.1352,4.4266,3.0276,3.2764,3.3378,4.705,4.7495,5.6482,5.6249,5.6467,4.2116,3.6262,3.6291,4.0827,6.2842,4.4129,3.8491,6.1812,5.5079,3.7567,5.3562,4.1158,3.9782,6.3664,5.7368,6.7401,6.0149,6.6484,4.1978,5.7268,5.6547,4.4219,3.9296,5.5848,4.9287,5.404,6.953,5.0906,5.8197,5.0879,5.5402,6.5749,7.9595,14.0128,14.7305,1.4826,1.5908,1.3424,1.5189,1.8217,1.9131,1.8548,0.7824,0.7995,0.9073,0.5576,0.6166,0.7776,0.7308,0.7794,0.4102,1.0361,0.3046,1.0617,1.5523,0.9272,1.4212,1.5067,1.0076,1.4384,1.3432,1.0838,1.4992,1.2333,1.4505,1.3833,3.4685,2.9563,2.6273,2.0003,1.8596,3.3078,2.9185,1.6705,1.8568,2.8592,1.0338,2.3091,0.6818,2.1202,2.542,1.1913,2.8893,3.5641,4.4259,3.808,3.635,2.9014,0.0,0.5731,4.7194,2.0668,2.0873,3.5769,2.3395,2.111,2.5726,3.6098,3.7814,1.1327,2.1058,2.5223,3.8382,3.1349,2.9458,3.3848,3.0834,2.3392,2.8307,3.2836,1.958,1.0435,4.9894,5.5287,2.2711,3.2523,2.7708,3.2127,3.6629,3.9818,4.3548,4.1229,4.0048,4.3277,4.6832,4.9586,5.2381,5.797,5.6005,5.9943,5.8391,6.0975,6.3672,6.4908,6.4857,6.8181,6.5497,5.1873,5.3036,6.4781,4.3183,2.7523,2.8297
JC059,8.3307,7.968,8.069,8.2333,7.2036,8.1586,8.2863,5.7878,5.7709,5.7413,5.6051,5.183,5.5453,5.0302,5.0835,4.8997,7.3904,5.0809,5.2032,4.9344,4.6721,5.0127,4.7268,5.309,4.8039,4.433,6.1326,4.499,4.221,5.7275,7.387,4.5429,4.5504,4.0318,5.0097,4.5681,4.3512,4.3761,5.523,7.8518,5.1128,3.9789,4.063,4.6906,3.8657,4.065,4.0236,4.7804,4.632,4.2028,3.7744,4.052,5.898,3.7554,4.4078,4.5702,3.9678,3.3889,3.4761,4.7135,3.3123,3.2071,4.244,3.6206,2.9166,3.3751,3.1448,3.1153,2.8555,2.8082,3.1505,4.8594,4.1612,2.7231,2.9929,3.0329,4.3771,4.4147,5.3205,5.2773,5.2964,3.8602,3.2651,3.2389,3.7042,5.9278,4.0381,3.4321,5.8125,5.1272,3.3269,4.9551,3.6893,3.5456,5.9707,5.3398,6.3518,5.6109,6.2488,3.7334,5.2955,5.2273,3.9485,3.4488,5.1334,4.4759,4.9458,6.5315,4.6244,5.3478,4.5842,5.0355,6.06,7.4706,13.4627,14.1603,1.6579,1.6853,1.4938,1.6453,1.3993,1.4352,1.3348,0.847,0.6936,0.7031,0.3298,0.1933,1.2457,1.1079,1.0338,0.8972,1.3168,0.6216,0.6759,1.1286,0.4091,0.9175,0.955,0.9654,1.2923,1.0753,1.231,1.6083,0.6982,1.4065,1.5489,3.8877,3.4571,3.0747,2.3291,2.3702,3.8006,3.3784,2.2176,2.4269,3.4304,1.5984,2.8611,1.1681,2.6405,3.0635,1.7633,3.4167,4.0104,4.9752,4.3607,4.1735,3.4641,0.5731,0.0,5.2885,2.5442,2.4553,4.0393,2.8605,2.6557,3.1169,4.1779,4.3512,1.4515,2.66,3.0165,4.411,3.6859,3.4918,3.9476,3.5733,2.7476,3.3766,3.7365,2.5004,1.5993,5.5585,6.0951,2.8219,3.7866,3.2663,3.6337,4.2246,4.5494,4.9278,4.6958,4.5731,4.8909,5.2559,5.5081,5.8111,6.356,6.1508,6.5666,6.4121,6.6659,6.9239,7.0596,7.0575,7.391,7.1217,5.7504,5.8725,7.0433,4.849,3.1859,3.2684
JC063,7.8781,7.6816,7.9199,8.1723,6.9967,8.8133,9.2307,5.7175,6.1437,6.0493,6.016,5.2712,6.2009,5.5217,5.7755,5.2153,9.3197,6.1847,6.1005,5.854,5.3989,6.2643,5.7936,6.779,6.1871,5.4434,7.9306,5.7191,5.2731,7.5095,9.67,6.2236,6.1354,5.36,7.0425,6.5066,6.1524,6.2838,7.8795,10.5104,7.4136,5.911,5.8688,6.9889,5.889,6.1166,6.2976,7.2134,7.1731,6.6886,6.0099,6.4204,8.6725,6.2233,7.1569,7.2572,6.6409,5.9884,6.2442,7.9393,6.5166,6.6164,7.848,7.2851,6.7383,7.3033,6.959,6.9885,6.9708,6.8663,7.2914,8.8872,8.2235,7.1608,7.3071,7.4243,8.7057,8.7715,9.5658,9.6251,9.6555,8.3428,7.8463,7.9348,8.3143,10.2767,8.6056,8.2162,10.2314,9.6456,8.1661,9.5789,8.4939,8.3824,10.5171,9.924,10.8429,10.2148,10.8023,8.6829,10.0423,9.9589,8.9248,8.4695,9.9776,9.35,9.8262,11.1843,9.5493,10.2763,9.6621,10.1094,11.1621,12.4367,18.6906,19.4486,4.9376,5.1789,4.982,5.077,6.3757,6.5391,6.5363,5.0593,5.2613,5.412,5.2233,5.3257,4.2986,4.5382,4.7641,4.5037,4.669,4.7963,5.6809,6.1385,5.637,6.1021,6.2212,5.2684,5.639,5.7682,4.9615,5.1178,5.9422,5.452,4.9513,3.8368,3.0444,3.6177,4.403,3.4469,3.0654,3.4645,3.1135,2.8627,1.8647,3.691,2.7876,4.1862,3.22,2.9804,3.5595,2.7518,3.5796,0.8829,1.9554,1.4989,1.8439,4.7194,5.2885,0.0,3.1233,4.2042,3.406,3.0905,3.0098,2.7035,1.1118,1.3767,4.2753,2.9175,3.253,1.0962,1.7252,1.9418,1.3721,3.1352,3.9411,2.5265,3.5029,2.8621,3.7963,0.2701,0.8299,2.5242,2.507,3.1554,3.8002,1.7548,1.3871,0.7438,0.7337,0.7171,0.5137,0.4279,0.8989,0.7505,1.2174,1.2461,1.3324,1.3413,1.3787,1.7857,1.7715,1.7917,2.175,2.1058,0.5906,0.5844,1.7788,1.3502,3.7087,3.6593
JC065,8.7037,8.3987,8.5711,8.7866,7.6199,9.0446,9.3133,6.1335,6.3388,6.2731,6.1728,5.5257,6.2306,5.5615,5.7282,5.3164,8.8275,5.9403,5.9709,5.6777,5.2714,5.9404,5.518,6.3823,5.7737,5.1457,7.4372,5.3376,4.9175,6.994,8.9833,5.6356,5.5932,4.8477,6.3377,5.8002,5.4822,5.5676,7.0526,9.6292,6.5838,5.1259,5.1533,6.1219,5.0453,5.2911,5.365,6.2882,6.1806,5.6793,5.0582,5.448,7.6462,5.1654,6.0406,6.1864,5.516,4.817,5.0127,6.602,5.0672,5.0603,6.2797,5.6428,4.9574,5.5068,5.2027,5.2004,5.0397,4.9603,5.3676,7.1069,6.3962,5.05,5.2798,5.356,6.7264,6.7756,7.6638,7.6556,7.679,6.2516,5.6746,5.6889,6.1367,8.3185,6.4642,5.9147,8.2239,7.5589,5.8235,7.4159,6.1822,6.045,8.4226,7.7946,8.7924,8.0747,8.706,6.2609,7.7931,7.7206,6.482,5.9859,7.6511,6.9946,7.4692,9.0172,7.1537,7.8811,7.1284,7.5798,8.6024,10.0127,15.9501,16.5177,3.0914,3.2987,3.0292,3.1963,3.8881,3.9668,3.879,2.7273,2.8308,2.9578,2.6234,2.656,2.1281,2.3302,2.5398,2.0843,2.6298,2.287,3.1277,3.6178,2.9488,3.4577,3.4887,2.9738,3.4179,3.3895,2.8555,3.2068,3.2422,3.347,3.0365,3.8436,2.9523,3.0529,3.0981,2.217,3.277,3.194,0.6958,1.0721,1.5793,1.2169,2.0355,1.3894,2.268,2.5014,1.4259,2.6804,3.7771,2.5857,3.0913,1.7494,1.3769,2.0668,2.5442,3.1233,0.0,3.0278,3.6926,2.3829,2.0302,2.2887,2.0816,2.7178,1.2215,1.906,2.7003,2.5968,1.3986,1.1823,1.777,3.1254,3.0403,2.4369,3.514,0.5837,1.7044,3.3806,3.8425,0.7741,2.8753,2.859,3.6289,2.8212,2.9549,3.0348,2.7407,2.4388,2.6414,3.2412,3.1049,3.793,4.007,3.7407,4.4557,4.4187,4.4341,4.5455,4.8243,4.9029,5.298,5.1816,3.4613,3.6746,4.7499,2.3694,3.214,3.2447
JC066,5.9978,5.6534,5.7858,5.9754,4.8736,6.0918,6.3228,3.4085,3.4824,3.4349,3.3129,2.7893,3.315,2.7057,2.8187,2.5236,5.8057,2.9552,3.0162,2.7251,2.3704,2.938,2.5443,3.3611,2.7605,2.1896,4.4103,2.3451,1.96,3.9667,5.9885,2.6084,2.5687,1.8481,3.3195,2.7767,2.4547,2.5427,4.0659,6.6882,3.5905,2.1019,2.1257,3.1289,2.0266,2.2743,2.3713,3.3137,3.2247,2.7168,2.0611,2.4676,4.7303,2.2052,3.1295,3.2597,2.5944,1.8937,2.1284,3.8208,2.3327,2.4164,3.6601,3.0828,2.5451,3.1043,2.7592,2.7923,2.8084,2.6998,3.1167,4.6833,4.0211,3.0671,3.1668,3.2963,4.5189,4.5874,5.3636,5.4291,5.4603,4.1935,3.7494,3.8759,4.2019,6.0765,4.4687,4.1784,6.0371,5.4721,4.1598,5.4296,4.4496,4.3608,6.3367,5.7589,6.6518,6.0491,6.6201,4.7097,5.9187,5.8322,4.9562,4.5623,5.8935,5.3008,5.7636,7.0165,5.5199,6.2253,5.7387,6.1648,7.2107,8.3619,14.7993,15.834,1.0117,1.1963,1.1514,1.1296,2.7262,2.9695,3.096,1.6756,1.9107,2.0237,2.1631,2.3331,1.3276,1.3683,1.4248,1.6807,1.1468,1.8638,2.3308,2.5915,2.5325,2.7551,2.993,1.7212,1.8587,2.138,1.3277,1.1851,2.743,1.6032,1.0928,1.4543,1.3551,0.7687,0.219,0.8848,1.5994,1.0776,2.3336,2.0541,2.5952,1.9545,1.4637,2.2936,1.0184,1.2326,1.6382,1.5261,1.623,4.3213,2.5647,3.7736,2.8612,2.0873,2.4553,4.2042,3.0278,0.0,1.6945,1.115,1.2782,1.5009,3.2815,2.8905,2.8709,1.4078,0.9876,3.1163,3.2233,3.1435,3.2272,1.3868,0.3567,1.6916,1.3797,2.5256,1.4235,4.4456,5.018,2.6191,1.8799,1.1718,1.2083,2.5874,2.9931,3.5824,3.4765,3.6062,4.01,3.9828,4.7935,4.449,5.4183,5.3674,5.2272,4.9434,5.4901,5.9898,5.8514,5.7294,5.9519,5.5232,4.7805,4.7408,5.9335,4.4367,0.8142,0.9042
JC072,5.0374,4.7523,4.9449,5.1749,3.9864,5.6035,5.963,2.534,2.8578,2.7733,2.7098,1.9799,2.8547,2.1579,2.3971,1.859,5.919,2.7836,2.7132,2.4555,1.9987,2.859,2.3878,3.3733,2.7824,2.0389,4.5252,2.317,1.8776,4.1035,6.2644,2.8377,2.7444,1.9937,3.6574,3.136,2.7864,2.924,4.5001,7.1137,4.0443,2.5948,2.5311,3.6416,2.5978,2.8004,3.01,3.8745,3.8572,3.405,2.7555,3.1402,5.321,2.9994,3.8889,3.9656,3.4124,2.8563,3.1146,4.727,3.4931,3.6558,4.7693,4.3062,3.9389,4.4404,4.107,4.1588,4.269,4.1577,4.5381,5.8778,5.2946,4.6046,4.6473,4.7884,5.8598,5.9346,6.6047,6.7119,6.746,5.6264,5.261,5.4172,5.6844,7.3223,5.9131,5.7277,7.3167,6.8278,5.7299,6.8337,5.9879,5.9168,7.6596,7.1275,7.9351,7.4118,7.9335,6.287,7.3514,7.2623,6.5316,6.1728,7.3705,6.8183,7.2622,8.36,7.0484,7.7264,7.3242,7.7344,8.7647,9.8175,16.3397,17.4637,2.7054,2.8775,2.8455,2.819,4.4184,4.6635,4.7895,3.3304,3.572,3.6957,3.7802,3.9461,2.8071,2.9331,3.0492,3.174,2.7912,3.42,4.0072,4.2857,4.1785,4.4399,4.6702,3.4041,3.5509,3.8324,3.0079,2.8749,4.411,3.2935,2.7873,0.4611,0.7417,0.9688,1.8942,1.7552,0.4345,0.6609,3.0673,2.6313,2.4984,3.0372,1.6597,3.5453,1.5494,1.2063,2.6822,1.0281,0.1764,3.8564,1.4536,3.6239,2.8421,3.5769,4.0393,3.406,3.6926,1.6945,0.0,1.3654,1.7101,1.4068,2.8626,2.0542,4.0452,1.8122,1.0903,2.3769,3.1826,3.2171,2.9769,0.5701,1.3451,1.3075,0.3149,3.109,2.632,3.5847,4.1123,3.0069,0.9975,0.8674,0.5629,1.6657,2.0196,2.6706,2.7087,3.0345,3.4205,3.0584,4.2039,3.3774,4.579,4.6519,4.0934,3.7323,4.4606,5.1017,4.769,4.5659,4.6933,4.1732,3.9899,3.8242,4.9185,4.1381,0.8827,0.7934
JC074,6.3234,6.016,6.1885,6.4051,5.237,6.7019,7.001,3.7509,3.9725,3.9028,3.8088,3.1454,3.8869,3.203,3.3883,2.9454,6.6868,3.6539,3.6549,3.3654,2.9359,3.6784,3.228,4.1575,3.5373,2.8494,5.2736,3.075,2.6299,4.8301,6.9303,3.4647,3.4012,2.6133,4.2428,3.6903,3.3438,3.4548,5.0375,7.6829,4.5598,3.0326,3.0247,4.1066,2.9814,3.2263,3.3653,4.3107,4.241,3.737,3.0595,3.4756,5.7565,3.2395,4.1777,4.2966,3.6462,2.9609,3.2075,4.9084,3.4419,3.531,4.7717,4.1978,3.6503,4.2136,3.869,3.8996,3.8956,3.7891,4.2113,5.798,5.1331,4.1188,4.243,4.3666,5.6214,5.6884,6.4755,6.537,6.5677,5.2765,4.8058,4.9146,5.2671,7.187,5.5462,5.2088,7.144,6.5683,5.1757,6.5142,5.4842,5.3848,7.4366,6.8512,7.7571,7.1419,7.721,5.7141,6.9924,6.9072,5.96,5.537,6.9501,6.3408,6.8106,8.1108,6.5521,7.2686,6.7276,7.1643,8.2166,9.4186,15.7967,16.7408,1.9244,2.1561,2.0068,2.063,3.5512,3.7638,3.8339,2.2942,2.5334,2.6768,2.653,2.8056,1.6219,1.808,1.985,1.964,1.7895,2.2449,2.986,3.3605,3.0787,3.4337,3.6277,2.4403,2.7205,2.9295,2.0666,2.111,3.3499,2.4942,1.9634,1.4614,0.6474,0.7097,1.3128,0.4955,1.0079,0.8112,1.7251,1.3109,1.5377,1.6795,0.4074,2.2066,0.22,0.203,1.3287,0.5588,1.4194,3.2267,1.5755,2.7385,1.8397,2.3395,2.8605,3.0905,2.3829,1.115,1.3654,0.0,0.3545,0.3877,2.1799,1.7983,2.6856,0.4781,0.3191,2.0067,2.2077,2.1672,2.1535,0.8042,0.8888,0.6078,1.1436,1.8071,1.3234,3.3342,3.9072,1.7762,0.9375,0.4983,1.2478,1.5312,1.9251,2.4846,2.3651,2.4942,2.8994,2.8809,3.6874,3.3651,4.3037,4.2544,4.1473,3.8869,4.3897,4.876,4.7568,4.6516,4.898,4.5084,3.6656,3.6321,4.8291,3.3746,0.864,0.8774
JC075,6.6776,6.3695,6.5408,6.7566,5.5901,7.0405,7.3318,4.1033,4.3173,4.2491,4.1528,3.496,4.2244,3.5447,3.7241,3.2916,6.9779,3.9745,3.9839,3.6928,3.2697,3.9924,3.5487,4.4631,3.8441,3.1709,5.5672,3.3874,2.948,5.1226,7.2031,3.7541,3.6958,2.9156,4.5171,3.9656,3.6243,3.7295,5.2969,7.9353,4.8191,3.2993,3.3005,4.3616,3.2401,3.4873,3.6114,4.5583,4.4796,3.9726,3.3025,3.7161,5.992,3.4666,4.3988,4.5245,3.8643,3.1676,3.4056,5.0989,3.6027,3.6723,4.9236,4.331,3.7475,4.3169,3.9753,3.9997,3.965,3.8618,4.2881,5.9201,5.2411,4.1521,4.2978,4.4146,5.7048,5.7693,6.5802,6.6297,6.6594,5.3335,4.8384,4.9322,5.3054,7.2858,5.5959,5.2183,7.2336,6.6389,5.1751,6.5692,5.4955,5.3887,7.5116,6.9155,7.8422,7.2062,7.7973,5.7028,7.0335,6.9498,5.9471,5.508,6.9744,6.3528,6.827,8.1758,6.5572,7.2805,6.702,7.1441,8.1979,9.4381,15.7633,16.6532,1.9302,2.1707,1.9849,2.07,3.4688,3.6657,3.7133,2.1735,2.4039,2.5523,2.4783,2.6211,1.4496,1.6622,1.8631,1.7619,1.7089,2.055,2.8532,3.2596,2.9089,3.2988,3.4747,2.347,2.6717,2.8468,1.9986,2.1124,3.193,2.465,1.95,1.8154,0.9776,1.0375,1.4463,0.4378,1.3331,1.1649,1.3706,0.9589,1.3175,1.3612,0.23,1.9062,0.2748,0.5078,1.0215,0.8052,1.771,3.0522,1.7084,2.4986,1.5874,2.111,2.6557,3.0098,2.0302,1.2782,1.7101,0.3545,0.0,0.4617,2.0232,1.8035,2.3597,0.1395,0.6701,1.9601,1.9524,1.8881,1.951,1.1429,1.1321,0.7209,1.4971,1.457,1.07,3.2647,3.8372,1.4452,1.1472,0.8472,1.5988,1.6011,1.9657,2.4638,2.3048,2.3686,2.7652,2.8457,3.5359,3.3593,4.2079,4.1263,4.1416,3.9124,4.3471,4.7856,4.7243,4.6461,4.9201,4.5693,3.568,3.5714,4.7754,3.1586,1.1967,1.2194
JC076,6.4379,6.1451,6.3297,6.554,5.3728,6.9089,7.2294,3.8997,4.1639,4.0884,4.0046,3.3115,4.1048,3.4104,3.6134,3.1368,6.9834,3.9126,3.896,3.6115,3.1693,3.9489,3.4888,4.4396,3.8199,3.1108,5.5694,3.3512,2.8992,5.128,7.2469,3.7705,3.701,2.9076,4.5622,4.0104,3.6599,3.7763,5.3686,8.0167,4.8918,3.3629,3.3467,4.4431,3.3185,3.5606,3.7103,4.6523,4.5888,4.0877,3.4075,3.8239,6.1042,3.5965,4.5359,4.6509,4.0069,3.3284,3.5779,5.2793,3.823,3.9155,5.1537,4.5831,4.038,4.6012,4.2566,4.2873,4.2822,4.1759,4.5985,6.1842,5.5204,4.5008,4.6283,4.751,6.0089,6.0759,6.8628,6.9246,6.9554,5.6623,5.188,5.2939,5.6505,7.5745,5.9312,5.5864,7.5317,6.9554,5.5507,6.9,5.8623,5.761,7.824,7.2379,8.1448,7.5287,8.1084,6.0863,7.3765,7.2915,6.3318,5.9034,7.3313,6.7193,7.1902,8.4977,6.929,7.6473,7.0956,7.5341,8.5872,9.7992,16.1632,17.0838,2.297,2.5317,2.3711,2.4364,3.8935,4.0981,4.1552,2.6131,2.8474,2.9942,2.9351,3.0798,1.9036,2.1092,2.3021,2.2222,2.1284,2.5141,3.2986,3.6928,3.3651,3.7456,3.9271,2.775,3.0766,3.2707,2.4126,2.483,3.6463,2.8573,2.3304,1.6145,0.6739,1.0059,1.7003,0.82,0.9885,1.0002,1.6861,1.2393,1.2199,1.7887,0.289,2.3453,0.5503,0.3089,1.4634,0.3971,1.5036,2.863,1.2521,2.4192,1.5439,2.5726,3.1169,2.7035,2.2887,1.5009,1.4068,0.3877,0.4617,0.0,1.8134,1.4159,2.769,0.4885,0.597,1.619,1.9084,1.8955,1.8116,0.8464,1.2561,0.2604,1.2596,1.7051,1.5309,2.9466,3.5195,1.6044,0.6941,0.63,1.441,1.169,1.5529,2.0993,1.9774,2.1156,2.522,2.4943,3.3137,2.9831,3.9175,3.8735,3.7659,3.5133,4.0031,4.4891,4.3713,4.2705,4.5241,4.1485,3.2799,3.2444,4.4418,3.0335,1.1408,1.1284
JC077,7.725,7.4829,7.6999,7.9423,6.7487,8.4526,8.8237,5.3569,5.7156,5.6287,5.5705,4.8345,5.7166,5.0184,5.2513,4.7213,8.7254,5.6082,5.5592,5.2893,4.8339,5.6647,5.1946,6.1701,5.557,4.8246,7.3154,5.0839,4.629,6.8797,9.0206,5.5414,5.4644,4.6712,6.3464,5.7974,5.4439,5.5657,7.1642,9.8123,6.6891,5.1623,5.1386,6.2453,5.1233,5.3628,5.5194,6.4583,6.3988,5.8994,5.2185,5.6347,7.9133,5.4098,6.3493,6.4635,5.8203,5.1396,5.3873,7.0883,5.6142,5.6919,6.9403,6.3529,5.7685,6.3386,5.9976,6.0211,5.975,5.8739,6.3011,7.9433,7.2631,6.1348,6.2976,6.4086,7.7185,7.7815,8.601,8.6466,8.6757,7.3311,6.8162,6.8929,7.2867,9.3046,7.5866,7.1671,9.2487,8.6436,7.1102,8.5619,7.4448,7.3286,9.5182,8.9153,9.8545,9.2055,9.8044,7.6178,9.0117,8.9299,7.8576,7.3947,8.9332,8.2982,8.7761,10.174,8.4918,9.2216,8.5845,9.0336,10.0845,11.383,17.5958,18.3375,3.9168,4.1591,3.9456,4.0545,5.289,5.4447,5.4345,3.9757,4.1706,4.3206,4.119,4.2181,3.2167,3.4581,3.687,3.4046,3.612,3.6944,4.5831,5.0467,4.5298,4.9995,5.1134,4.1919,4.5771,4.6884,3.9028,4.0914,4.8354,4.4032,3.92,3.2291,2.317,2.8063,3.4632,2.4571,2.4536,2.7281,2.0053,1.7543,0.7692,2.5799,1.8198,3.0757,2.2657,2.118,2.4596,1.9854,3.019,1.0499,1.5872,0.8443,0.7401,3.6098,4.1779,1.1118,2.0816,3.2815,2.8626,2.1799,2.0232,1.8134,0.0,0.9593,3.1869,1.9116,2.406,0.6734,0.7189,0.9197,0.3142,2.4494,3.0663,1.7085,2.8665,1.762,2.7071,1.3818,1.9208,1.4251,1.8687,2.3743,3.1282,1.2875,1.1529,0.9785,0.6755,0.3952,0.7519,1.1612,1.5133,1.7181,2.2267,2.1083,2.4208,2.3439,2.4881,2.8061,2.8819,2.8966,3.261,3.1031,1.5959,1.695,2.8723,1.2758,2.9264,2.8967
JC078,6.7854,6.5525,6.775,7.0205,5.8292,7.5748,7.966,4.4704,4.86,4.7692,4.7228,3.9791,4.8897,4.1995,4.4458,3.8957,7.9726,4.8375,4.7653,4.5097,4.0529,4.9103,4.4385,5.4235,4.825,4.0821,6.5755,4.3547,3.9057,6.1498,8.3081,4.8516,4.7651,3.986,5.6696,5.1319,4.7774,4.9081,6.5051,9.1396,6.0382,4.5343,4.4923,5.6123,4.5128,4.7399,4.9219,5.8366,5.7967,5.3134,4.6355,5.0452,7.2958,4.8517,5.7833,5.8821,5.27,4.6253,4.8827,6.5728,5.1717,5.2826,6.5012,5.9529,5.4356,5.9934,5.6482,5.6825,5.6911,5.5838,6.0042,7.5573,6.9067,5.9164,6.0408,6.1648,7.4094,7.4776,8.2485,8.3185,8.3498,7.0736,6.6036,6.7097,7.0654,8.9634,7.3441,7.0016,8.9268,8.3609,6.9644,8.3112,7.2777,7.1755,9.2268,8.6458,9.542,8.9363,9.5104,7.4977,8.7907,8.7054,7.7428,7.3087,8.7472,8.1349,8.6061,9.9046,8.3438,9.0629,8.5022,8.9428,9.9964,11.2152,17.5661,18.4438,3.7109,3.9467,3.7791,3.8505,5.2692,5.4603,5.495,3.9646,4.1882,4.3384,4.2212,4.3488,3.2193,3.4455,3.6562,3.4897,3.5122,3.7891,4.6314,5.0541,4.6505,5.0721,5.2291,4.1472,4.4743,4.6482,3.802,3.8963,4.946,4.2631,3.7406,2.4712,1.6713,2.2576,3.0988,2.2202,1.6937,2.09,2.407,2.0185,1.1392,2.8232,1.5737,3.3797,1.9625,1.6583,2.5915,1.3924,2.2241,1.8293,0.6519,1.8032,1.3802,3.7814,4.3512,1.3767,2.7178,2.8905,2.0542,1.7983,1.8035,1.4159,0.9593,0.0,3.6384,1.7467,1.9138,0.3315,1.5644,1.7122,1.2033,1.7585,2.6025,1.1997,2.1304,2.247,2.7641,1.5883,2.1506,1.9555,1.1302,1.7925,2.4248,0.3886,0.2372,0.6932,0.6568,1.0071,1.3732,1.0966,2.1499,1.5672,2.585,2.6138,2.35,2.109,2.6003,3.139,2.9614,2.8546,3.1169,2.7802,1.9672,1.8665,3.0464,2.1675,2.3401,2.2873
JC080,8.8455,8.5098,8.6502,8.8437,7.7275,8.9432,9.1447,6.2472,6.3515,6.3016,6.182,5.6252,6.1848,5.5724,5.6895,5.3745,8.4461,5.8038,5.8794,5.5903,5.2409,5.7709,5.4031,6.1516,5.5796,5.0567,7.1088,5.1944,4.8281,6.6784,8.5193,5.378,5.3588,4.6983,5.98,5.4785,5.2017,5.2599,6.6041,9.0706,6.1584,4.8268,4.8826,5.7082,4.7276,4.9587,4.9781,5.839,5.7087,5.2335,4.6902,5.0365,7.0893,4.739,5.5231,5.68,5.0304,4.3702,4.5191,5.9578,4.466,4.4087,5.5501,4.9127,4.2052,4.7134,4.4459,4.4287,4.2099,4.1473,4.5229,6.256,5.5494,4.1344,4.3917,4.4454,5.805,5.846,6.7493,6.715,6.7352,5.2978,4.7054,4.6873,5.1505,7.3693,5.4838,4.8836,7.2579,6.5751,4.7781,6.4061,5.1405,4.9963,7.4214,6.7905,7.8016,7.0622,7.7,5.1753,6.7455,6.6779,5.3852,4.8826,6.5783,5.921,6.3882,7.9825,6.0636,6.7823,5.9928,6.4412,7.4478,8.8881,14.7427,15.2963,2.5281,2.6755,2.4112,2.5912,2.8493,2.8817,2.7573,1.9106,1.9256,2.0185,1.6264,1.6042,1.6102,1.7085,1.8449,1.3663,2.0467,1.4271,2.1057,2.5775,1.8582,2.3604,2.346,2.1401,2.5698,2.4492,2.172,2.5811,2.1266,2.579,2.4413,4.0583,3.3312,3.1967,2.8527,2.3133,3.6901,3.4322,1.2319,1.6393,2.542,1.008,2.4801,0.5853,2.4959,2.8646,1.3642,3.1534,4.0796,3.7977,3.8571,2.9636,2.4479,1.1327,1.4515,4.2753,1.2215,2.8709,4.0452,2.6856,2.3597,2.769,3.1869,3.6384,0.0,2.2873,2.9574,3.5956,2.5629,2.3488,2.9044,3.4898,3.0245,2.9927,3.795,1.4305,1.4731,4.5397,5.0279,1.7635,3.4531,3.1797,3.8111,3.6378,3.8671,4.0806,3.8051,3.5685,3.8156,4.34,4.3211,4.9012,5.2163,4.9592,5.6025,5.5252,5.6171,5.761,6.01,6.0663,6.4447,6.2763,4.6543,4.8428,5.9497,3.5908,3.3479,3.4071
JC081,6.7984,6.4927,6.6661,6.8831,5.7142,7.1749,7.4684,4.2287,4.449,4.3799,4.2849,3.6235,4.359,3.6777,3.8592,3.4224,7.1173,4.1126,4.1207,3.8298,3.4053,4.1312,3.6867,4.6024,3.9833,3.3088,5.7067,3.5263,3.0863,5.2621,7.3418,3.8936,3.8353,3.055,4.656,4.1046,3.7635,3.8685,5.4347,8.0723,4.9569,3.438,3.4397,4.4991,3.3782,3.6255,3.7482,4.695,4.6154,4.1081,3.4391,3.8523,6.1271,3.6013,4.5323,4.6589,3.9976,3.2997,3.5362,5.2273,3.7264,3.792,5.0446,4.4483,3.857,4.4272,4.0867,4.1096,4.067,3.9649,4.3918,6.0339,5.3519,4.2438,4.3955,4.5101,5.809,5.8727,6.6895,6.7359,6.7652,5.4307,4.929,5.0181,5.3973,7.3933,5.6908,5.3015,7.3387,6.7391,5.2551,6.665,5.579,5.4699,7.6127,7.0139,7.9459,7.3045,7.8986,5.7789,7.1251,7.0419,6.0225,5.5783,7.0609,6.4359,6.9112,8.2738,6.638,7.3631,6.7725,7.2162,8.2701,9.5222,15.8287,16.6987,2.0204,2.2621,2.0663,2.1597,3.5233,3.7137,3.7523,2.2182,2.4437,2.5934,2.4979,2.6355,1.4788,1.7006,1.9095,1.7732,1.7725,2.07,2.8896,3.3075,2.9289,3.3329,3.5005,2.4014,2.7408,2.903,2.0644,2.2002,3.2179,2.5415,2.0343,1.9376,1.0731,1.1732,1.5701,0.5467,1.4219,1.2884,1.257,0.8339,1.1924,1.3009,0.2053,1.8569,0.4138,0.6061,0.9756,0.8661,1.8814,2.9333,1.7022,2.3661,1.4541,2.1058,2.66,2.9175,1.906,1.4078,1.8122,0.4781,0.1395,0.4885,1.9116,1.7467,2.2873,0.0,0.7969,1.8836,1.818,1.7503,1.8277,1.2424,1.2706,0.7347,1.6118,1.3291,1.0626,3.1753,3.7465,1.3077,1.1824,0.9577,1.7259,1.5712,1.9207,2.3933,2.2217,2.2647,2.6576,2.7688,3.4222,3.2909,4.1089,4.0182,4.0715,3.8538,4.2644,4.6875,4.6444,4.5754,4.8586,4.5226,3.4694,3.4841,4.6886,3.0301,1.3317,1.3516
JC082,6.0088,5.6996,5.8708,6.0869,4.92,6.3846,6.6869,3.4333,3.6537,3.5838,3.4902,2.8268,3.5704,2.885,3.0727,2.6264,6.3965,3.3462,3.3425,3.054,2.6214,3.3749,2.9207,3.8592,3.2389,2.542,4.9825,2.7733,2.325,4.5401,6.6527,3.179,3.1117,2.32,3.967,3.415,3.0652,3.1805,4.7718,7.4198,4.2949,2.766,2.7507,3.8461,2.7217,2.9637,3.1144,4.0557,3.9934,3.4934,2.8126,3.2289,5.5084,3.0052,3.9447,4.0577,3.4177,2.746,2.9985,4.6988,3.2641,3.3698,4.5953,4.0399,3.5274,4.0819,3.7367,3.7725,3.7959,3.6871,4.1031,5.6441,4.9933,4.0498,4.1541,4.283,5.5014,5.5706,6.3349,6.4066,6.4382,5.1811,4.7338,4.8556,5.1882,7.0501,5.4563,5.1557,7.0152,6.4571,5.1319,6.4169,5.4285,5.3361,7.3199,6.7449,7.6312,7.0351,7.6027,5.6778,6.9062,6.8197,5.9244,5.5173,6.8787,6.2819,6.7467,8.0018,6.4987,7.2076,6.7014,7.1322,8.1812,9.3476,15.7684,16.7614,1.9098,2.1274,2.0147,2.0435,3.5904,3.8156,3.9056,2.3832,2.6261,2.7631,2.7843,2.9438,1.771,1.9296,2.0815,2.1297,1.8558,2.3952,3.0761,3.4182,3.2011,3.5213,3.7303,2.5025,2.7386,2.9752,2.1141,2.0954,3.4582,2.4983,1.965,1.1468,0.4431,0.4115,1.2028,0.671,0.7858,0.4962,2.0376,1.6286,1.8097,1.9494,0.7127,2.4555,0.4637,0.2886,1.5934,0.5387,1.1247,3.4559,1.5832,3.0114,2.1247,2.5223,3.0165,3.253,2.7003,0.9876,1.0903,0.3191,0.6701,0.597,2.406,1.9138,2.9574,0.7969,0.0,2.1578,2.4917,2.4634,2.4083,0.5614,0.6895,0.7268,0.8427,2.1257,1.5462,3.486,4.0556,2.0932,0.902,0.2498,0.9292,1.6006,2.0072,2.607,2.5203,2.6956,3.1029,3.0098,3.8983,3.4649,4.4703,4.4458,4.2416,3.9559,4.5136,5.0361,4.8707,4.7431,4.9646,4.542,3.8369,3.7749,4.9602,3.6304,0.5563,0.5614
JC084,7.1094,6.8793,7.103,7.349,6.1583,7.9063,8.2971,4.8019,5.1906,5.1,5.0529,4.3095,5.2181,4.5267,4.7715,4.2234,8.2926,5.1587,5.0898,4.8319,4.3749,5.229,4.757,5.7414,5.1398,4.3979,6.8929,4.6685,4.2178,6.4654,8.6218,5.1587,5.0739,4.2908,5.9751,5.4345,5.0797,5.2088,6.8078,9.4465,6.3389,4.828,4.7899,5.9088,4.8026,5.0329,5.2095,6.131,6.0867,5.5991,4.9193,5.3312,7.5907,5.1301,6.0652,6.1676,5.5473,4.8925,5.1481,6.8438,5.4219,5.5243,6.7531,6.1936,5.6569,6.2194,5.8746,5.906,5.8993,5.7935,6.2168,7.7968,7.1374,6.1063,6.242,6.3626,7.6279,7.6948,8.4799,8.5434,8.5742,7.2771,6.7933,6.8909,7.2585,9.1925,7.5438,7.1782,9.1506,8.5733,7.1351,8.5145,7.4553,7.3487,9.4426,8.8548,9.7638,9.1456,9.7272,7.6615,8.9861,8.9017,7.9054,7.4619,8.9324,8.3126,8.7864,10.1149,8.5173,9.2404,8.6561,9.0998,10.1537,11.3974,17.7096,18.544,3.8882,4.1274,3.9449,4.0281,5.3965,5.5769,5.5973,4.0829,4.2986,4.4495,4.3041,4.4229,3.3272,3.5605,3.7787,3.573,3.6554,3.8716,4.7341,5.1719,4.7295,5.1688,5.3123,4.2772,4.6243,4.7794,3.9476,4.0715,5.0297,4.4235,3.91,2.7864,1.9551,2.5218,3.3187,2.3914,2.0056,2.3762,2.3679,2.0184,1.054,2.8459,1.732,3.3876,2.1497,1.8878,2.6487,1.6565,2.5452,1.4977,0.9826,1.5121,1.2241,3.8382,4.411,1.0962,2.5968,3.1163,2.3769,2.0067,1.9601,1.619,0.6734,0.3315,3.5956,1.8836,2.1578,0.0,1.342,1.5142,0.9531,2.0549,2.8465,1.4318,2.4398,2.1751,2.8489,1.3297,1.9016,1.8605,1.4306,2.0604,2.7286,0.7154,0.4846,0.5183,0.3626,0.6758,1.0447,0.8857,1.8284,1.4139,2.3134,2.3142,2.1904,2.0019,2.3896,2.8784,2.7645,2.6933,2.9921,2.7169,1.6836,1.6254,2.8242,1.8403,2.6151,2.5678
JC093,8.1705,7.9069,8.1107,8.3459,7.1531,8.777,9.1165,5.716,6.0273,5.9465,5.8733,5.1568,5.9912,5.2927,5.5066,5.0084,8.8882,5.8192,5.7968,5.5148,5.0685,5.8572,5.3962,6.3476,5.7277,5.0186,7.4742,5.2594,4.8076,7.0318,9.138,5.6696,5.6033,4.8116,6.4505,5.898,5.5512,5.6625,7.242,9.8844,6.7641,5.2389,5.2323,6.3087,5.1847,5.4308,5.5615,6.5083,6.4316,5.9248,5.2532,5.6675,7.9443,5.419,6.3503,6.4768,5.8155,5.1167,5.3511,7.0362,5.5223,5.572,6.8262,6.2149,5.5876,6.1581,5.8256,5.8404,5.7538,5.6589,6.0846,7.7763,7.0799,5.8633,6.0515,6.1515,7.4946,7.5532,8.4026,8.4292,8.4565,7.0731,6.5316,6.5866,7.0031,9.0925,7.3151,6.8456,9.0224,8.3925,6.7758,8.2881,7.1216,6.997,9.2675,8.6525,9.6175,8.9405,9.5539,7.2611,8.7136,8.6348,7.4955,7.0175,8.6113,7.9652,8.4442,9.9036,8.1469,8.8791,8.1957,8.6475,9.691,11.0362,17.1469,17.8117,3.689,3.9273,3.6881,3.8202,4.8955,5.0257,4.9875,3.6081,3.7778,3.9236,3.6727,3.7513,2.8715,3.1117,3.3434,2.9938,3.3201,3.266,4.1596,4.6399,4.0619,4.5523,4.6378,3.8405,4.2548,4.3207,3.6,3.8493,4.3677,4.1118,3.6727,3.4835,2.5305,2.903,3.3748,2.3444,2.7508,2.9029,1.4684,1.3549,0.6935,2.1068,1.8034,2.5379,2.2242,2.2118,2.074,2.195,3.3184,1.2912,2.1145,0.5574,0.368,3.1349,3.6859,1.7252,1.3986,3.2233,3.1826,2.2077,1.9524,1.9084,0.7189,1.5644,2.5629,1.818,2.4917,1.342,0.0,0.2166,0.405,2.6883,3.078,1.9012,3.1177,1.1898,2.3554,1.9845,2.4654,0.8642,2.2005,2.5322,3.3365,1.8088,1.7879,1.6973,1.3945,1.0454,1.2529,1.857,1.8238,2.401,2.6785,2.4657,3.0576,3.0254,3.0542,3.2407,3.4472,3.5096,3.9002,3.7907,2.0955,2.2828,3.3937,1.2494,3.0454,3.0366
JC094,8.2298,7.9589,8.1579,8.3902,7.1994,8.794,9.1227,5.7501,6.045,5.9664,5.8885,5.1806,5.9971,5.3007,5.5078,5.0215,8.8539,5.8056,5.7915,5.5066,5.0647,5.8378,5.381,6.3223,5.7019,5.0025,7.4409,5.2367,4.7876,6.9972,9.0898,5.6312,5.5684,4.7801,6.4028,5.8508,5.507,5.6148,7.1849,9.8221,6.7072,5.1866,5.1852,6.2495,5.1282,5.3753,5.4981,6.4447,6.3631,5.8555,5.1887,5.6012,7.8726,5.3465,6.2729,6.4027,5.7379,5.0362,5.266,6.9427,5.4212,5.4632,6.7162,6.0997,5.4625,6.0318,5.7023,5.7148,5.618,5.5248,5.9492,7.6509,6.9513,5.7146,5.9087,6.0058,7.3552,7.4125,8.2685,8.2904,8.3171,6.9258,6.3786,6.4284,6.8497,8.9544,7.1643,6.6835,8.8808,8.2454,6.6109,8.1356,6.9588,6.8323,9.1198,8.5024,9.4728,8.7896,9.406,7.0906,8.5551,8.4771,7.3235,6.8427,8.4474,7.7993,8.2782,9.7508,7.9783,8.7105,8.0174,8.4695,9.5109,10.8655,16.9544,17.6066,3.5585,3.7946,3.5497,3.6873,4.7199,4.8444,4.8003,3.4422,3.6052,3.7495,3.4883,3.5623,2.7151,2.9535,3.1846,2.8202,3.1747,3.087,3.979,4.4619,3.872,4.3657,4.4453,3.6776,4.0976,4.1524,3.4503,3.7142,4.1772,3.9628,3.5371,3.4949,2.5401,2.8721,3.285,2.2595,2.7829,2.8956,1.2756,1.2056,0.7226,1.9238,1.7599,2.3378,2.1626,2.1912,1.9144,2.2096,3.3452,1.484,2.2281,0.7003,0.38,2.9458,3.4918,1.9418,1.1823,3.1435,3.2171,2.1672,1.8881,1.8955,0.9197,1.7122,2.3488,1.7503,2.4634,1.5142,0.2166,0.0,0.6067,2.7033,3.0199,1.9179,3.1313,0.9916,2.2017,2.201,2.6791,0.6777,2.252,2.525,3.3348,1.9259,1.9419,1.8948,1.5934,1.2591,1.468,2.0681,2.0168,2.6147,2.8835,2.6598,3.2742,3.2396,3.2686,3.442,3.6612,3.726,4.1168,4.0043,2.3069,2.4989,3.6043,1.3976,3.0196,3.0172
JC095,7.9073,7.6551,7.8661,8.1054,6.9112,8.58,8.937,5.4969,5.8344,5.7501,5.685,4.9566,5.8185,5.1189,5.3436,4.827,8.7805,5.6812,5.6441,5.3682,4.9159,5.7294,5.2625,6.2289,5.6117,4.8882,7.3674,5.1398,4.6852,6.9282,9.0557,5.5771,5.5047,4.7104,6.3728,5.8213,5.4701,5.5875,7.1801,9.828,6.7032,5.1743,5.1581,6.2535,5.1285,5.3714,5.5169,6.461,6.3938,5.8903,5.2121,5.6284,7.9094,5.3926,6.3303,6.45,5.7978,5.1078,5.3502,7.0472,5.5535,5.6193,6.8722,6.2736,5.6699,6.2411,5.9032,5.923,5.8597,5.761,6.1882,7.8535,7.1657,5.9985,6.1722,6.2787,7.6042,7.6654,8.4984,8.5359,8.5643,7.202,6.6753,6.7429,7.1467,9.1967,7.452,7.011,9.1346,8.5186,6.9487,8.4271,7.2883,7.1684,9.3939,8.7855,9.7362,9.075,9.6804,7.4474,8.867,8.7864,7.6852,7.2156,8.7784,8.1383,8.617,10.0418,8.3271,9.0583,8.4014,8.8519,9.9003,11.219,17.3902,18.0998,3.7934,4.0349,3.8099,3.9289,5.1006,5.2461,5.2245,3.7948,3.98,4.1287,3.9068,3.998,3.0417,3.2839,3.5148,3.2042,3.4607,3.4881,4.3811,4.8524,4.3098,4.7887,4.8914,4.0182,4.4165,4.5094,3.7482,3.9626,4.6161,4.2549,3.7884,3.3147,2.3771,2.8172,3.3969,2.3727,2.5543,2.7739,1.7488,1.5441,0.6358,2.351,1.7678,2.8248,2.2098,2.1205,2.2635,2.0397,3.1244,1.1143,1.7948,0.6484,0.4835,3.3848,3.9476,1.3721,1.777,3.2272,2.9769,2.1535,1.951,1.8116,0.3142,1.2033,2.9044,1.8277,2.4083,0.9531,0.405,0.6067,0.0,2.5226,3.0412,1.7503,2.9485,1.4911,2.5263,1.6387,2.1523,1.1534,1.9802,2.4091,3.192,1.4886,1.4161,1.2924,0.9896,0.6658,0.9432,1.4647,1.6258,2.0163,2.4155,2.2514,2.6983,2.6422,2.7324,2.99,3.1269,3.1638,3.5408,3.4046,1.8028,1.9464,3.0969,1.2224,2.9482,2.9278
JC097,5.5916,5.299,5.485,5.7107,4.5276,6.0914,6.4285,3.0584,3.342,3.2631,3.1863,2.4786,3.3039,2.6049,2.8233,2.3204,6.2764,3.1613,3.1215,2.8461,2.3934,3.2154,2.7457,3.7208,3.1091,2.3752,4.8674,2.6359,2.1815,4.4334,6.5815,3.1086,3.0267,2.2388,3.9226,3.3802,3.0254,3.154,4.7534,7.3944,4.284,2.7758,2.7354,3.8548,2.7548,2.9814,3.1647,4.0784,4.0384,3.5572,2.8815,3.2889,5.5378,3.1037,4.03,4.1257,3.5225,2.8982,3.158,4.8323,3.4833,3.618,4.7999,4.2851,3.8375,4.3714,4.0291,4.0728,4.137,4.0262,4.4287,5.8831,5.2614,4.43,4.5069,4.6422,5.7987,5.8708,6.5937,6.6823,6.7152,5.5172,5.1051,5.2428,5.5475,7.3122,5.7988,5.5487,7.291,6.7635,5.5362,6.7443,5.8169,5.7335,7.6142,7.0576,7.9095,7.3458,7.8935,6.0887,7.2478,7.1599,6.335,5.9475,7.2412,6.6626,7.1193,8.3061,6.8858,7.5827,7.1205,7.5433,8.5861,9.7046,16.1739,17.2205,2.3785,2.5786,2.5001,2.505,4.0848,4.3184,4.422,2.917,3.1604,3.2933,3.3344,3.4958,2.3289,2.4797,2.621,2.6895,2.3824,2.9517,3.6068,3.9271,3.7468,4.0489,4.2654,3.0203,3.2223,3.4783,2.6265,2.5593,3.9969,2.9731,2.4462,0.7956,0.1733,0.6216,1.6041,1.2308,0.2284,0.3526,2.4972,2.0619,1.9958,2.4832,1.0907,3.0038,1.0006,0.637,2.1308,0.494,0.6572,3.4791,1.2694,3.1608,2.3356,3.0834,3.5733,3.1352,3.1254,1.3868,0.5701,0.8042,1.1429,0.8464,2.4494,1.7585,3.4898,1.2424,0.5614,2.0549,2.6883,2.7033,2.5226,0.0,1.0345,0.7873,0.4294,2.542,2.1028,3.3424,3.8963,2.4508,0.6284,0.316,0.6805,1.3886,1.787,2.4308,2.4092,2.6732,3.0742,2.8336,3.871,3.2275,4.3412,4.368,3.9833,3.66,4.3031,4.8884,4.6391,4.475,4.6549,4.1871,3.7257,3.6091,4.7583,3.7191,0.6353,0.5617
JC098,5.8211,5.487,5.6327,5.8318,4.7043,6.014,6.2733,3.2228,3.347,3.2912,3.1781,2.6007,3.2091,2.5647,2.707,2.3528,5.8526,2.9,2.9351,2.6416,2.2508,2.9023,2.4781,3.3561,2.7414,2.1075,4.4447,2.2983,1.8784,3.9998,6.0712,2.6311,2.5776,1.812,3.3858,2.8348,2.4958,2.5987,4.1656,6.8064,3.6878,2.1674,2.1705,3.2312,2.1085,2.3555,2.4839,3.4306,3.3566,2.8513,2.1763,2.5915,4.8714,2.3514,3.2892,3.4091,2.7574,2.0733,2.3219,4.0233,2.5755,2.6803,3.9069,3.3506,2.8476,3.3978,3.0528,3.0905,3.1278,3.0179,3.4292,4.9549,4.3063,3.4034,3.4919,3.6243,4.8203,4.8902,5.6473,5.7214,5.7533,4.5124,4.0825,4.2147,4.5305,6.3631,4.7906,4.5191,6.3303,5.779,4.504,5.7457,4.7888,4.7029,6.6389,6.0688,6.9469,6.3585,6.921,5.0556,6.241,6.1538,5.302,4.913,6.2237,5.6374,6.0974,7.3237,5.8586,6.56,6.0866,6.5105,7.5546,8.6906,15.143,16.1885,1.3662,1.553,1.5018,1.4858,3.0808,3.3226,3.4447,1.9977,2.237,2.3561,2.4684,2.6372,1.5634,1.6437,1.7299,1.929,1.4608,2.1407,2.6661,2.9417,2.8522,3.096,3.3293,2.0604,2.2137,2.4886,1.6645,1.5412,3.074,1.9589,1.4443,1.1402,1.0144,0.4137,0.5708,0.8248,1.2441,0.7209,2.346,2.0124,2.4206,2.0594,1.2788,2.4629,0.8574,0.9626,1.7176,1.2171,1.2837,4.1143,2.2383,3.6173,2.7109,2.3392,2.7476,3.9411,3.0403,0.3567,1.3451,0.8888,1.1321,1.2561,3.0663,2.6025,3.0245,1.2706,0.6895,2.8465,3.078,3.0199,3.0412,1.0345,0.0,1.4148,1.0305,2.504,1.552,4.1752,4.7451,2.5516,1.5537,0.8402,0.8868,2.2817,2.6897,3.2957,3.2088,3.3712,3.7779,3.6988,4.5697,4.1487,5.1582,5.1269,4.9227,4.6275,5.2015,5.7249,5.5566,5.4228,5.6333,5.1922,4.5237,4.4644,5.6489,4.2612,0.4625,0.552
JC099,6.3423,6.0596,6.2521,6.4813,5.2937,6.8784,7.2153,3.8349,4.1288,4.0493,3.9735,3.2627,4.0902,3.3916,3.6072,3.1078,7.0311,3.9327,3.9013,3.6224,3.1727,3.9792,3.5129,4.4787,3.862,3.1381,5.6185,3.3898,2.935,5.1803,7.315,3.8352,3.76,2.9659,4.6382,4.0889,3.7356,3.8572,5.456,8.1039,4.9812,3.4554,3.4302,4.5388,3.419,3.6568,3.8186,4.7537,4.6983,4.2025,3.521,3.9362,6.2109,3.7212,4.6599,4.769,4.1358,3.4699,3.7235,5.4227,3.9903,4.0931,5.3216,4.7627,4.2365,4.7956,4.4504,4.4839,4.4919,4.3845,4.8045,6.3664,5.7107,4.7234,4.843,4.9681,6.2101,6.2781,7.053,7.1206,7.1518,5.875,5.4101,5.5211,5.8702,7.767,6.1465,5.8159,7.7286,7.1613,5.7834,7.1124,6.0911,5.9922,8.0273,7.4462,8.3433,7.7368,8.311,6.3219,7.5941,7.5085,6.5678,6.1439,7.555,6.9475,7.4168,8.705,7.1593,7.8751,7.3349,7.7719,8.8243,10.0239,16.4038,17.3366,2.5321,2.7638,2.6125,2.6708,4.1458,4.3528,4.4126,2.8704,3.1055,3.2519,3.1955,3.3402,2.1639,2.3684,2.5595,2.4824,2.3808,2.7744,3.5571,3.9479,3.6254,4.0042,4.187,3.0291,3.323,3.5231,2.663,2.7187,3.9063,3.0997,2.57,1.5824,0.6307,1.1068,1.8992,1.0721,0.8739,1.0246,1.8711,1.4193,1.2085,2.0258,0.5296,2.587,0.7965,0.459,1.7092,0.2939,1.4284,2.7549,0.9922,2.3813,1.5485,2.8307,3.3766,2.5265,2.4369,1.6916,1.3075,0.6078,0.7209,0.2604,1.7085,1.1997,2.9927,0.7347,0.7268,1.4318,1.9012,1.9179,1.7503,0.7873,1.4148,0.0,1.2166,1.8578,1.7881,2.7609,3.3315,1.716,0.4612,0.6658,1.4434,0.9238,1.3178,1.8909,1.794,1.9776,2.3849,2.2913,3.1824,2.7632,3.7437,3.7215,3.5443,3.2794,3.7986,4.3102,4.1611,4.0481,4.2906,3.9027,3.1102,3.0521,4.2422,2.9613,1.2193,1.1882
JC102,5.1907,4.8913,5.0723,5.2953,4.1165,5.6628,5.9991,2.6402,2.9137,2.8356,2.7575,2.0537,2.8748,2.1756,2.3955,1.8912,5.8649,2.7418,2.6963,2.4234,1.969,2.801,2.3298,3.3097,2.7027,1.9636,4.4593,2.2304,1.7784,4.0285,6.1826,2.7213,2.6349,1.8572,3.5397,3.0043,2.6505,2.7833,4.3767,7.0092,3.9122,2.4257,2.3742,3.4936,2.4164,2.6323,2.8293,3.722,3.6926,3.2245,2.5597,2.957,5.1778,2.7947,3.7043,3.7905,3.2118,2.6246,2.8846,4.5274,3.2445,3.3981,4.5385,4.0556,3.6626,4.1745,3.8378,3.8874,3.9853,3.8739,4.2607,5.639,5.0415,4.3114,4.362,4.5019,5.5982,5.6722,6.3606,6.4615,6.4952,5.3505,4.9727,5.1249,5.4011,7.0792,5.636,5.4347,7.0681,6.5661,5.4338,6.5644,5.6968,5.623,7.4045,6.8643,7.6869,7.15,7.6804,5.9903,7.0783,6.9895,6.2354,5.871,7.0904,6.5313,6.9786,8.1026,6.7599,7.4428,7.027,7.4399,8.4733,9.5429,16.0526,17.161,2.3907,2.5641,2.5306,2.5047,4.104,4.3488,4.4747,3.019,3.2602,3.3828,3.4733,3.6399,2.5103,2.6291,2.7402,2.8783,2.4799,3.1187,3.694,3.9708,3.8688,4.1259,4.3571,3.0901,3.2365,3.5175,2.694,2.5607,4.0989,2.9793,2.4724,0.3666,0.5919,0.6619,1.5801,1.4875,0.4377,0.3682,2.8671,2.4436,2.4251,2.788,1.4821,3.2807,1.3062,1.013,2.4311,0.9231,0.2857,3.8878,1.5804,3.5885,2.7646,3.2836,3.7365,3.5029,3.514,1.3797,0.3149,1.1436,1.4971,1.2596,2.8665,2.1304,3.795,1.6118,0.8427,2.4398,3.1177,3.1313,2.9485,0.4294,1.0305,1.2166,0.0,2.9329,2.3606,3.698,4.2408,2.8604,1.0123,0.6551,0.3109,1.7482,2.13,2.7817,2.7866,3.0751,3.4718,3.1792,4.2653,3.5368,4.6968,4.7439,4.2732,3.9275,4.6192,5.2334,4.9411,4.7551,4.9046,4.4036,4.092,3.9525,5.0766,4.1394,0.5682,0.4793
JC103,8.1234,7.8205,7.9951,8.2123,7.0426,8.489,8.7682,5.5577,5.773,5.7055,5.6079,4.9524,5.6731,4.9983,5.1714,4.7482,8.3305,5.3992,5.4216,5.129,4.7154,5.4057,4.975,5.8583,5.2451,4.6002,6.9314,4.8011,4.3735,6.487,8.5093,5.1222,5.0746,4.316,5.8452,5.3017,4.9755,5.0672,6.5821,9.1837,6.1091,4.627,4.6469,5.6468,4.5521,4.7996,4.8883,5.8227,5.7231,5.2177,4.5791,4.9779,7.2082,4.7028,5.5995,5.7403,5.0689,4.3651,4.574,6.2036,4.6675,4.6811,5.9207,5.2906,4.6248,5.1866,4.8686,4.8735,4.7449,4.6578,5.076,6.8014,6.0944,4.8037,5.0138,5.1022,6.4649,6.5188,7.3912,7.3995,7.4248,6.0149,5.4543,5.491,5.9232,8.0642,6.2436,5.7366,7.9813,7.3323,5.6578,7.2092,6.0099,5.8797,8.2038,7.5812,8.5642,7.8661,8.4893,6.1259,7.6139,7.5377,6.356,5.8706,7.4946,6.8429,7.3212,8.8214,7.0163,7.748,7.0394,7.4917,8.53,9.8982,15.9631,16.6237,2.7244,2.9484,2.6881,2.8424,3.749,3.8638,3.8128,2.4974,2.6434,2.7841,2.5052,2.5739,1.8078,2.0359,2.2622,1.8608,2.2956,2.1141,3.0008,3.4872,2.8826,3.3791,3.4543,2.739,3.1715,3.1978,2.5525,2.8612,3.1874,3.0616,2.6853,3.2656,2.3689,2.4881,2.6188,1.6798,2.6936,2.6173,0.2905,0.4997,1.1223,0.951,1.4527,1.3482,1.7039,1.9199,1.0234,2.0975,3.1945,2.4755,2.5588,1.677,1.0219,1.958,2.5004,2.8621,0.5837,2.5256,3.109,1.8071,1.457,1.7051,1.762,2.247,1.4305,1.3291,2.1257,2.1751,1.1898,0.9916,1.4911,2.542,2.504,1.8578,2.9329,0.0,1.3202,3.1295,3.6382,0.3379,2.3013,2.2781,3.0548,2.3037,2.4814,2.6522,2.3747,2.149,2.4235,2.9104,3.0083,3.4721,3.8678,3.6513,4.1823,4.0954,4.2217,4.4304,4.6161,4.6534,5.023,4.8458,3.2773,3.4375,4.5758,2.3629,2.6488,2.6755
JC105,7.373,7.0388,7.1823,7.3787,6.2562,7.5153,7.7419,4.7745,4.889,4.8365,4.7196,4.1525,4.7336,4.1079,4.2348,3.9039,7.1572,4.3779,4.4392,4.1476,3.7826,4.3573,3.9678,4.7672,4.1754,3.6116,5.7821,3.7676,3.3817,5.3425,7.2918,4.0032,3.972,3.2704,4.6682,4.1411,3.8383,3.9127,5.3609,7.9259,4.8959,3.4717,3.5116,4.4354,3.3832,3.6251,3.6822,4.5945,4.4828,3.9844,3.3792,3.7594,5.9422,3.4723,4.3375,4.4844,3.8149,3.1188,3.3098,4.9035,3.3673,3.3698,4.6038,3.972,3.3046,3.8671,3.5485,3.5536,3.4313,3.3421,3.7627,5.4831,4.7772,3.5131,3.7112,3.8057,5.1603,5.2163,6.0809,6.0957,6.1218,4.7246,4.1775,4.2314,4.6487,6.7603,4.9626,4.4924,6.6829,6.0441,4.4259,5.9344,4.769,4.6464,6.9183,6.3007,7.2725,6.588,7.2045,4.9212,6.3584,6.2795,5.1588,4.6905,6.2592,5.6157,6.0947,7.5497,5.8021,6.5337,5.8786,6.3283,7.3783,8.6937,14.8943,15.6951,1.406,1.6283,1.3686,1.5223,2.582,2.7432,2.7504,1.2695,1.4651,1.6157,1.4579,1.5852,0.517,0.7586,0.9902,0.7259,0.9798,1.0253,1.8892,2.3422,1.8865,2.3204,2.4664,1.4922,1.8996,1.9837,1.2491,1.5411,2.1834,1.7617,1.3651,2.6005,1.9609,1.7369,1.4434,0.8769,2.3198,1.993,1.0569,1.0005,1.9384,0.5356,1.2655,0.9246,1.1092,1.5225,0.2969,1.8602,2.6462,3.6226,2.7648,2.8999,2.0577,1.0435,1.5993,3.7963,1.7044,1.4235,2.632,1.3234,1.07,1.5309,2.7071,2.7641,1.4731,1.0626,1.5462,2.8489,2.3554,2.2017,2.5263,2.1028,1.552,1.7881,2.3606,1.3202,0.0,4.064,4.6207,1.5446,2.2155,1.7868,2.3496,2.6256,2.956,3.3672,3.1556,3.0955,3.4512,3.7157,4.1467,4.2608,4.9307,4.7773,5.0302,4.8484,5.1717,5.5087,5.5611,5.5286,5.8407,5.5426,4.3029,4.3785,5.5728,3.5979,1.8835,1.9474
JC107,7.9472,7.762,8.0044,8.2586,7.0906,8.928,9.355,5.8419,6.2809,6.1853,6.1576,5.4142,6.3501,5.6777,5.9347,5.3708,9.4854,6.3534,6.2621,6.0214,5.5682,6.4376,5.9683,6.9528,6.3669,5.6236,8.1032,5.9015,5.459,7.6859,9.8472,6.414,6.3238,5.5544,7.2338,6.7018,6.3483,6.4813,8.0732,10.6972,7.6101,6.1156,6.0699,7.19,6.097,6.3217,6.5072,7.4165,7.3802,6.8995,6.2226,6.6312,8.8743,6.4399,7.3707,7.4681,6.8582,6.2123,6.4692,8.1608,6.7499,6.8538,8.0809,7.5233,6.9841,7.5477,7.2031,7.2337,7.2213,7.1163,7.5406,9.1265,8.4665,7.4167,7.56,7.6783,8.9536,9.02,9.809,9.871,9.9016,8.5956,8.1028,8.1934,8.5701,10.5211,8.8597,8.476,10.4778,9.8961,8.4272,9.8323,8.7536,8.6431,10.7667,10.1758,11.0903,10.4666,11.0516,8.9457,10.2982,10.2145,9.1879,8.734,10.2362,9.6102,10.0859,11.4361,9.8104,10.5368,9.9269,10.3739,11.4268,12.6967,18.9582,19.7187,5.1941,5.4351,5.2412,5.3338,6.6425,6.8071,6.8054,5.3258,5.5289,5.6797,5.4928,5.5956,4.5651,4.8045,5.0298,4.7726,4.9316,5.0655,5.9495,6.4061,5.9068,6.3713,6.491,5.5338,5.9019,6.0341,5.2243,5.3751,6.212,5.7128,5.2096,4.0237,3.2595,3.8426,4.6468,3.701,3.2605,3.6776,3.3824,3.1327,2.1341,3.961,3.0408,4.4556,3.4695,3.2175,3.8286,2.9762,3.7598,1.0295,2.1313,1.7254,2.1126,4.9894,5.5585,0.2701,3.3806,4.4456,3.5847,3.3342,3.2647,2.9466,1.3818,1.5883,4.5397,3.1753,3.486,1.3297,1.9845,2.201,1.6387,3.3424,4.1752,2.7609,3.698,3.1295,4.064,0.0,0.5735,2.7916,2.7144,3.3784,3.9993,1.9547,1.569,0.9164,0.9692,0.9869,0.7472,0.5302,0.8972,0.6053,0.9992,1.0979,1.0786,1.1353,1.1091,1.5517,1.5016,1.5266,1.9186,1.8886,0.4252,0.3148,1.5149,1.4906,3.9282,3.8756
JC108,8.3117,8.1452,8.3939,8.6501,7.4968,9.3622,9.8029,6.2963,6.7518,6.6547,6.6344,5.8949,6.8364,6.1739,6.4345,5.8671,9.989,6.8639,6.7642,6.5308,6.0806,6.9533,6.4863,7.4684,6.8901,6.148,8.6162,6.428,5.9897,8.2039,10.3645,6.9483,6.8562,6.0937,7.7683,7.2408,6.8882,7.0227,8.6097,11.225,8.1496,6.6639,6.615,7.7344,6.6483,6.8703,7.0595,7.9626,7.9299,7.4528,6.7778,7.1845,9.4185,6.998,7.9263,8.0211,7.4167,6.7758,7.0333,8.7221,7.3188,7.4246,8.6494,8.0943,7.5573,8.1206,7.7759,7.8068,7.7947,7.6898,8.1141,9.6979,9.039,7.989,8.1332,8.2513,9.527,9.5934,10.3815,10.4441,10.4748,9.1688,8.6749,8.7643,9.1425,11.0939,9.4327,9.046,11.051,10.4696,8.996,10.4054,9.3237,9.2123,11.3401,10.7491,11.6636,11.0399,11.6251,9.5126,10.8705,10.787,9.7544,9.2983,10.8072,10.1799,10.656,12.0094,10.3792,11.1062,10.4905,10.9382,11.9906,13.2665,19.5141,20.2515,5.7661,6.0072,5.8117,5.9057,7.2018,7.3623,7.355,5.8858,6.0858,6.2363,6.0399,6.1384,5.1253,5.3654,5.5919,5.324,5.4987,5.6148,6.5022,6.9627,6.4501,6.9202,7.0335,6.0964,6.4687,6.5958,5.7913,5.9467,6.7559,6.2819,5.7807,4.5582,3.8192,4.4079,5.2197,4.2737,3.8045,4.2353,3.9008,3.6748,2.6845,4.4968,3.6137,4.977,4.043,3.7888,4.3791,3.542,4.2883,1.3193,2.664,2.1232,2.6342,5.5287,6.0951,0.8299,3.8425,5.018,4.1123,3.9072,3.8372,3.5195,1.9208,2.1506,5.0279,3.7465,4.0556,1.9016,2.4654,2.6791,2.1523,3.8963,4.7451,3.3315,4.2408,3.6382,4.6207,0.5735,0.0,3.3018,3.2698,3.943,4.5452,2.5079,2.1123,1.4656,1.5421,1.5274,1.2151,1.063,0.9423,0.8325,0.4896,0.7577,0.78,1.0497,0.5919,0.9928,0.9824,1.099,1.5379,1.6863,0.3944,0.2884,0.9522,1.7196,4.49,4.4353
JC109,8.042,7.7494,7.9327,8.1554,6.9763,8.4778,8.7756,5.4998,5.7442,5.6725,5.5818,4.9049,5.6631,4.978,5.1644,4.7161,8.4028,5.4197,5.4282,5.1375,4.7115,5.4362,4.9939,5.9026,5.2848,4.6161,6.9961,4.8309,4.3931,6.5512,8.6051,5.1826,5.1286,4.3551,5.9275,5.3791,5.0447,5.1433,6.6847,9.3044,6.2089,4.7068,4.7178,5.7477,4.6387,4.8868,4.9904,5.9323,5.8403,5.3328,4.6802,5.0861,7.3383,4.8193,5.7312,5.8674,5.1976,4.4928,4.7119,6.3663,4.8347,4.8622,6.1102,5.4862,4.8344,5.4008,5.0764,5.0853,4.9739,4.8833,5.3054,7.0193,6.3157,5.0549,5.2556,5.3492,6.7049,6.7608,7.6244,7.6402,7.6664,6.2668,5.7143,5.7595,6.1847,8.3048,6.5016,6.0117,8.2271,7.586,5.9373,7.4711,6.2865,6.1589,8.4595,7.8399,8.8155,8.1263,8.7455,6.4144,7.8854,7.808,6.6468,6.1653,7.7742,7.125,7.6038,9.0854,7.3027,8.0348,7.3397,7.7918,8.8333,10.189,16.2827,16.9566,2.9277,3.1592,2.9069,3.0521,4.0425,4.1668,4.1246,2.7694,2.9288,3.0726,2.8113,2.8876,2.0521,2.2879,2.5179,2.1437,2.5236,2.4093,3.3013,3.7843,3.198,3.6896,3.7736,3.0067,3.4311,3.4777,2.7927,3.0756,3.5037,3.305,2.8984,3.2079,2.2783,2.4804,2.7357,1.7431,2.5797,2.5701,0.6049,0.5786,0.8175,1.2462,1.3877,1.679,1.7122,1.8565,1.2516,1.9802,3.108,2.1549,2.318,1.3757,0.6851,2.2711,2.8219,2.5242,0.7741,2.6191,3.0069,1.7762,1.4452,1.6044,1.4251,1.9555,1.7635,1.3077,2.0932,1.8605,0.8642,0.6777,1.1534,2.4508,2.5516,1.716,2.8604,0.3379,1.5446,2.7916,3.3018,0.0,2.1354,2.2135,3.0137,2.0472,2.192,2.3273,2.0455,1.8113,2.0876,2.5766,2.6877,3.1378,3.5378,3.3299,3.8448,3.7618,3.8846,4.103,4.279,4.3155,4.6858,4.5144,2.9429,3.0998,4.241,2.0703,2.6379,2.6535
JC110,5.9779,5.7084,5.9105,6.1454,4.9527,6.5998,6.9603,3.5205,3.8552,3.7703,3.7071,2.9765,3.8484,3.1498,3.383,2.8537,6.8758,3.7481,3.6927,3.4259,2.9694,3.8113,3.3397,4.3212,3.7151,2.9754,5.4713,3.2427,2.7904,5.0409,7.1945,3.7282,3.6439,2.8602,4.5445,4.0044,3.6497,3.7795,5.3778,8.0159,4.9096,3.4041,3.3625,4.4823,3.3831,3.6097,3.7929,4.7064,4.6669,4.1851,3.5086,3.9168,6.1656,3.7284,4.657,4.7537,4.1471,3.5139,3.773,5.4545,4.083,4.2077,5.4065,4.8774,4.3993,4.9448,4.6004,4.6402,4.6811,4.5714,4.9827,6.4797,5.8458,4.9468,5.0438,5.1748,6.3698,6.4405,7.1832,7.2646,7.2969,6.066,5.6293,5.7545,6.0808,7.9008,6.3437,6.0557,7.8736,7.3306,6.0332,7.2993,6.3278,6.2367,8.1881,7.6214,8.4913,7.9108,8.4693,6.5797,7.7941,7.7071,6.8262,6.4189,7.773,7.1801,7.6434,8.8751,7.3982,8.105,7.6034,8.0341,9.0828,10.2411,16.6703,17.6553,2.8087,3.0287,2.908,2.9435,4.4732,4.6915,4.7678,3.2302,3.4701,3.6128,3.5879,3.7385,2.5553,2.7452,2.9216,2.8894,2.7191,3.1754,3.9227,4.29,4.0148,4.3703,4.5651,3.3701,3.6298,3.8538,2.99,2.9948,4.2872,3.3938,2.86,1.3673,0.5573,1.1699,2.0977,1.4326,0.5863,0.9662,2.3279,1.8759,1.5294,2.4811,0.9803,3.0392,1.1541,0.7394,2.1575,0.3822,1.1504,2.8782,0.6851,2.6279,1.8728,3.2523,3.7866,2.507,2.8753,1.8799,0.9975,0.9375,1.1472,0.6941,1.8687,1.1302,3.4531,1.1824,0.902,1.4306,2.2005,2.252,1.9802,0.6284,1.5537,0.4612,1.0123,2.3013,2.2155,2.7144,3.2698,2.1354,0.0,0.7136,1.298,0.7621,1.165,1.8041,1.7824,2.0632,2.4595,2.2077,3.2535,2.6164,3.7129,3.7415,3.3816,3.0757,3.6862,4.2615,4.0287,3.8783,4.08,3.6433,3.0975,2.983,4.1398,3.1445,1.2299,1.1692
JC115,5.8454,5.5441,5.7226,5.9434,4.7679,6.2807,6.5994,3.2874,3.5377,3.4635,3.3774,2.6917,3.4749,2.7812,2.9834,2.5098,6.3718,3.2871,3.267,2.9834,2.5398,3.3272,2.8644,3.8224,3.204,2.4874,4.9585,2.7331,2.2794,4.519,6.6502,3.1705,3.0964,2.302,3.9725,3.4231,3.0698,3.1915,4.7905,7.4383,4.316,2.7913,2.7647,3.8748,2.757,2.9933,3.1591,4.0911,4.0385,3.5454,2.8642,3.2783,5.5493,3.0707,4.0074,4.113,3.4874,2.834,3.0908,4.7839,3.3832,3.5016,4.7109,4.1719,3.686,4.2328,3.8882,3.9274,3.9679,3.8581,4.2691,5.7756,5.1364,4.2382,4.3314,4.4631,5.6572,5.7276,6.4753,6.5541,6.5863,5.3526,4.9193,5.0476,5.3692,7.1923,5.6306,5.3502,7.1631,6.6174,5.3309,6.5858,5.6214,5.5325,7.4756,6.9079,7.7805,7.1974,7.7571,5.8797,7.0811,6.994,6.1263,5.7266,7.062,6.4722,6.934,8.162,6.6916,7.3961,6.9069,7.3348,8.3816,9.5295,15.9701,16.983,2.1303,2.3414,2.2421,2.2614,3.8227,4.0509,4.1455,2.628,2.8712,3.0071,3.0333,3.1932,2.0208,2.1785,2.3279,2.3792,2.098,2.645,3.3202,3.6554,3.4493,3.7647,3.9759,2.7423,2.9663,3.2102,2.3517,2.3144,3.7047,2.7223,2.1906,0.9944,0.1971,0.4655,1.3906,0.9154,0.5371,0.3709,2.2143,1.7887,1.8402,2.1722,0.8292,2.689,0.6864,0.3588,1.8185,0.404,0.9243,3.42,1.3981,3.0317,2.17,2.7708,3.2663,3.1554,2.859,1.1718,0.8674,0.4983,0.8472,0.63,2.3743,1.7925,3.1797,0.9577,0.2498,2.0604,2.5322,2.525,2.4091,0.316,0.8402,0.6658,0.6551,2.2781,1.7868,3.3784,3.943,2.2135,0.7136,0.0,0.8111,1.453,1.8611,2.4825,2.422,2.6363,3.0428,2.8871,3.8414,3.3193,4.3711,4.3683,4.0895,3.7887,4.381,4.9301,4.7302,4.5879,4.7936,4.3534,3.7439,3.659,4.8318,3.6246,0.5576,0.5224
JC116,5.0868,4.7735,4.9424,5.1578,3.993,5.4708,5.7885,2.505,2.7309,2.6588,2.5693,1.8976,2.6638,1.9705,2.173,1.7027,5.5972,2.4894,2.4603,2.1796,1.732,2.5386,2.0706,3.042,2.4291,1.6976,4.1875,1.9559,1.5012,3.753,5.9012,2.4305,2.3473,1.5622,3.2464,2.7071,2.3525,2.4836,4.0804,6.7179,3.6135,2.119,2.0706,3.1907,2.1074,2.3255,2.5201,3.4176,3.3856,2.9151,2.2491,2.6474,4.875,2.4838,3.3943,3.4816,2.901,2.3162,2.576,4.2165,2.9414,3.0992,4.2305,3.7537,3.3764,3.8805,3.546,3.5972,3.7062,3.5949,3.9754,5.3332,4.7408,4.0442,4.0846,4.2259,5.3018,5.3763,6.0565,6.1598,6.1937,5.064,4.6988,4.8562,5.1215,6.7749,5.3506,5.1671,6.7657,6.2699,5.1709,6.2729,5.4265,5.3565,7.105,6.569,7.3844,6.8539,7.38,5.7283,6.7897,6.7006,5.9725,5.6185,6.8077,6.2558,6.6993,7.8042,6.4861,7.1636,6.7657,7.1742,8.2032,9.2554,15.777,16.9096,2.2027,2.3582,2.3517,2.3078,3.9052,4.1553,4.2938,2.8798,3.117,3.2318,3.355,3.5239,2.4351,2.5282,2.6162,2.8032,2.345,3.0243,3.5391,3.7871,3.7358,3.9617,4.2011,2.9291,3.0402,3.3338,2.536,2.3639,3.951,2.7806,2.2917,0.2558,0.815,0.6144,1.3893,1.5019,0.7411,0.4442,2.9614,2.5576,2.6431,2.8128,1.6261,3.2742,1.3711,1.1598,2.4568,1.1523,0.4383,4.1596,1.8881,3.8247,2.9767,3.2127,3.6337,3.8002,3.6289,1.2083,0.5629,1.2478,1.5988,1.441,3.1282,2.4248,3.8111,1.7259,0.9292,2.7286,3.3365,3.3348,3.192,0.6805,0.8868,1.4434,0.3109,3.0548,2.3496,3.9993,4.5452,3.0137,1.298,0.8111,0.0,2.0462,2.4332,3.0838,3.0794,3.3532,3.7533,3.4829,4.5493,3.8463,4.9985,5.0382,4.584,4.2383,4.9284,5.538,5.2515,5.066,5.2143,4.7099,4.3901,4.2571,5.3856,4.3954,0.4671,0.4042
JC117,6.4376,6.1969,6.4156,6.6592,5.4663,7.1966,7.5837,4.0935,4.4764,4.3862,4.338,3.595,4.5027,3.8117,4.0575,3.5082,7.5843,4.4491,4.3768,4.1212,3.6644,4.5225,4.0507,5.0359,4.4384,3.6953,6.1879,3.9687,3.5207,5.7629,7.9218,4.4691,4.3816,3.6052,5.2878,4.752,4.3978,4.5296,6.1247,8.7565,5.6592,4.1609,4.1162,5.2364,4.1425,4.367,4.553,5.4622,5.4254,4.9458,4.27,4.6774,6.9205,4.4905,5.4185,5.5142,4.9092,4.2743,4.5329,6.2164,4.8356,4.9544,6.1619,5.6247,5.1273,5.6795,5.3345,5.3715,5.3956,5.2871,5.7036,7.2286,6.5869,5.6394,5.7516,5.879,7.101,7.1704,7.9269,8.003,8.0349,6.7805,6.3253,6.44,6.783,8.6434,7.0546,6.7363,8.6119,8.0576,6.7054,8.0169,7.011,6.9135,8.9196,8.3455,9.2286,8.6356,9.202,7.245,8.5039,8.4177,7.4909,7.0677,8.4707,7.8668,8.3348,9.6023,8.0799,8.794,8.2587,8.6954,9.7477,10.9399,17.3276,18.2508,3.4555,3.6863,3.5361,3.594,5.0616,5.2637,5.3144,3.774,4.0051,4.1533,4.0691,4.2058,3.0473,3.2631,3.4633,3.3432,3.2967,3.6407,4.4541,4.8579,4.5001,4.8994,5.0711,3.9419,4.245,4.4388,3.5816,3.6422,4.7887,4.0232,3.4938,2.0852,1.3153,1.9175,2.8008,1.989,1.3107,1.7283,2.4216,1.9986,1.2656,2.7566,1.3783,3.3224,1.7175,1.3681,2.4887,1.0648,1.8359,2.2102,0.3067,2.1189,1.5632,3.6629,4.2246,1.7548,2.8212,2.5874,1.6657,1.5312,1.6011,1.169,1.2875,0.3886,3.6378,1.5712,1.6006,0.7154,1.8088,1.9259,1.4886,1.3886,2.2817,0.9238,1.7482,2.3037,2.6256,1.9547,2.5079,2.0472,0.7621,1.453,2.0462,0.0,0.4083,1.0423,1.0438,1.3859,1.7599,1.4455,2.5385,1.8673,2.9539,2.9966,2.6414,2.3602,2.9289,3.4998,3.2773,3.1426,3.3708,2.9799,2.3441,2.2209,3.381,2.5324,1.9883,1.9302
JC118,6.6405,6.4167,6.6438,6.8916,5.7035,7.4752,7.8774,4.3711,4.7781,4.6854,4.6458,3.9006,4.8232,4.1397,4.3914,3.8338,7.933,4.7977,4.7153,4.4672,4.012,4.8774,4.4068,5.3921,4.8017,4.058,6.5437,4.3347,3.8908,6.1231,8.284,4.845,4.7551,3.9857,5.6647,5.1331,4.7797,4.9132,6.5042,9.1291,6.0415,4.5516,4.5035,5.6233,4.5362,4.7579,4.9477,5.8508,5.8176,5.3413,4.6675,5.0731,7.3076,4.8906,5.816,5.9094,5.3094,4.6789,4.9379,6.6185,5.2432,5.3626,6.569,6.033,5.5345,6.0874,5.7423,5.779,5.8008,5.6925,6.1098,7.6367,6.9952,6.0402,6.1555,6.2822,7.5084,7.5777,8.3351,8.4111,8.4429,7.1854,6.7266,6.8388,7.1854,9.0517,7.4588,7.1337,9.0199,8.4644,7.1007,8.4221,7.409,7.3099,9.3269,8.7518,9.6365,9.0421,9.6095,7.6381,8.9076,8.8216,7.8838,7.4563,8.8718,8.2653,8.7343,10.009,8.4771,9.1929,8.6485,9.0868,10.1397,11.3408,17.7161,18.6179,3.8482,4.081,3.924,3.9872,5.4343,5.6308,5.6729,4.137,4.3641,4.5136,4.41,4.5411,3.3989,3.621,3.8272,3.6798,3.672,3.9789,4.8102,5.2247,4.8403,5.2532,5.4164,4.3127,4.6275,4.812,3.9595,4.0345,5.1333,4.4101,3.8832,2.455,1.7207,2.3254,3.2057,2.3694,1.6929,2.1306,2.6367,2.2413,1.3762,3.0373,1.7379,3.5969,2.1032,1.7691,2.7949,1.4726,2.1938,1.9422,0.5686,1.9951,1.6152,3.9818,4.5494,1.3871,2.9549,2.9931,2.0196,1.9251,1.9657,1.5529,1.1529,0.2372,3.8671,1.9207,2.0072,0.4846,1.7879,1.9419,1.4161,1.787,2.6897,1.3178,2.13,2.4814,2.956,1.569,2.1123,2.192,1.165,1.8611,2.4332,0.4083,0.0,0.6527,0.7217,1.1373,1.468,1.0497,2.2149,1.4591,2.5672,2.6332,2.2343,1.9618,2.522,3.1051,2.8691,2.7362,2.9729,2.6037,1.9704,1.8244,2.975,2.3101,2.3939,2.3341
JC119,7.1756,6.9689,7.2033,7.4543,6.2736,8.0771,8.4906,4.9783,5.4009,5.3067,5.2726,4.5277,5.4572,4.7785,5.0328,4.472,8.5791,5.4449,5.3584,5.1136,4.6592,5.5266,5.0565,6.0415,5.453,4.7094,7.1927,4.9867,4.5432,6.7735,8.9346,5.4977,5.4078,4.638,6.3174,5.7854,5.4319,5.5651,7.1568,9.7815,6.6937,5.2011,5.1544,6.2744,5.184,5.4073,5.5948,6.5013,6.4664,5.9878,5.3123,5.7195,7.9587,5.5325,6.4608,6.5562,5.9511,5.3125,5.5706,7.2572,5.8638,5.9756,7.1928,6.646,6.1274,6.686,6.3408,6.3746,6.3799,6.273,6.6942,8.2504,7.5997,6.5986,6.7274,6.8503,8.1009,8.1688,8.9416,9.011,9.0423,7.7612,7.2858,7.388,7.7492,9.6563,8.0305,7.6776,9.6192,9.0512,7.6372,8.9989,7.9543,7.8498,9.9179,9.3352,10.2341,9.6259,10.2017,8.1665,9.4756,9.3907,8.4109,7.9706,9.4278,8.8117,9.2843,10.5945,9.0184,9.7397,9.1648,9.6076,10.6615,11.8945,18.2219,19.0623,4.3861,4.6238,4.4478,4.5259,5.9114,6.0935,6.1152,4.5988,4.8156,4.9665,4.8224,4.9409,3.8442,4.0767,4.2938,4.0914,4.1658,4.39,5.2519,5.6882,5.2477,5.687,5.8306,4.7912,5.1333,5.2933,4.4576,4.5705,5.548,4.9288,4.4115,3.1076,2.3544,2.9479,3.7897,2.8904,2.3444,2.7698,2.8604,2.5269,1.5431,3.3576,2.2344,3.8942,2.6405,2.3499,3.1661,2.0841,2.8452,1.4248,1.2172,1.7145,1.6605,4.3548,4.9278,0.7438,3.0348,3.5824,2.6706,2.4846,2.4638,2.0993,0.9785,0.6932,4.0806,2.3933,2.607,0.5183,1.6973,1.8948,1.2924,2.4308,3.2957,1.8909,2.7817,2.6522,3.3672,0.9164,1.4656,2.3273,1.8041,2.4825,3.0838,1.0423,0.6527,0.0,0.3035,0.7427,0.9393,0.4047,1.6096,0.8981,1.9151,1.9868,1.6783,1.4844,1.9078,2.4576,2.2722,2.1826,2.4742,2.2077,1.32,1.1791,2.3532,1.8494,3.0261,2.9704
JC120,7.3488,7.1306,7.3599,7.6085,6.4219,8.1967,8.5974,5.0925,5.496,5.4038,5.362,4.6171,5.5349,4.8476,5.0961,4.5427,8.6277,5.4922,5.4173,5.1637,4.7071,5.5662,5.0945,6.0797,5.4817,4.7387,7.2317,5.0115,4.5625,6.8064,8.9649,5.5076,5.4214,4.6412,6.3252,5.7864,5.4317,5.5618,7.1597,9.7956,6.692,5.1843,5.1445,6.264,5.1603,5.3895,5.5681,6.4872,6.4446,5.9582,5.2789,5.6902,7.9467,5.4909,6.4253,6.5268,5.9083,5.2547,5.5105,7.2058,5.7843,5.886,7.1155,6.5551,6.0152,6.5786,6.2339,6.2647,6.2544,6.149,6.5729,8.1581,7.4973,6.4556,6.595,6.7145,7.9852,8.0518,8.8398,8.902,8.9327,7.6304,7.1423,7.2369,7.6085,9.5519,7.8959,7.5222,9.5089,8.929,7.4767,8.8675,7.7995,7.6913,9.799,9.2095,10.1216,9.5003,10.0837,8.0,9.3365,9.2524,8.2433,7.7956,9.2792,8.6567,9.1313,10.4697,8.8595,9.5841,8.9896,9.4346,10.4883,11.7424,18.036,18.8453,4.2349,4.475,4.2872,4.3748,5.7192,5.8938,5.9059,4.4032,4.6142,4.7653,4.6039,4.7169,3.6443,3.8804,4.1018,3.8755,3.9888,4.1725,5.0445,5.4899,5.0258,5.475,5.6099,4.6032,4.9591,5.105,4.2815,4.4172,5.3282,4.7631,4.2539,3.128,2.3137,2.884,3.6777,2.7391,2.3503,2.7344,2.5929,2.2792,1.2813,3.1132,2.0786,3.64,2.5029,2.2494,2.9404,2.0183,2.8795,1.2275,1.2787,1.4245,1.371,4.1229,4.6958,0.7337,2.7407,3.4765,2.7087,2.3651,2.3048,1.9774,0.6755,0.6568,3.8051,2.2217,2.5203,0.3626,1.3945,1.5934,0.9896,2.4092,3.2088,1.794,2.7866,2.3747,3.1556,0.9692,1.5421,2.0455,1.7824,2.422,3.0794,1.0438,0.7217,0.3035,0.0,0.4653,0.7479,0.5609,1.4997,1.1166,1.9508,1.9591,1.8752,1.7296,2.0429,2.5161,2.4233,2.3731,2.6953,2.472,1.322,1.2691,2.4715,1.62,2.976,2.9276
JC121,7.7774,7.5511,7.7762,8.0228,6.8327,8.5812,8.9696,5.4771,5.862,5.772,5.7228,4.9804,5.8837,5.1899,5.4315,4.888,8.9388,5.809,5.7468,5.4847,5.0277,5.8742,5.4025,6.3844,5.7776,5.0385,7.5344,5.3049,4.8517,7.1032,9.2543,5.7812,5.6999,4.9109,6.5932,6.0479,5.6933,5.819,7.4195,10.0643,6.9471,5.426,5.3953,6.5095,5.3933,5.6289,5.795,6.7271,6.6745,6.1798,5.4983,5.9133,8.1856,5.6983,6.6373,6.7465,6.1122,5.4408,5.692,7.3931,5.9361,6.0221,7.2656,6.6866,6.1154,6.6841,6.3417,6.3674,6.3316,6.2292,6.6559,8.2824,7.6077,6.5023,6.6593,6.7726,8.0729,8.1369,8.9479,8.9983,9.0279,7.6941,7.1855,7.2663,7.6553,9.6543,7.9522,7.5431,9.6021,9.0036,7.4885,8.9271,7.8208,7.7063,9.8774,9.2777,10.2101,9.5682,10.1633,7.9993,9.3817,9.2994,8.2399,7.7794,9.308,8.6754,9.1528,10.5373,8.8709,9.5999,8.9703,9.4189,10.4705,11.7612,17.9873,18.7328,4.2807,4.5229,4.3154,4.4192,5.6774,5.8356,5.8276,4.3626,4.5601,4.7103,4.5128,4.6128,3.6027,3.8437,4.0715,3.7967,3.9892,4.0874,4.9749,5.4367,4.9243,5.3928,5.5081,4.5765,4.9567,5.0743,4.2809,4.4576,5.2299,4.7779,4.2879,3.4297,2.5562,3.0843,3.7952,2.8058,2.6474,2.9753,2.3973,2.149,1.1576,2.9751,2.1559,3.4693,2.5988,2.4115,2.8516,2.2365,3.1992,0.8245,1.6584,0.9737,1.1285,4.0048,4.5731,0.7171,2.4388,3.6062,3.0345,2.4942,2.3686,2.1156,0.3952,1.0071,3.5685,2.2647,2.6956,0.6758,1.0454,1.2591,0.6658,2.6732,3.3712,1.9776,3.0751,2.149,3.0955,0.9869,1.5274,1.8113,2.0632,2.6363,3.3532,1.3859,1.1373,0.7427,0.4653,0.0,0.4074,0.8156,1.2051,1.3558,1.849,1.7615,2.0343,1.9806,2.0929,2.4287,2.4866,2.5051,2.8762,2.7454,1.2126,1.2998,2.4794,1.1731,3.1936,3.1558
JC122,8.0939,7.8778,8.1076,8.3563,7.1698,8.9404,9.3369,5.8357,6.2322,6.141,6.0958,5.3518,6.2626,5.5714,5.816,5.2681,9.3325,6.2002,6.1336,5.8744,5.4173,6.268,5.7961,6.7793,6.1745,5.4342,7.9301,5.7022,5.2498,7.5003,9.6535,6.1828,6.1005,5.3128,6.9959,6.4514,6.0967,6.223,7.8235,10.4674,7.3516,5.8317,5.8,6.9149,5.7996,6.0348,6.2018,7.1331,7.0812,6.5869,5.9054,6.3203,8.5918,6.1057,7.0446,7.1537,6.5197,5.848,6.099,7.8002,6.341,6.4252,7.67,7.0888,6.5127,7.0821,6.7402,6.765,6.7238,6.6222,7.0492,8.683,8.0062,6.8865,7.0481,7.1597,8.4665,8.53,9.3454,9.3935,9.4228,8.082,7.5681,7.6447,8.0386,10.0505,8.3381,7.9184,9.9963,9.3938,7.8609,9.3133,8.1961,8.0795,10.2681,9.6661,10.6031,9.9564,10.5542,8.3667,9.7636,9.6818,8.6061,8.1412,9.6848,9.0492,9.5272,10.9251,9.242,9.9721,9.3298,9.7794,10.8294,12.1335,18.3299,19.0416,4.6677,4.91,4.6975,4.8056,6.0315,6.1822,6.1648,4.7206,4.9117,5.0612,4.8474,4.9404,3.9632,4.205,4.4345,4.1402,4.3634,4.4266,5.3184,5.7864,5.2523,5.7292,5.8342,4.9393,5.3275,5.4343,4.6539,4.8428,5.5585,5.1549,4.6716,3.8237,2.9601,3.4916,4.1973,3.2013,3.0414,3.3799,2.6883,2.482,1.5176,3.2941,2.5557,3.7646,3.0,2.8186,3.1966,2.6423,3.5876,0.4863,2.016,0.9854,1.4268,4.3277,4.8909,0.5137,2.6414,4.01,3.4205,2.8994,2.7652,2.522,0.7519,1.3732,3.8156,2.6576,3.1029,1.0447,1.2529,1.468,0.9432,3.0742,3.7779,2.3849,3.4718,2.4235,3.4512,0.7472,1.2151,2.0876,2.4595,3.0428,3.7533,1.7599,1.468,0.9393,0.7479,0.4074,0.0,0.8199,0.7987,1.2584,1.4796,1.3611,1.8255,1.855,1.8018,2.0577,2.1954,2.2617,2.6638,2.619,0.8596,1.0333,2.1546,0.9191,3.6002,3.5617
JC123,7.4542,7.2608,7.5004,7.7535,6.5806,8.4077,8.831,5.3175,5.753,5.6576,5.6287,4.8851,5.8203,5.1475,5.4046,4.8406,8.9555,5.824,5.732,5.4918,5.039,5.909,5.4401,6.4242,5.8399,5.0968,7.5742,5.3754,4.9343,7.1578,9.3192,5.891,5.8,5.0338,6.7109,6.1812,5.8281,5.962,7.5514,10.1719,7.0898,5.6013,5.553,6.6728,5.5853,5.8076,5.9966,6.9005,6.8671,6.3899,5.7151,6.1216,8.357,5.9361,6.8636,6.9581,6.3548,5.7172,5.9752,7.6614,6.2681,6.379,7.5973,7.0494,6.5272,7.0869,6.7417,6.775,6.7765,6.67,7.092,8.6537,8.0016,6.9896,7.1221,7.2438,8.5002,8.5679,9.3437,9.4119,9.443,8.1565,7.6767,7.7758,8.1412,10.058,8.4246,8.0636,10.0198,9.4491,8.0208,9.3941,8.3406,8.2344,10.3167,9.7321,10.6344,10.0229,10.6007,8.5472,9.8684,9.7837,8.791,8.3465,9.8169,9.198,9.6716,10.9918,9.403,10.1258,9.5407,9.9848,11.0387,12.2824,18.5915,19.4063,4.7731,5.0119,4.8306,4.913,6.2759,6.4523,6.4661,4.9605,5.173,5.324,5.1647,5.2778,4.2025,4.4378,4.6581,4.4362,4.5397,4.7333,5.6044,6.0481,5.5867,6.0354,6.1708,5.1583,5.5091,5.6604,4.8321,4.9566,5.8891,5.3092,4.7956,3.5003,2.7588,3.3525,4.1889,3.2763,2.7425,3.1736,3.1386,2.8366,1.8352,3.671,2.6174,4.1934,3.0314,2.7503,3.5013,2.4885,3.2339,1.2663,1.606,1.7498,1.8935,4.6832,5.2559,0.4279,3.2412,3.9828,3.0584,2.8809,2.8457,2.4943,1.1612,1.0966,4.34,2.7688,3.0098,0.8857,1.857,2.0681,1.4647,2.8336,3.6988,2.2913,3.1792,2.9104,3.7157,0.5302,1.063,2.5766,2.2077,2.8871,3.4829,1.4455,1.0497,0.4047,0.5609,0.8156,0.8199,0.0,1.3265,0.5624,1.5207,1.6236,1.3145,1.1852,1.5088,2.0556,1.8796,1.8137,2.1357,1.942,0.95,0.7755,1.951,1.7257,3.4307,3.3746
JC124,8.7741,8.574,8.8103,9.0619,7.8827,9.6833,10.091,6.5815,6.993,6.9003,6.8603,6.1152,7.0345,6.3471,6.5949,6.0424,10.121,6.9867,6.9152,6.6593,6.2024,7.0574,6.5854,7.5697,6.9671,6.2257,8.7211,6.4953,6.0437,8.2929,10.4479,6.9794,6.8965,6.1098,7.7933,7.2494,6.8946,7.0213,8.6217,11.265,8.15,6.6304,6.5985,7.7136,6.5982,6.8335,7.0001,7.9318,7.8796,7.3848,6.7033,7.1184,9.3905,6.9024,7.8416,7.9514,7.3158,6.6417,6.8916,8.593,7.126,7.2051,8.4531,7.8661,7.2785,7.849,7.5088,7.5313,7.4782,7.3783,7.8056,9.4557,8.7738,7.6236,7.7948,7.9026,9.2226,9.2847,10.1103,10.1527,10.1814,8.8258,8.301,8.3685,8.7724,10.8119,9.0771,8.6357,10.7532,10.1414,8.572,10.0523,8.9128,8.792,11.0167,10.4097,11.3568,10.6994,11.3031,9.0669,10.4928,10.4123,9.3035,8.8301,10.4031,9.7617,10.2406,11.6666,9.9488,10.6804,10.0122,10.4635,11.5092,12.8403,18.9702,19.6109,5.4144,5.6563,5.4344,5.5507,6.7105,6.8464,6.8111,5.4121,5.5906,5.7379,5.4956,5.5751,4.6632,4.9052,5.1366,4.8093,5.0865,5.0859,5.9801,6.4578,5.8857,6.3757,6.4609,5.6388,6.041,6.1266,5.3737,5.5855,6.1914,5.8807,5.4119,4.6143,3.7585,4.2891,4.9764,3.9685,3.8328,4.1784,3.2907,3.1539,2.2491,3.9299,3.3329,4.3539,3.7787,3.6129,3.8768,3.4411,4.373,0.5329,2.7777,1.3576,2.0893,4.9586,5.5081,0.8989,3.1049,4.7935,4.2039,3.6874,3.5359,3.3137,1.5133,2.1499,4.3211,3.4222,3.8983,1.8284,1.8238,2.0168,1.6258,3.871,4.5697,3.1824,4.2653,3.0083,4.1467,0.8972,0.9423,2.6877,3.2535,3.8414,4.5493,2.5385,2.2149,1.6096,1.4997,1.2051,0.7987,1.3265,0.0,1.4917,0.9209,0.6431,1.7185,1.928,1.4785,1.4406,1.83,2.0199,2.4682,2.6183,0.5865,0.9685,1.6914,0.8099,4.3987,4.3604
JC127,7.4799,7.3126,7.5615,7.8177,6.6658,8.5365,8.9816,5.4803,5.9444,5.8466,5.8312,5.0959,6.0402,5.3879,5.6514,5.0819,9.2051,6.0918,5.9829,5.7582,5.313,6.1877,5.7249,6.7016,6.1352,5.3972,7.8443,5.6797,5.2502,7.439,9.5963,6.2124,6.1168,5.3705,7.0309,6.5133,6.1638,6.3011,7.8745,10.4713,7.4213,5.9602,5.9032,7.0178,5.9531,6.1667,6.3661,7.2496,7.2266,6.7612,6.0943,6.4937,8.6983,6.3242,7.2405,7.3271,6.7427,6.1256,6.3853,8.056,6.6992,6.8209,8.0228,7.4912,6.9923,7.5462,7.201,7.2374,7.2544,7.1467,7.5654,9.0946,8.4543,7.4836,7.6062,7.731,8.9664,9.0354,9.7941,9.8701,9.9019,8.638,8.1707,8.2766,8.6322,10.5108,8.9096,8.568,10.4789,9.9211,8.5296,9.8754,8.8443,8.7413,10.7847,10.2076,11.0954,10.498,11.0676,9.0608,10.3569,10.2715,9.3055,8.8671,10.3144,9.7015,10.1731,11.4655,9.9098,10.6296,10.0612,10.5034,11.5572,12.7823,19.1196,19.9553,5.2767,5.5132,5.3417,5.4164,6.8093,6.9908,7.0104,5.4964,5.7125,5.8634,5.7138,5.8295,4.7411,4.9742,5.1917,4.9837,5.0633,5.2817,6.1475,6.5857,6.1375,6.5812,6.7211,5.6892,6.0301,6.1913,5.3548,5.4617,6.4389,5.8239,5.3044,3.8329,3.1737,3.7827,4.6599,3.7831,3.1081,3.5765,3.701,3.3957,2.3959,4.2298,3.1296,4.7547,3.5288,3.2199,4.053,2.9315,3.5537,1.6178,1.9618,2.2375,2.4538,5.2381,5.8111,0.7505,3.793,4.449,3.3774,3.3651,3.3593,2.9831,1.7181,1.5672,4.9012,3.2909,3.4649,1.4139,2.401,2.6147,2.0163,3.2275,4.1487,2.7632,3.5368,3.4721,4.2608,0.6053,0.8325,3.1378,2.6164,3.3193,3.8463,1.8673,1.4591,0.8981,1.1166,1.3558,1.2584,0.5624,1.4917,0.0,1.3201,1.5584,0.7831,0.626,1.0835,1.7618,1.4123,1.288,1.5809,1.3896,0.9486,0.5927,1.5414,2.0838,3.846,3.7827
JC130,8.7957,8.6318,8.8812,9.1376,7.9856,9.8518,10.2921,6.7848,7.2383,7.1415,7.1199,6.3795,7.32,6.6547,6.9142,6.3478,10.468,7.3398,7.2433,7.0071,6.5556,7.427,6.9588,7.9422,7.36,6.6171,9.0913,6.896,6.455,8.6767,10.8379,7.4113,7.3205,6.5529,8.2312,7.7003,7.3469,7.4801,9.0712,11.6926,8.6087,7.1148,7.0691,8.1892,7.0959,7.3208,7.5058,8.4157,8.3792,7.8979,7.2205,7.6296,9.8735,7.4364,8.3684,8.4665,7.8545,7.2048,7.4609,9.155,7.7337,7.8322,9.0651,8.5004,7.9473,8.5138,8.1699,8.1983,8.1729,8.0694,8.4954,10.1017,9.4352,8.3503,8.5043,8.6189,9.9113,9.9763,10.7772,10.8334,10.8635,9.5396,9.034,9.1153,9.5035,11.4867,9.7993,9.3917,11.4388,10.8468,9.3362,10.7738,9.6694,9.5542,11.7196,11.1226,12.0488,11.4132,12.0052,9.8445,11.2303,11.1478,10.0843,9.6204,11.1569,10.5236,11.0012,12.3826,10.7181,11.4476,10.8092,11.2588,12.309,13.609,19.8056,20.4899,6.1279,6.3699,6.1643,6.2667,7.511,7.6606,7.6399,6.2001,6.3911,6.5405,6.3222,6.4115,5.4422,5.684,5.9132,5.6184,5.8371,5.9034,6.7961,7.2654,6.7233,7.2041,7.3035,6.4181,6.8035,6.9136,6.1285,6.3055,7.0296,6.6267,6.1363,5.0207,4.2561,4.8341,5.6153,4.6458,4.2594,4.675,4.1425,3.959,2.9953,4.7634,3.9896,5.2157,4.4269,4.197,4.6756,3.9679,4.7546,1.4216,3.1267,2.2583,2.8975,5.797,6.356,1.2174,4.007,5.4183,4.579,4.3037,4.2079,3.9175,2.2267,2.585,5.2163,4.1089,4.4703,2.3134,2.6785,2.8835,2.4155,4.3412,5.1582,3.7437,4.6968,3.8678,4.9307,0.9992,0.4896,3.5378,3.7129,4.3711,4.9985,2.9539,2.5672,1.9151,1.9508,1.849,1.4796,1.5207,0.9209,1.3201,0.0,0.4107,1.0844,1.446,0.6693,0.5797,0.9488,1.2109,1.6621,1.9662,0.64,0.7657,0.7743,1.7263,4.9231,4.8719
JC131,9.0247,8.8472,9.092,9.3469,8.1829,10.0255,10.4529,6.9396,7.3765,7.2812,7.2517,6.5077,7.441,6.7646,7.0196,6.458,10.5654,7.4306,7.3453,7.0998,6.6449,7.5104,7.0396,8.0251,7.4324,6.6888,9.1767,6.9639,6.517,8.7552,10.9156,7.4652,7.3781,6.5998,8.2834,7.7453,7.3907,7.5209,9.1186,11.7529,8.651,7.1422,7.1034,8.2226,7.1166,7.3471,7.523,8.4452,8.4006,7.9118,7.2313,7.6441,9.9048,7.4387,8.3756,8.48,7.8549,7.1912,7.4443,9.1441,7.696,7.7835,9.0261,8.4481,7.8737,8.4431,8.1013,8.1261,8.0833,7.982,8.4092,10.0434,9.3672,8.2399,8.4054,8.5156,9.8265,9.8897,10.7065,10.7541,10.7834,9.4384,8.9196,8.9914,9.3906,11.4114,9.6925,9.2614,11.3566,10.7516,9.1999,10.6679,9.5388,9.4195,11.6263,11.0226,11.9627,11.3126,11.9125,9.6985,11.1136,11.0324,9.9359,9.4646,11.0287,10.3894,10.868,12.2809,10.5785,11.3097,10.6484,11.0995,12.1462,13.4704,19.6126,20.2517,6.0243,6.2666,6.05,6.1617,7.3467,7.4852,7.4521,6.0448,6.2263,6.3741,6.1361,6.2169,5.293,5.5352,5.7662,5.4464,5.7085,5.7248,6.619,7.0953,6.5276,7.0166,7.1034,6.2694,6.6673,6.7595,5.9973,6.198,6.8334,6.502,6.0257,5.081,4.269,4.8251,5.5566,4.5623,4.3068,4.6902,3.9333,3.7886,2.8631,4.5708,3.9162,4.997,4.36,4.1649,4.5109,3.9646,4.8253,1.1758,3.2014,1.9974,2.7224,5.6005,6.1508,1.2461,3.7407,5.3674,4.6519,4.2544,4.1263,3.8735,2.1083,2.6138,4.9592,4.0182,4.4458,2.3142,2.4657,2.6598,2.2514,4.368,5.1269,3.7215,4.7439,3.6513,4.7773,1.0979,0.7577,3.3299,3.7415,4.3683,5.0382,2.9966,2.6332,1.9868,1.9591,1.7615,1.3611,1.6236,0.6431,1.5584,0.4107,0.0,1.4666,1.795,1.0783,0.8145,1.3515,1.6216,2.0728,2.3627,0.6738,0.9664,1.1499,1.4012,4.925,4.8803
JC132,7.8977,7.7611,8.0184,8.2766,7.155,9.0603,9.5257,6.0562,6.5427,6.4433,6.44,5.7175,6.6629,6.0318,6.2989,5.7288,9.841,6.7535,6.6316,6.4206,5.9837,6.8575,6.4016,7.3683,6.8177,6.0869,8.5011,6.3708,5.9514,8.106,10.2545,6.9135,6.8151,6.085,7.7284,7.2208,6.8748,7.0139,8.5721,11.1461,8.126,6.6868,6.6245,7.7328,6.6851,6.8928,7.0981,7.9667,7.9506,7.4935,6.8327,7.227,9.4074,7.0672,7.9754,8.0568,7.4848,6.8796,7.1397,8.8,7.4632,7.5893,8.783,8.259,7.7687,8.3205,7.9755,8.0129,8.0341,7.9261,8.3439,9.8611,9.2259,8.266,8.3871,8.5124,9.7424,9.8118,10.5643,10.6432,10.6753,9.4182,8.953,9.0596,9.4141,11.2816,9.6905,9.3511,11.2522,10.6987,9.3126,10.6553,9.6274,9.5244,11.561,10.986,11.8692,11.2763,11.8434,9.8436,11.1383,11.0527,10.0882,9.6489,11.097,10.4846,10.956,12.2433,10.6929,11.4126,10.8431,11.2856,12.3395,13.5651,19.8997,20.7201,6.0598,6.2963,6.1245,6.1995,7.5868,7.7655,7.7806,6.2725,6.4863,6.6374,6.4789,6.5911,5.5154,5.7498,5.9689,5.7507,5.844,6.0477,6.9187,7.3609,6.9003,7.35,7.4846,6.4677,6.8116,6.9698,6.1359,6.2448,7.2031,6.6064,6.0874,4.5532,3.9383,4.5509,5.4391,4.566,3.8517,4.3345,4.4247,4.143,3.1389,4.9771,3.9119,5.4901,4.3119,4.0,4.8148,3.7061,4.2686,2.0444,2.7139,2.7972,3.1606,5.9943,6.5666,1.3324,4.4557,5.2272,4.0934,4.1473,4.1416,3.7659,2.4208,2.35,5.6025,4.0715,4.2416,2.1904,3.0576,3.2742,2.6983,3.9833,4.9227,3.5443,4.2732,4.1823,5.0302,1.0786,0.78,3.8448,3.3816,4.0895,4.584,2.6414,2.2343,1.6783,1.8752,2.0343,1.8255,1.3145,1.7185,0.7831,1.0844,1.4666,0.0,0.4307,0.4974,1.2793,0.6846,0.5049,0.8429,0.9081,1.1444,0.8113,0.8956,2.4732,4.6082,4.5422
JC133,7.4674,7.3303,7.5877,7.8459,6.7254,8.6327,9.1,5.637,6.1276,6.028,6.0275,5.3093,6.2538,5.63,5.898,5.3285,9.4336,6.3574,6.2308,6.0251,5.5923,6.4645,6.0122,6.9735,6.4306,5.7043,8.1016,5.9886,5.5755,7.7107,9.8545,6.5361,6.4361,5.7173,7.348,6.8468,6.5035,6.6436,8.1911,10.7523,7.7494,6.3268,6.2606,7.3631,6.3295,6.5322,6.742,7.5983,7.587,7.1372,6.4826,6.8719,9.0324,6.7212,7.6206,7.6977,7.1374,6.5462,6.8065,8.4532,7.1431,7.2768,8.4558,7.9447,7.4746,8.0201,7.6759,7.7159,7.7513,7.6423,8.0562,9.5431,8.9183,7.9996,8.1098,8.238,9.4455,9.5161,10.2529,10.3382,10.3707,9.1366,8.6854,8.7998,9.1425,10.9712,9.4121,9.0953,10.9471,10.406,9.0625,10.3718,9.3703,9.2716,11.2637,10.6963,11.5652,10.9859,11.5447,9.5995,10.862,10.7756,9.8451,9.4152,10.8309,10.2264,10.6948,11.9506,10.4387,11.1538,10.6081,11.0473,12.1005,13.3,19.6739,20.5422,5.8098,6.0428,5.8835,5.9488,7.3771,7.5652,7.5931,6.0694,6.2899,6.4405,6.305,6.4247,5.3189,5.5486,5.7621,5.5734,5.6212,5.8723,6.7294,7.1593,6.731,7.1666,7.3134,6.2551,6.5826,6.7565,5.9109,5.9959,7.0306,6.3689,5.8436,4.1933,3.628,4.2443,5.1583,4.3262,3.5151,4.0126,4.3209,4.0059,3.0108,4.8387,3.6827,5.3693,4.0633,3.7282,4.6504,3.4174,3.9059,2.1619,2.3957,2.8402,3.0785,5.8391,6.4121,1.3413,4.4187,4.9434,3.7323,3.8869,3.9124,3.5133,2.3439,2.109,5.5252,3.8538,3.9559,2.0019,3.0254,3.2396,2.6422,3.66,4.6275,3.2794,3.9275,4.0954,4.8484,1.1353,1.0497,3.7618,3.0757,3.7887,4.2383,2.3602,1.9618,1.4844,1.7296,1.9806,1.855,1.1852,1.928,0.626,1.446,1.795,0.4307,0.0,0.9218,1.7031,1.0973,0.8373,1.0111,0.7672,1.3421,0.9606,1.3247,2.6169,4.2914,4.2215
JC134,8.3866,8.2453,8.5013,8.7593,7.631,9.5288,9.9886,6.5062,6.9844,6.8856,6.8771,6.148,7.0937,6.4512,6.7165,6.1463,10.2665,7.163,7.0487,6.8294,6.3869,7.2618,6.8011,7.7748,7.2132,6.4768,8.9143,6.7597,6.3321,8.5126,10.6672,7.2945,7.1984,6.4539,8.1125,7.5962,7.247,7.3844,8.9563,11.548,8.5041,7.0433,6.9867,8.1013,7.0355,7.2498,7.4484,8.3331,8.3099,7.8435,7.1753,7.5758,9.7815,7.4037,8.3222,8.4097,7.8224,7.1996,7.4589,9.1346,7.7642,7.8801,9.0908,8.5506,8.035,8.5937,8.2485,8.2824,8.2853,8.1788,8.6008,10.1549,9.5068,8.4958,8.6304,8.7517,10.0084,10.0762,10.8484,10.9187,10.95,9.665,9.1828,9.2793,9.6481,11.5636,9.9327,9.565,11.5269,10.9578,9.5195,10.9026,9.8424,9.7342,11.8252,11.2409,12.1419,11.5317,12.1091,10.0419,11.3756,11.2911,10.2848,9.8346,11.3212,10.6995,11.1741,12.5006,10.9024,11.627,11.0281,11.4742,12.5276,13.7851,20.0651,20.8255,6.2768,6.5165,6.3301,6.4167,7.7483,7.9148,7.9144,6.4314,6.6362,6.787,6.6019,6.7043,5.6708,5.9094,6.1338,5.8815,6.0291,6.1745,7.0581,7.5133,7.0157,7.4804,7.5998,6.637,6.9996,7.138,6.3219,6.4595,7.3209,6.8056,6.2967,4.9164,4.2426,4.846,5.6971,4.7803,4.1892,4.6501,4.4809,4.2411,3.2432,5.0679,4.1202,5.5562,4.5388,4.2576,4.9377,3.9868,4.6368,1.9017,3.0417,2.7137,3.2119,6.0975,6.6659,1.3787,4.4341,5.4901,4.4606,4.3897,4.3471,4.0031,2.4881,2.6003,5.6171,4.2644,4.5136,2.3896,3.0542,3.2686,2.7324,4.3031,5.2015,3.7986,4.6192,4.2217,5.1717,1.1091,0.5919,3.8846,3.6862,4.381,4.9284,2.9289,2.522,1.9078,2.0429,2.0929,1.8018,1.5088,1.4785,1.0835,0.6693,1.0783,0.4974,0.9218,0.0,0.7822,0.3946,0.5501,1.0035,1.3122,0.9811,0.7944,0.4579,2.2804,4.9158,4.855
JC135,9.1621,9.0159,9.2704,9.5281,8.3926,10.2808,10.7334,7.2384,7.7058,7.6078,7.593,6.8575,7.8016,7.1464,7.4088,6.84,10.9634,7.844,7.7397,7.5106,7.0624,7.9361,7.4705,8.4509,7.8764,7.1352,9.5968,7.4159,6.9793,9.1873,11.3469,7.9388,7.8461,7.0855,8.7587,8.2324,7.8801,8.0148,9.6006,12.2124,9.1413,7.6567,7.6076,8.7269,7.641,7.863,8.0521,8.9552,8.9227,8.4453,7.7699,8.177,10.4109,7.9892,8.9183,9.0136,8.4077,7.7639,8.0209,9.7118,8.3002,8.4017,9.6314,9.0706,8.5222,9.088,8.7439,8.7729,8.7502,8.6464,9.0722,10.6728,10.0087,8.9296,9.0826,9.1976,10.4876,10.5529,11.3509,11.4088,11.439,10.118,9.6134,9.695,10.0828,12.0612,10.3781,9.9714,12.0145,11.4244,9.9158,11.3525,10.2492,10.1339,12.2969,11.7008,12.6251,11.9915,12.5824,10.4237,11.8098,11.7272,10.6634,10.1988,11.7366,11.1033,11.5809,12.9609,11.2977,12.0272,11.3872,11.837,12.8868,14.1887,20.3783,21.0465,6.7069,6.9489,6.7439,6.8458,8.0882,8.236,8.2128,6.7782,6.968,7.1172,6.8951,6.9824,6.0208,6.2626,6.492,6.194,6.4169,6.4779,7.3711,7.8417,7.294,7.777,7.8732,6.9968,7.383,7.492,6.7081,6.8848,7.6003,7.2064,6.7158,5.5493,4.8095,5.3943,6.1883,5.2233,4.7972,5.2264,4.7079,4.5341,3.5744,5.3341,4.5663,5.7785,5.0023,4.7653,5.252,4.5279,5.2779,1.9646,3.6557,2.7974,3.4706,6.3672,6.9239,1.7857,4.5455,5.9898,5.1017,4.876,4.7856,4.4891,2.8061,3.139,5.761,4.6875,5.0361,2.8784,3.2407,3.442,2.99,4.8884,5.7249,4.3102,5.2334,4.4304,5.5087,1.5517,0.9928,4.103,4.2615,4.9301,5.538,3.4998,3.1051,2.4576,2.5161,2.4287,2.0577,2.0556,1.4406,1.7618,0.5797,0.8145,1.2793,1.7031,0.7822,0.0,0.7987,1.1605,1.5544,2.0222,1.2182,1.2809,0.5092,2.2157,5.4792,5.4257
JC137,8.5292,8.4038,8.6637,8.9221,7.8117,9.7246,10.1949,6.7342,7.2236,7.1241,7.1222,6.4011,7.3463,6.7164,6.9835,6.4134,10.5249,7.438,7.3163,7.105,6.6677,7.5417,7.0852,8.0527,7.5009,6.769,9.1858,7.0528,6.6315,8.7905,10.9392,7.5939,7.496,6.762,8.4096,7.8998,7.553,7.6916,9.2535,11.8302,8.8059,7.3599,7.2995,8.41,7.3559,7.5661,7.7691,8.6434,8.6249,8.1645,7.5006,7.8974,10.0865,7.7326,8.6452,8.7289,8.1507,7.5373,7.7971,9.465,8.1112,8.2317,9.4351,8.902,8.3963,8.9526,8.6074,8.6426,8.6519,8.5449,8.9656,10.5058,9.8629,8.869,8.9996,9.1221,10.3703,10.4388,11.2035,11.2773,11.3089,10.0334,9.5561,9.6553,10.0203,11.9197,10.3025,9.9426,11.8859,11.3223,9.8988,11.2711,10.2198,10.1129,12.1881,11.607,12.5017,11.8976,12.4715,10.4232,11.7472,11.6624,10.6666,10.2184,11.6965,11.0771,11.5509,12.866,11.2813,12.0049,11.4123,11.8577,12.9113,14.1618,20.4532,21.2194,6.6526,6.8915,6.7087,6.7925,8.1358,8.3041,8.3055,6.819,7.0251,7.176,6.9939,7.0971,6.0586,6.2967,6.5203,6.2725,6.412,6.566,7.4484,7.9021,7.4084,7.8718,7.9926,7.023,7.3823,7.5243,6.7047,6.8359,7.7134,7.1859,6.6744,5.2277,4.586,5.1941,6.0602,5.1557,4.5157,4.9885,4.8754,4.6342,3.6353,5.4617,4.4965,5.9508,4.9106,4.6196,5.3291,4.3399,4.9446,2.278,3.3717,3.0978,3.6064,6.4908,7.0596,1.7715,4.8243,5.8514,4.769,4.7568,4.7243,4.3713,2.8819,2.9614,6.01,4.6444,4.8707,2.7645,3.4472,3.6612,3.1269,4.6391,5.5566,4.1611,4.9411,4.6161,5.5611,1.5016,0.9824,4.279,4.0287,4.7302,5.2515,3.2773,2.8691,2.2722,2.4233,2.4866,2.1954,1.8796,1.83,1.4123,0.9488,1.3515,0.6846,1.0973,0.3946,0.7987,0.0,0.3702,0.7617,1.2404,1.3654,1.1872,0.2948,2.6387,5.2583,5.1949
JC138,8.1935,8.0753,8.3368,8.5954,7.4951,9.4153,9.8917,6.4491,6.9464,6.8465,6.8499,6.1365,7.0798,6.4619,6.7303,6.1613,10.2603,7.1919,7.0631,6.8599,6.4284,7.3001,6.8487,7.8083,7.2674,6.5416,8.9341,6.8258,6.4125,8.5453,10.6865,7.3733,7.2733,6.5531,8.1853,7.6837,7.34,7.48,9.0283,11.5871,8.5866,7.1607,7.0956,8.1994,7.1619,7.3663,7.5747,8.4344,8.422,7.97,7.3129,7.7042,9.8695,7.5498,8.4529,8.5315,7.9666,7.3683,7.6286,9.2823,7.9572,8.0857,9.2746,8.755,8.2696,8.8201,8.4753,8.5132,8.5368,8.4287,8.846,10.3561,9.7239,8.7704,8.8905,9.0161,10.2429,10.3126,11.0614,11.142,11.1742,9.9212,9.4574,9.5643,9.9182,11.7791,10.1939,9.8559,11.751,11.2001,9.8175,11.1582,10.1322,10.0293,12.0616,11.488,12.3684,11.7782,12.3437,10.3483,11.642,11.5563,10.5929,10.1532,11.6015,10.9894,11.4607,12.7448,11.1977,11.9174,11.3473,11.7901,12.844,14.0697,20.4029,21.2144,6.5646,6.8011,6.6293,6.7044,8.0888,8.2661,8.2788,6.7739,6.9867,7.1377,6.9748,7.085,6.0162,6.2512,6.4709,6.2477,6.3479,6.5441,7.4176,7.8618,7.3949,7.8475,7.9793,6.9703,7.3158,7.4724,6.6398,6.7497,7.6982,7.111,6.5922,5.0266,4.4342,5.0481,5.9417,5.0709,4.3379,4.8269,4.9018,4.6316,3.6274,5.4648,4.4165,5.9714,4.8167,4.5034,5.3097,4.2069,4.74,2.4176,3.2061,3.2094,3.6336,6.4857,7.0575,1.7917,4.9029,5.7294,4.5659,4.6516,4.6461,4.2705,2.8966,2.8546,6.0663,4.5754,4.7431,2.6933,3.5096,3.726,3.1638,4.475,5.4228,4.0481,4.7551,4.6534,5.5286,1.5266,1.099,4.3155,3.8783,4.5879,5.066,3.1426,2.7362,2.1826,2.3731,2.5051,2.2617,1.8137,2.0199,1.288,1.2109,1.6216,0.5049,0.8373,0.5501,1.1605,0.3702,0.0,0.4534,0.8702,1.4929,1.2284,0.6641,2.8144,5.1025,5.0351
JC139,8.0527,7.9546,8.22,8.4782,7.4053,9.3384,9.8277,6.4305,6.9411,6.8408,6.854,6.1574,7.0938,6.4993,6.7687,6.2038,10.2707,7.2405,7.1003,6.9112,6.4909,7.3558,6.9141,7.8582,7.3363,6.6224,8.9692,6.9063,6.5066,8.592,10.717,7.4616,7.359,6.6615,8.2657,7.7779,7.44,7.5814,9.1057,11.6322,8.6737,7.2809,7.2094,8.3004,7.2893,7.4849,7.7004,8.5372,8.5337,8.0945,7.4487,7.8312,9.9577,7.6914,8.5793,8.6505,8.1054,7.5286,7.7888,9.4202,8.1348,8.2729,9.4413,8.9394,8.479,9.0219,8.6782,8.7191,8.759,8.6497,9.0624,10.5346,9.9162,9.0101,9.1186,9.2474,10.4482,10.5193,11.2481,11.3369,11.3697,10.1443,9.6957,9.8107,10.1522,11.9668,10.4205,10.1064,11.9456,11.4101,10.0736,11.3787,10.3814,10.2828,12.2657,11.7013,12.5641,11.9907,12.546,10.6104,11.8706,11.784,10.8559,10.425,11.8411,11.2374,11.7056,12.9544,11.4498,12.1648,11.6182,12.0578,13.1111,14.3103,20.683,21.5357,6.8207,7.0539,6.8938,6.9599,8.3813,8.5664,8.5894,7.071,7.2893,7.4401,7.2945,7.4103,6.3178,6.5494,6.7649,6.5641,6.6283,6.8623,7.7261,8.1608,7.7183,8.1609,8.3019,7.2598,7.5913,7.7616,6.9186,7.0069,8.0197,7.3788,6.8541,5.1537,4.6295,5.2464,6.1674,5.3359,4.5013,5.0074,5.2628,4.9721,3.9694,5.8065,4.6902,6.3251,5.0739,4.7389,5.6338,4.4259,4.8641,2.8506,3.3972,3.6274,4.0011,6.8181,7.391,2.175,5.298,5.9519,4.6933,4.898,4.9201,4.5241,3.261,3.1169,6.4447,4.8586,4.9646,2.9921,3.9002,4.1168,3.5408,4.6549,5.6333,4.2906,4.9046,5.023,5.8407,1.9186,1.5379,4.6858,4.08,4.7936,5.2143,3.3708,2.9729,2.4742,2.6953,2.8762,2.6638,2.1357,2.4682,1.5809,1.6621,2.0728,0.8429,1.0111,1.0035,1.5544,0.7617,0.4534,0.0,0.6395,1.9291,1.637,1.0453,3.2573,5.2886,5.2166
JC140,7.4138,7.3151,7.5806,7.8388,6.768,8.7025,9.194,5.8118,6.3271,6.2267,6.2441,5.5567,6.4881,5.9066,6.1761,5.6147,9.6604,6.6528,6.5065,6.3258,5.9133,6.7722,6.3373,7.2702,6.7608,6.0566,8.3717,6.3396,5.9507,8.0013,10.1158,6.8991,6.7948,6.116,7.6963,7.2189,6.8859,7.0281,8.533,11.0378,8.1082,6.7431,6.6665,7.7453,6.7574,6.9453,7.166,7.9831,7.9862,7.5582,6.9235,7.2975,9.3912,7.1707,8.0435,8.1086,7.5811,7.0254,7.2847,8.8926,7.6469,7.7945,8.9397,8.4565,8.0243,8.5571,8.2155,8.2598,8.3183,8.208,8.6142,10.0426,9.4394,8.5901,8.6841,8.8164,9.9844,10.0568,10.7634,10.8605,10.8939,9.7013,9.2724,9.3974,9.7225,11.4821,9.9812,9.6977,11.4681,10.95,9.6725,10.9307,9.9705,9.8777,11.7979,11.2445,12.087,11.5326,12.076,10.2161,11.4313,11.3438,10.4624,10.0449,11.4154,10.8233,11.2867,12.4918,11.0407,11.7483,11.2343,11.6688,12.7197,13.8827,20.3037,21.2212,6.4305,6.6581,6.515,6.5681,8.0375,8.2345,8.2741,6.7402,6.9662,7.116,7.0003,7.1256,5.9987,6.2231,6.4306,6.2684,6.2741,6.5679,7.4107,7.8283,7.4289,7.8521,8.0086,6.9161,7.2249,7.415,6.5603,6.6173,7.7255,7.0023,6.4718,4.6303,4.1791,4.794,5.7411,4.9681,4.0176,4.5372,5.0641,4.7339,3.7487,5.5628,4.3415,6.1018,4.6974,4.3365,5.3585,4.006,4.3398,2.9042,2.9591,3.6044,3.8335,6.5497,7.1217,2.1058,5.1816,5.5232,4.1732,4.5084,4.5693,4.1485,3.1031,2.7802,6.2763,4.5226,4.542,2.7169,3.7907,4.0043,3.4046,4.1871,5.1922,3.9027,4.4036,4.8458,5.5426,1.8886,1.6863,4.5144,3.6433,4.3534,4.7099,2.9799,2.6037,2.2077,2.472,2.7454,2.619,1.942,2.6183,1.3896,1.9662,2.3627,0.9081,0.7672,1.3122,2.0222,1.2404,0.8702,0.6395,0.0,2.0363,1.6751,1.5337,3.3495,4.8222,4.7458
JC142,8.3677,8.1848,8.4279,8.6822,7.5152,9.353,9.7793,6.266,6.703,6.6076,6.5786,5.8348,6.769,6.0942,6.3501,5.7875,9.8984,6.7647,6.6766,6.4332,5.9791,6.8466,6.3764,7.3615,6.7721,6.0284,8.5127,6.305,5.8601,8.0932,10.2543,6.812,6.7233,5.9493,7.6312,7.0961,6.742,6.8736,8.4687,11.098,8.0034,6.5015,6.4591,7.5792,6.4795,6.7071,6.8881,7.8038,7.7636,7.2789,6.6,7.0108,9.2629,6.8128,7.7469,7.8475,7.2303,6.5758,6.8311,8.5273,7.0987,7.1952,8.4301,7.863,7.3077,7.8744,7.5307,7.5588,7.5329,7.4294,7.8554,9.4637,8.7961,7.7115,7.8646,7.9795,9.2713,9.3363,10.1379,10.1937,10.2237,8.9,8.3955,8.478,8.8648,10.8472,9.16,8.7554,10.7989,10.2068,8.7012,10.1343,9.0332,8.9188,11.0796,10.4829,11.4089,10.7735,11.3652,9.2116,10.5919,10.5092,9.452,8.9903,10.52,9.8879,10.3652,11.7429,10.0835,10.8125,10.1804,10.6294,11.6804,12.9738,19.1878,19.899,5.4887,5.7307,5.5263,5.6276,6.8847,7.0384,7.0234,5.5716,5.7658,5.9156,5.7062,5.7999,4.8125,5.0538,5.2824,4.9969,5.2018,5.2845,6.1754,6.6414,6.1118,6.5878,6.6938,5.7873,6.1692,6.2842,5.4935,5.6667,6.4179,5.9902,5.4979,4.4239,3.6345,4.2053,4.9765,4.0058,3.6544,4.0548,3.5453,3.3402,2.365,4.1537,3.3496,4.6214,3.7872,3.5617,4.0525,3.3401,4.1642,0.9249,2.537,1.7331,2.2863,5.1873,5.7504,0.5906,3.4613,4.7805,3.9899,3.6656,3.568,3.2799,1.5959,1.9672,4.6543,3.4694,3.8369,1.6836,2.0955,2.3069,1.8028,3.7257,4.5237,3.1102,4.092,3.2773,4.3029,0.4252,0.3944,2.9429,3.0975,3.7439,4.3901,2.3441,1.9704,1.32,1.322,1.2126,0.8596,0.95,0.5865,0.9486,0.64,0.6738,1.1444,1.3421,0.9811,1.2182,1.3654,1.4929,1.9291,2.0363,0.0,0.3858,1.2987,1.3322,4.298,4.2492
JC143,8.0634,7.8908,8.1377,8.3933,7.2352,9.0931,9.5301,6.0212,6.473,6.3762,6.3542,5.6138,6.5544,5.89,6.15,5.5831,9.7042,6.5778,6.4794,6.2448,5.7942,6.6666,6.1993,7.1817,6.6025,5.8603,8.3299,6.1401,5.7016,7.9169,10.0778,6.66,6.568,5.8053,7.48,6.9524,6.5998,6.7343,8.3214,10.9372,7.8612,6.3758,6.3267,7.4461,6.3605,6.5822,6.7718,7.6743,7.6419,7.1653,6.4906,6.897,9.1302,6.7114,7.6391,7.7335,7.1301,6.4908,6.7486,8.4362,7.0369,7.1445,8.3671,7.8145,7.2823,7.8445,7.4996,7.5313,7.5234,7.4179,7.8416,9.4184,8.7618,7.7233,7.864,7.9832,9.2532,9.32,10.1042,10.1687,10.1995,8.8995,8.4097,8.502,8.8765,10.8173,9.1647,8.7855,10.776,10.1979,8.7377,10.1365,9.0631,8.9532,11.0676,10.4786,11.3892,10.7693,11.3523,9.2572,10.6045,10.5206,9.4996,9.0468,10.5447,9.9198,10.3953,11.7387,10.1208,10.8468,10.2399,10.6866,11.7397,13.0062,19.2726,20.0324,5.5015,5.742,5.5504,5.6412,6.9566,7.1217,7.1202,5.6399,5.8434,5.9942,5.8075,5.9101,4.8792,5.1183,5.3434,5.0874,5.2433,5.3803,6.2643,6.7205,6.2214,6.6861,6.8056,5.8472,6.2138,6.3477,5.536,5.683,6.5266,6.0232,5.5183,4.2698,3.5333,4.1241,4.9439,4.0068,3.5163,3.9488,3.6928,3.447,2.4488,4.2747,3.3463,4.7669,3.772,3.5102,4.1434,3.2586,4.0002,1.2358,2.3756,1.9906,2.4229,5.3036,5.8725,0.5844,3.6746,4.7408,3.8242,3.6321,3.5714,3.2444,1.695,1.8665,4.8428,3.4841,3.7749,1.6254,2.2828,2.4989,1.9464,3.6091,4.4644,3.0521,3.9525,3.4375,4.3785,0.3148,0.2884,3.0998,2.983,3.659,4.2571,2.2209,1.8244,1.1791,1.2691,1.2998,1.0333,0.7755,0.9685,0.5927,0.7657,0.9664,0.8113,0.9606,0.7944,1.2809,1.1872,1.2284,1.637,1.6751,0.3858,0.0,1.2044,1.6747,4.2047,4.1494
JC144,8.7844,8.6524,8.9107,9.169,8.0501,9.9558,10.4205,6.9465,7.4289,7.3298,7.3235,6.5968,7.5425,6.9033,7.1691,6.5988,10.7173,7.6174,7.5015,7.2839,6.8423,7.7171,7.257,8.2298,7.6697,6.9338,9.3681,7.2168,6.7897,8.9677,11.1213,7.7521,7.6559,6.9118,8.5701,8.0541,7.7049,7.8423,9.4138,12.004,8.9619,7.501,7.4445,8.5592,7.4929,7.7075,7.9058,8.791,8.7676,8.3007,7.6321,8.033,10.2395,7.8599,8.7792,8.8671,8.2786,7.6537,7.9128,9.5903,8.2148,8.3286,9.5425,8.999,8.4775,9.0377,8.6926,8.7256,8.7234,8.6174,9.0403,10.6034,9.9525,8.927,9.0659,9.1858,10.4501,10.5174,11.2946,11.3627,11.3938,10.1011,9.6135,9.7064,10.08,12.009,10.3672,9.99,11.9705,11.3971,9.9418,11.3384,10.2675,10.1575,12.2658,11.679,12.5848,11.9697,12.5501,10.4606,11.808,11.7239,10.7027,10.2483,11.7491,11.1243,11.5997,12.939,11.325,12.0511,11.4409,11.8882,12.9409,14.2107,20.4663,21.1962,6.7056,6.946,6.7548,6.8453,8.1535,8.3145,8.3068,6.8374,7.0379,7.1884,6.9912,7.0887,6.0768,6.3167,6.5428,6.2761,6.4465,6.5666,7.4543,7.9148,7.4005,7.8718,7.9836,7.0471,7.4168,7.5469,6.7392,6.8873,7.7064,7.2274,6.7227,5.3743,4.6957,5.2971,6.139,5.2104,4.6462,5.1046,4.8427,4.6256,3.6367,5.4454,4.5499,5.919,4.9734,4.7012,5.3311,4.4359,5.0948,2.1743,3.4985,3.0073,3.58,6.4781,7.0433,1.7788,4.7499,5.9335,4.9185,4.8291,4.7754,4.4418,2.8723,3.0464,5.9497,4.6886,4.9602,2.8242,3.3937,3.6043,3.0969,4.7583,5.6489,4.2422,5.0766,4.5758,5.5728,1.5149,0.9522,4.241,4.1398,4.8318,5.3856,3.381,2.975,2.3532,2.4715,2.4794,2.1546,1.951,1.6914,1.5414,0.7743,1.1499,0.8956,1.3247,0.4579,0.5092,0.2948,0.6641,1.0453,1.5337,1.2987,1.2044,0.0,2.4994,5.3689,5.3089
JC145,8.949,8.7196,8.9424,9.1878,7.9961,9.7221,10.0975,6.6223,6.989,6.9014,6.8448,6.1074,6.9923,6.2942,6.5268,5.9969,9.991,6.8801,6.8339,6.5627,6.1079,6.9338,6.4647,7.4369,6.8217,6.093,8.5792,6.349,5.894,8.1415,10.2743,6.7948,6.7209,5.9266,7.5931,7.042,6.6903,6.8085,8.4021,11.0502,7.9253,6.3964,6.3794,7.4759,6.3509,6.5937,6.739,7.6833,7.6155,7.1116,6.4339,6.8501,9.1311,6.6125,7.5493,7.6704,7.0162,6.3236,6.5637,8.2572,6.7534,6.81,8.0644,7.4572,6.8351,7.4058,7.0724,7.088,7.0032,6.9082,7.334,9.0235,8.3282,7.1096,7.3,7.3991,8.7438,8.8022,9.6519,9.6785,9.7057,8.3201,7.7754,7.826,8.2466,10.3419,8.5603,8.0808,10.2713,9.6396,8.0074,9.5323,8.356,8.229,10.5145,9.8982,10.8656,10.1858,10.8008,8.484,9.9527,9.8747,8.7157,8.2322,9.8442,9.1953,9.6742,11.1476,9.3728,10.1049,9.4022,9.8545,10.8924,12.2581,18.3019,18.8861,4.9381,5.1767,4.9372,5.0695,6.1099,6.2267,6.1716,4.839,4.9986,5.1417,4.8678,4.9325,4.1122,4.351,4.5822,4.2136,4.5674,4.475,5.3635,5.8493,5.2391,5.7392,5.8038,5.075,5.4951,5.548,4.8454,5.0987,5.5421,5.3577,4.922,4.503,3.5813,4.0387,4.599,3.5692,3.7291,3.9858,2.6528,2.5989,1.8432,3.3103,2.9846,3.6825,3.4228,3.3424,3.3119,3.2461,4.2948,0.4675,2.8182,0.698,1.5886,4.3183,4.849,1.3502,2.3694,4.4367,4.1381,3.3746,3.1586,3.0335,1.2758,2.1675,3.5908,3.0301,3.6304,1.8403,1.2494,1.3976,1.2224,3.7191,4.2612,2.9613,4.1394,2.3629,3.5979,1.4906,1.7196,2.0703,3.1445,3.6246,4.3954,2.5324,2.3101,1.8494,1.62,1.1731,0.9191,1.7257,0.8099,2.0838,1.7263,1.4012,2.4732,2.6169,2.2804,2.2157,2.6387,2.8144,3.2573,3.3495,1.3322,1.6747,2.4994,0.0,4.168,4.1452
JC148,5.5294,5.2092,5.3704,5.5805,4.4268,5.8438,6.1378,2.9373,3.125,3.0592,2.9595,2.3213,3.0277,2.3495,2.5276,2.1029,5.8434,2.7909,2.7911,2.5014,2.0737,2.8186,2.3652,3.3034,2.6832,1.9865,4.4293,2.2171,1.7688,3.9875,6.1076,2.63,2.5602,1.767,3.4251,2.8742,2.5223,2.6413,4.2383,6.8866,3.7628,2.2362,2.213,3.3195,2.2001,2.4375,2.6016,3.5346,3.481,2.9879,2.3068,2.7207,4.9923,2.515,3.4507,3.5556,2.9323,2.2865,2.5448,4.2327,2.855,2.9853,4.1768,3.6535,3.2027,3.7362,3.3938,3.4376,3.5053,3.3943,3.7948,5.2536,4.6277,3.8068,3.8768,4.0131,5.1635,5.2355,5.9615,6.0484,6.0811,4.8838,4.4784,4.6205,4.9176,6.6798,5.166,4.9279,6.6571,6.1282,4.9196,6.1098,5.1942,5.114,6.9792,6.4224,7.2756,6.7105,7.2587,5.474,6.6145,6.5264,5.72,5.3424,6.611,6.037,6.4914,7.6709,6.2618,6.9551,6.5083,6.9273,7.9669,9.0728,15.5529,16.6265,1.8259,2.0057,1.9637,1.9426,3.5403,3.7835,3.9071,2.454,2.6945,2.8158,2.9154,3.0831,1.975,2.0782,2.1794,2.3435,1.9154,2.572,3.1266,3.4038,3.306,3.5578,3.7897,2.5221,2.6728,2.9506,2.126,1.9984,3.5327,2.4168,1.9058,0.7211,0.6732,0.1612,1.0199,1.0455,0.8187,0.2867,2.5349,2.1492,2.3601,2.3532,1.2669,2.8079,0.946,0.834,1.9983,0.9605,0.8275,3.9739,1.8969,3.5601,2.679,2.7523,3.1859,3.7087,3.214,0.8142,0.8827,0.864,1.1967,1.1408,2.9264,2.3401,3.3479,1.3317,0.5563,2.6151,3.0454,3.0196,2.9482,0.6353,0.4625,1.2193,0.5682,2.6488,1.8835,3.9282,4.49,2.6379,1.2299,0.5576,0.4671,1.9883,2.3939,3.0261,2.976,3.1936,3.6002,3.4307,4.3987,3.846,4.9231,4.925,4.6082,4.2914,4.9158,5.4792,5.2583,5.1025,5.2886,4.8222,4.298,4.2047,5.3689,4.168,0.0,0.0901
JC149,5.4842,5.1673,5.3319,5.5441,4.3856,5.8245,6.1256,2.8962,3.098,3.03,2.9335,2.2832,3.0096,2.3262,2.5114,2.0727,5.8564,2.7887,2.7816,2.4937,2.06,2.8215,2.3638,3.3112,2.6916,1.9853,4.4425,2.2228,1.7714,4.0019,6.1292,2.6497,2.577,1.7827,3.4503,2.9007,2.5475,2.6691,4.2683,6.916,3.794,2.2704,2.2425,3.3539,2.2385,2.4731,2.643,3.5714,3.5215,3.0315,2.3515,2.7638,5.0303,2.5645,3.4977,3.5999,2.9826,2.3448,2.6039,4.2869,2.9223,3.0563,4.2411,3.7234,3.2807,3.8115,3.4697,3.5143,3.5863,3.4752,3.8739,5.3219,4.6998,3.8911,3.9586,4.0955,5.2388,5.3111,6.0319,6.1208,6.1538,4.9634,4.5616,4.7049,4.9995,6.7505,5.2461,5.0127,6.7294,6.2041,5.0053,6.188,5.2785,5.1991,7.0535,6.4989,7.348,6.7868,7.3326,5.56,6.694,6.6059,5.8059,5.4298,6.6926,6.1204,6.5739,7.7462,6.3457,7.0378,6.5947,7.013,8.0519,9.1533,15.6374,16.7147,1.916,2.0957,2.0535,2.0327,3.6304,3.8735,3.9968,2.541,2.7818,2.9038,3.0,3.1674,2.053,2.1605,2.2648,2.4216,2.0022,2.6534,3.2148,3.4936,3.3923,3.6467,3.878,2.6109,2.7629,3.0404,2.2147,2.0884,3.6203,2.5069,1.9957,0.6531,0.6162,0.2106,1.1098,1.098,0.736,0.2092,2.5704,2.1764,2.3481,2.4087,1.2737,2.872,0.9784,0.8263,2.0527,0.9193,0.7426,3.9421,1.829,3.5453,2.6714,2.8297,3.2684,3.6593,3.2447,0.9042,0.7934,0.8774,1.2194,1.1284,2.8967,2.2873,3.4071,1.3516,0.5614,2.5678,3.0366,3.0172,2.9278,0.5617,0.552,1.1882,0.4793,2.6755,1.9474,3.8756,4.4353,2.6535,1.1692,0.5224,0.4042,1.9302,2.3341,2.9704,2.9276,3.1558,3.5617,3.3746,4.3604,3.7827,4.8719,4.8803,4.5422,4.2215,4.855,5.4257,5.1949,5.0351,5.2166,4.7458,4.2492,4.1494,5.3089,4.1452,0.0901,0.0
